2026-05-09 12:50:27 | 读取PLC | 机台 | 用户ID:1
请求参数:
{
  "主机料温过低": {
    "address": "V4551.2",
    "value": false,
    "unit": "",
    "type": "Bool"
  },
  "主机料温过高": {
    "address": "V4551.1",
    "value": false,
    "unit": "",
    "type": "Bool"
  },
  "主机调速故障": {
    "address": "V4551.4",
    "value": false,
    "unit": "",
    "type": "Bool"
  },
  "主机过电流": {
    "address": "V4551.7",
    "value": false,
    "unit": "",
    "type": "Bool"
  },
  "主机料筒冷却风机故障": {
    "address": "V4550.4",
    "value": false,
    "unit": "",
    "type": "Bool"
  },
  "喂料调速器故障": {
    "address": "V4553.0",
    "value": false,
    "unit": "",
    "type": "Bool"
  },
  "喂料过电流": {
    "address": "V4553.1",
    "value": false,
    "unit": "",
    "type": "Bool"
  },
  "螺杆异位报警": {
    "address": "V4551.3",
    "value": false,
    "unit": "",
    "type": "Bool"
  },
  "主机急停未松开": {
    "address": "V4551.0",
    "value": false,
    "unit": "",
    "type": "Bool"
  },
  "35A调速故障": {
    "address": "V4550.1",
    "value": false,
    "unit": "",
    "type": "Bool"
  },
  "35A过电流": {
    "address": "V4550.7",
    "value": false,
    "unit": "",
    "type": "Bool"
  },
  "35A料筒冷却风机故障": {
    "address": "V4550.6",
    "value": false,
    "unit": "",
    "type": "Bool"
  },
  "35B调速故障": {
    "address": "V4550.5",
    "value": false,
    "unit": "",
    "type": "Bool"
  },
  "35B过电流": {
    "address": "V4550.0",
    "value": false,
    "unit": "",
    "type": "Bool"
  },
  "35B料筒冷却风机故障": {
    "address": "V4553.2",
    "value": false,
    "unit": "",
    "type": "Bool"
  },
  "主机转速设定值": {
    "address": "VD208",
    "value": 3.0,
    "unit": "RPM",
    "type": "Real"
  },
  "主机转速实际值": {
    "address": "VD232",
    "value": 0.0,
    "unit": "RPM",
    "type": "Real"
  },
  "主机电流负载占比": {
    "address": "VD3300",
    "value": false,
    "unit": "%",
    "type": "Bool"
  },
  "主机电流值": {
    "address": "VD256",
    "value": 0.0,
    "unit": "A",
    "type": "Real"
  },
  "喂料转速设定值": {
    "address": "VD32",
    "value": 6.000001907348633,
    "unit": "RPM",
    "type": "Real"
  },
  "喂料转速实际值": {
    "address": "VD244",
    "value": 0.0,
    "unit": "RPM",
    "type": "Real"
  },
  "喂料电流负载占比": {
    "address": "VD3304",
    "value": 0.0,
    "unit": "%",
    "type": "Real"
  },
  "喂料电流值": {
    "address": "VD260",
    "value": 0.0,
    "unit": "A",
    "type": "Real"
  },
  "65机筒1区设定值": {
    "address": "VW102",
    "value": 180,
    "unit": "℃",
    "type": "Int"
  },
  "65机筒1区实际值": {
    "address": "VW302",
    "value": 179,
    "unit": "℃",
    "type": "Int"
  },
  "65机筒2区设定值": {
    "address": "VW104",
    "value": 185,
    "unit": "℃",
    "type": "Int"
  },
  "65机筒2区实际值": {
    "address": "VW304",
    "value": 183,
    "unit": "℃",
    "type": "Int"
  },
  "65机筒3区设定值": {
    "address": "VW106",
    "value": 140,
    "unit": "℃",
    "type": "Int"
  },
  "65机筒3区实际值": {
    "address": "VW306",
    "value": 138,
    "unit": "℃",
    "type": "Int"
  },
  "65机筒4区设定值": {
    "address": "VW108",
    "value": 135,
    "unit": "℃",
    "type": "Int"
  },
  "65机筒4区实际值": {
    "address": "VW308",
    "value": 133,
    "unit": "℃",
    "type": "Int"
  },
  "65机合流芯设定值": {
    "address": "VW154",
    "value": 140,
    "unit": "℃",
    "type": "Int"
  },
  "65机合流芯实际值": {
    "address": "VW354",
    "value": 136,
    "unit": "℃",
    "type": "Int"
  },
  "芯层模具上设定值": {
    "address": "VW1130",
    "value": 135,
    "unit": "℃",
    "type": "Int"
  },
  "芯层模具上实际值": {
    "address": "VW330",
    "value": 141,
    "unit": "℃",
    "type": "Int"
  },
  "芯层模具下设定值": {
    "address": "VW1132",
    "value": 135,
    "unit": "℃",
    "type": "Int"
  },
  "芯层模具下实际值": {
    "address": "VW332",
    "value": 142,
    "unit": "℃",
    "type": "Int"
  },
  "芯层模具左设定值": {
    "address": "VW1134",
    "value": 130,
    "unit": "℃",
    "type": "Int"
  },
  "芯层模具左实际值": {
    "address": "VW334",
    "value": 137,
    "unit": "℃",
    "type": "Int"
  },
  "芯层模具右设定值": {
    "address": "VW1136",
    "value": 140,
    "unit": "℃",
    "type": "Int"
  },
  "芯层模具右实际值": {
    "address": "VW336",
    "value": 139,
    "unit": "℃",
    "type": "Int"
  },
  "外层模具上设定值": {
    "address": "VW1138",
    "value": 190,
    "unit": "℃",
    "type": "Int"
  },
  "外层模具上实际值": {
    "address": "VW338",
    "value": 188,
    "unit": "℃",
    "type": "Int"
  },
  "外层模具下设定值": {
    "address": "VW1140",
    "value": 180,
    "unit": "℃",
    "type": "Int"
  },
  "外层模具下实际值": {
    "address": "VW340",
    "value": 180,
    "unit": "℃",
    "type": "Int"
  },
  "外层模具左设定值": {
    "address": "VW1142",
    "value": 180,
    "unit": "℃",
    "type": "Int"
  },
  "外层模具左实际值": {
    "address": "VW342",
    "value": 180,
    "unit": "",
    "type": "Int"
  },
  "外层模具石设定值": {
    "address": "VW344",
    "value": 182,
    "unit": "℃",
    "type": "Int"
  },
  "外层模具石实际值": {
    "address": "VW344",
    "value": 182,
    "unit": "℃",
    "type": "Int"
  },
  "A组合流芯设定值": {
    "address": "VW346",
    "value": 196,
    "unit": "℃",
    "type": "Int"
  },
  "A组合流芯实际值": {
    "address": "VW346",
    "value": 196,
    "unit": "℃",
    "type": "Int"
  },
  "A组转接模设定值": {
    "address": "VW348",
    "value": 200,
    "unit": "℃",
    "type": "Int"
  },
  "A组转接模实际值": {
    "address": "VW348",
    "value": 200,
    "unit": "℃",
    "type": "Int"
  },
  "A组连接管设定值": {
    "address": "VW350",
    "value": 77,
    "unit": "℃",
    "type": "Int"
  },
  "A组连接管实际值": {
    "address": "VW350",
    "value": 77,
    "unit": "℃",
    "type": "Int"
  },
  "B组合流芯设定值": {
    "address": "VW352",
    "value": 152,
    "unit": "℃",
    "type": "Int"
  },
  "B组合流芯实际值": {
    "address": "VW352",
    "value": 152,
    "unit": "℃",
    "type": "Int"
  },
  "B组转接模设定值": {
    "address": "VW362",
    "value": 149,
    "unit": "℃",
    "type": "Int"
  },
  "B组转接模实际值": {
    "address": "VW362",
    "value": 149,
    "unit": "℃",
    "type": "Int"
  },
  "B组连接管设定值": {
    "address": "VW364",
    "value": 215,
    "unit": "℃",
    "type": "Int"
  },
  "B组连接管实际值": {
    "address": "VW364",
    "value": 215,
    "unit": "℃",
    "type": "Int"
  },
  "35A转速设定值": {
    "address": "VD508",
    "value": 0.0,
    "unit": "RPM",
    "type": "Real"
  },
  "35A转速实际值": {
    "address": "VD532",
    "value": 0.0,
    "unit": "RPM",
    "type": "Real"
  },
  "35A电流设定值": {
    "address": "VD2300",
    "value": 0.0,
    "unit": "%",
    "type": "Real"
  },
  "35A电流实际值": {
    "address": "VD556",
    "value": 0.0,
    "unit": "A",
    "type": "Real"
  },
  "35B转速设定值": {
    "address": "VD212",
    "value": 0.0,
    "unit": "RPM",
    "type": "Real"
  },
  "35B转速实际值": {
    "address": "VD236",
    "value": 0.0,
    "unit": "RPM",
    "type": "Real"
  },
  "35B电流设定值": {
    "address": "VD3308",
    "value": 0.0,
    "unit": "%",
    "type": "Real"
  },
  "35B电流实际值": {
    "address": "VD264",
    "value": 0.0,
    "unit": "A",
    "type": "Real"
  },
  "A组35机1区设定值": {
    "address": "VW116",
    "value": 145,
    "unit": "℃",
    "type": "Int"
  },
  "A组35机1区实际值": {
    "address": "VW118",
    "value": 200,
    "unit": "℃",
    "type": "Int"
  },
  "A组35机2区设定值": {
    "address": "VW316",
    "value": 144,
    "unit": "℃",
    "type": "Int"
  },
  "A组35机2区实际值": {
    "address": "VW318",
    "value": 198,
    "unit": "℃",
    "type": "Int"
  },
  "A组35机3区设定值": {
    "address": "VW368",
    "value": 195,
    "unit": "℃",
    "type": "Int"
  },
  "A组35机3区实际值": {
    "address": "VW370",
    "value": 143,
    "unit": "℃",
    "type": "Int"
  },
  "B组35机1区设定值": {
    "address": "VW118",
    "value": 200,
    "unit": "℃",
    "type": "Int"
  },
  "B组35机1区实际值": {
    "address": "VW370",
    "value": 143,
    "unit": "℃",
    "type": "Int"
  },
  "B组35机2区设定值": {
    "address": "VW120",
    "value": 155,
    "unit": "℃",
    "type": "Int"
  },
  "B组35机2区实际值": {
    "address": "VW322",
    "value": 154,
    "unit": "℃",
    "type": "Int"
  },
  "B组35机3区设定值": {
    "address": "VW112",
    "value": 150,
    "unit": "℃",
    "type": "Int"
  },
  "B组35机3区实际值": {
    "address": "VW312",
    "value": 148,
    "unit": "℃",
    "type": "Int"
  },
  "A组备用1设定值": {
    "address": "VW160",
    "value": 0,
    "unit": "℃",
    "type": "Int"
  },
  "A组备用1实际值": {
    "address": "VW312",
    "value": 148,
    "unit": "℃",
    "type": "Int"
  },
  "A组备用2设定值": {
    "address": "VW166",
    "value": 0,
    "unit": "℃",
    "type": "Int"
  },
  "A组备用2实际值": {
    "address": "VW366",
    "value": 3276,
    "unit": "℃",
    "type": "Int"
  },
  "B组备用1设定值": {
    "address": "VW156",
    "value": 0,
    "unit": "℃",
    "type": "Int"
  },
  "B组备用1实际值": {
    "address": "VW356",
    "value": 3276,
    "unit": "℃",
    "type": "Int"
  },
  "B组备用2设定值": {
    "address": "VW158",
    "value": 0,
    "unit": "℃",
    "type": "Int"
  },
  "B组备用2实际值": {
    "address": "VW358",
    "value": 3276,
    "unit": "℃",
    "type": "Int"
  },
  "25B调速故障": {
    "address": "V4550.7",
    "value": false,
    "unit": "",
    "type": "Bool"
  },
  "25B料筒冷却风机故障": {
    "address": "V4550.4",
    "value": false,
    "unit": "",
    "type": "Bool"
  },
  "25A调速故障": {
    "address": "V4551.4",
    "value": false,
    "unit": "",
    "type": "Bool"
  },
  "25A料筒冷却风机故障": {
    "address": "V4550.6",
    "value": false,
    "unit": "",
    "type": "Bool"
  },
  "25A过电流": {
    "address": "V4551.7",
    "value": false,
    "unit": "",
    "type": "Bool"
  },
  "25B转速设定值": {
    "address": "VD212",
    "value": 0.0,
    "unit": "RPM",
    "type": "Real"
  },
  "25B转速实际值": {
    "address": "VD532",
    "value": 0.0,
    "unit": "RPM",
    "type": "Real"
  },
  "25B电流设定值": {
    "address": "VD2300",
    "value": 0.0,
    "unit": "%",
    "type": "Real"
  },
  "25B电流实际值": {
    "address": "VD556",
    "value": 0.0,
    "unit": "A",
    "type": "Real"
  },
  "25A转速设定值": {
    "address": "VD208",
    "value": 4.699997901916504,
    "unit": "RPM",
    "type": "Real"
  },
  "25A转速实际值": {
    "address": "VD232",
    "value": 0.0,
    "unit": "RPM",
    "type": "Real"
  },
  "25A电流设定值": {
    "address": "VD3300",
    "value": 0.0,
    "unit": "%",
    "type": "Real"
  },
  "25A电流实际值": {
    "address": "VD256",
    "value": 0.0,
    "unit": "A",
    "type": "Real"
  },
  "B组25机1区设定值": {
    "address": "VW102",
    "value": 145,
    "unit": "℃",
    "type": "Int"
  },
  "B组25机1区实际值": {
    "address": "VW104",
    "value": 235,
    "unit": "℃",
    "type": "Int"
  },
  "B组25机2区设定值": {
    "address": "VW104",
    "value": 235,
    "unit": "℃",
    "type": "Int"
  },
  "B组25机2区实际值": {
    "address": "VW304",
    "value": 233,
    "unit": "℃",
    "type": "Int"
  },
  "B组25机3区设定值": {
    "address": "VW106",
    "value": 235,
    "unit": "℃",
    "type": "Int"
  },
  "B组25机3区实际值": {
    "address": "VW306",
    "value": 230,
    "unit": "℃",
    "type": "Int"
  },
  "A组25机1区设定值": {
    "address": "VW108",
    "value": 145,
    "unit": "℃",
    "type": "Int"
  },
  "A组25机1区实际值": {
    "address": "VW308",
    "value": 39,
    "unit": "℃",
    "type": "Int"
  },
  "A组25机2区设定值": {
    "address": "VW116",
    "value": 170,
    "unit": "℃",
    "type": "Int"
  },
  "A组25机2区实际值": {
    "address": "VW316",
    "value": 41,
    "unit": "℃",
    "type": "Int"
  },
  "A组25机3区设定值": {
    "address": "VW118",
    "value": 170,
    "unit": "℃",
    "type": "Int"
  },
  "A组25机3区实际值": {
    "address": "VW318",
    "value": 42,
    "unit": "℃",
    "type": "Int"
  },
  "25B共挤备用1设定值": {
    "address": "VW130",
    "value": 0,
    "unit": "℃",
    "type": "Int"
  },
  "25B共挤备用1实际值": {
    "address": "VW330",
    "value": 3276,
    "unit": "℃",
    "type": "Int"
  },
  "25B共挤备用2设定值": {
    "address": "VW132",
    "value": 0,
    "unit": "℃",
    "type": "Int"
  },
  "25B共挤备用2实际值": {
    "address": "VW332",
    "value": 3276,
    "unit": "℃",
    "type": "Int"
  },
  "25A共挤备用1设定值": {
    "address": "VW134",
    "value": 0,
    "unit": "℃",
    "type": "Int"
  },
  "25A共挤备用1实际值": {
    "address": "VW334",
    "value": 3276,
    "unit": "℃",
    "type": "Int"
  },
  "25A共挤备用2设定值": {
    "address": "VW136",
    "value": 0,
    "unit": "℃",
    "type": "Int"
  },
  "25A共挤备用2实际值": {
    "address": "VW336",
    "value": 3276,
    "unit": "℃",
    "type": "Int"
  }
}
详情: 机台: 默认挤出机 (ID: 1), 参数数量: 122
返回结果:
{
  "machine": {
    "id": 1,
    "name": "默认挤出机"
  },
  "parameters": {
    "主机料温过低": {
      "address": "V4551.2",
      "value": false,
      "unit": "",
      "type": "Bool",
      "is_readonly": true,
      "slot": 2
    },
    "主机料温过高": {
      "address": "V4551.1",
      "value": false,
      "unit": "",
      "type": "Bool",
      "is_readonly": true,
      "slot": 2
    },
    "主机调速故障": {
      "address": "V4551.4",
      "value": false,
      "unit": "",
      "type": "Bool",
      "is_readonly": true,
      "slot": 2
    },
    "主机过电流": {
      "address": "V4551.7",
      "value": false,
      "unit": "",
      "type": "Bool",
      "is_readonly": true,
      "slot": 2
    },
    "主机料筒冷却风机故障": {
      "address": "V4550.4",
      "value": false,
      "unit": "",
      "type": "Bool",
      "is_readonly": true,
      "slot": 2
    },
    "喂料调速器故障": {
      "address": "V4553.0",
      "value": false,
      "unit": "",
      "type": "Bool",
      "is_readonly": true,
      "slot": 2
    },
    "喂料过电流": {
      "address": "V4553.1",
      "value": false,
      "unit": "",
      "type": "Bool",
      "is_readonly": true,
      "slot": 2
    },
    "螺杆异位报警": {
      "address": "V4551.3",
      "value": false,
      "unit": "",
      "type": "Bool",
      "is_readonly": true,
      "slot": 2
    },
    "主机急停未松开": {
      "address": "V4551.0",
      "value": false,
      "unit": "",
      "type": "Bool",
      "is_readonly": true,
      "slot": 2
    },
    "35A调速故障": {
      "address": "V4550.1",
      "value": false,
      "unit": "",
      "type": "Bool",
      "is_readonly": true,
      "slot": 2
    },
    "35A过电流": {
      "address": "V4550.7",
      "value": false,
      "unit": "",
      "type": "Bool",
      "is_readonly": true,
      "slot": 2
    },
    "35A料筒冷却风机故障": {
      "address": "V4550.6",
      "value": false,
      "unit": "",
      "type": "Bool",
      "is_readonly": true,
      "slot": 2
    },
    "35B调速故障": {
      "address": "V4550.5",
      "value": false,
      "unit": "",
      "type": "Bool",
      "is_readonly": true,
      "slot": 2
    },
    "35B过电流": {
      "address": "V4550.0",
      "value": false,
      "unit": "",
      "type": "Bool",
      "is_readonly": true,
      "slot": 2
    },
    "35B料筒冷却风机故障": {
      "address": "V4553.2",
      "value": false,
      "unit": "",
      "type": "Bool",
      "is_readonly": true,
      "slot": 2
    },
    "主机转速设定值": {
      "address": "VD208",
      "value": 3.0,
      "unit": "RPM",
      "type": "Real",
      "is_readonly": false,
      "slot": 2
    },
    "主机转速实际值": {
      "address": "VD232",
      "value": 0.0,
      "unit": "RPM",
      "type": "Real",
      "is_readonly": true,
      "slot": 2
    },
    "主机电流负载占比": {
      "address": "VD3300",
      "value": false,
      "unit": "%",
      "type": "Bool",
      "is_readonly": true,
      "slot": 2
    },
    "主机电流值": {
      "address": "VD256",
      "value": 0.0,
      "unit": "A",
      "type": "Real",
      "is_readonly": true,
      "slot": 2
    },
    "喂料转速设定值": {
      "address": "VD32",
      "value": 6.000001907348633,
      "unit": "RPM",
      "type": "Real",
      "is_readonly": false,
      "slot": 2
    },
    "喂料转速实际值": {
      "address": "VD244",
      "value": 0.0,
      "unit": "RPM",
      "type": "Real",
      "is_readonly": true,
      "slot": 2
    },
    "喂料电流负载占比": {
      "address": "VD3304",
      "value": 0.0,
      "unit": "%",
      "type": "Real",
      "is_readonly": true,
      "slot": 2
    },
    "喂料电流值": {
      "address": "VD260",
      "value": 0.0,
      "unit": "A",
      "type": "Real",
      "is_readonly": true,
      "slot": 2
    },
    "65机筒1区设定值": {
      "address": "VW102",
      "value": 180,
      "unit": "℃",
      "type": "Int",
      "is_readonly": false,
      "slot": 2
    },
    "65机筒1区实际值": {
      "address": "VW302",
      "value": 179,
      "unit": "℃",
      "type": "Int",
      "is_readonly": true,
      "slot": 2
    },
    "65机筒2区设定值": {
      "address": "VW104",
      "value": 185,
      "unit": "℃",
      "type": "Int",
      "is_readonly": false,
      "slot": 2
    },
    "65机筒2区实际值": {
      "address": "VW304",
      "value": 183,
      "unit": "℃",
      "type": "Int",
      "is_readonly": true,
      "slot": 2
    },
    "65机筒3区设定值": {
      "address": "VW106",
      "value": 140,
      "unit": "℃",
      "type": "Int",
      "is_readonly": false,
      "slot": 2
    },
    "65机筒3区实际值": {
      "address": "VW306",
      "value": 138,
      "unit": "℃",
      "type": "Int",
      "is_readonly": true,
      "slot": 2
    },
    "65机筒4区设定值": {
      "address": "VW108",
      "value": 135,
      "unit": "℃",
      "type": "Int",
      "is_readonly": false,
      "slot": 2
    },
    "65机筒4区实际值": {
      "address": "VW308",
      "value": 133,
      "unit": "℃",
      "type": "Int",
      "is_readonly": true,
      "slot": 2
    },
    "65机合流芯设定值": {
      "address": "VW154",
      "value": 140,
      "unit": "℃",
      "type": "Int",
      "is_readonly": false,
      "slot": 2
    },
    "65机合流芯实际值": {
      "address": "VW354",
      "value": 136,
      "unit": "℃",
      "type": "Int",
      "is_readonly": true,
      "slot": 2
    },
    "芯层模具上设定值": {
      "address": "VW1130",
      "value": 135,
      "unit": "℃",
      "type": "Int",
      "is_readonly": false,
      "slot": 2
    },
    "芯层模具上实际值": {
      "address": "VW330",
      "value": 141,
      "unit": "℃",
      "type": "Int",
      "is_readonly": true,
      "slot": 2
    },
    "芯层模具下设定值": {
      "address": "VW1132",
      "value": 135,
      "unit": "℃",
      "type": "Int",
      "is_readonly": false,
      "slot": 2
    },
    "芯层模具下实际值": {
      "address": "VW332",
      "value": 142,
      "unit": "℃",
      "type": "Int",
      "is_readonly": true,
      "slot": 2
    },
    "芯层模具左设定值": {
      "address": "VW1134",
      "value": 130,
      "unit": "℃",
      "type": "Int",
      "is_readonly": false,
      "slot": 2
    },
    "芯层模具左实际值": {
      "address": "VW334",
      "value": 137,
      "unit": "℃",
      "type": "Int",
      "is_readonly": true,
      "slot": 2
    },
    "芯层模具右设定值": {
      "address": "VW1136",
      "value": 140,
      "unit": "℃",
      "type": "Int",
      "is_readonly": false,
      "slot": 2
    },
    "芯层模具右实际值": {
      "address": "VW336",
      "value": 139,
      "unit": "℃",
      "type": "Int",
      "is_readonly": true,
      "slot": 2
    },
    "外层模具上设定值": {
      "address": "VW1138",
      "value": 190,
      "unit": "℃",
      "type": "Int",
      "is_readonly": false,
      "slot": 2
    },
    "外层模具上实际值": {
      "address": "VW338",
      "value": 188,
      "unit": "℃",
      "type": "Int",
      "is_readonly": true,
      "slot": 2
    },
    "外层模具下设定值": {
      "address": "VW1140",
      "value": 180,
      "unit": "℃",
      "type": "Int",
      "is_readonly": false,
      "slot": 2
    },
    "外层模具下实际值": {
      "address": "VW340",
      "value": 180,
      "unit": "℃",
      "type": "Int",
      "is_readonly": true,
      "slot": 2
    },
    "外层模具左设定值": {
      "address": "VW1142",
      "value": 180,
      "unit": "℃",
      "type": "Int",
      "is_readonly": false,
      "slot": 2
    },
    "外层模具左实际值": {
      "address": "VW342",
      "value": 180,
      "unit": "",
      "type": "Int",
      "is_readonly": true,
      "slot": 2
    },
    "外层模具石设定值": {
      "address": "VW344",
      "value": 182,
      "unit": "℃",
      "type": "Int",
      "is_readonly": false,
      "slot": 2
    },
    "外层模具石实际值": {
      "address": "VW344",
      "value": 182,
      "unit": "℃",
      "type": "Int",
      "is_readonly": true,
      "slot": 2
    },
    "A组合流芯设定值": {
      "address": "VW346",
      "value": 196,
      "unit": "℃",
      "type": "Int",
      "is_readonly": false,
      "slot": 2
    },
    "A组合流芯实际值": {
      "address": "VW346",
      "value": 196,
      "unit": "℃",
      "type": "Int",
      "is_readonly": true,
      "slot": 2
    },
    "A组转接模设定值": {
      "address": "VW348",
      "value": 200,
      "unit": "℃",
      "type": "Int",
      "is_readonly": false,
      "slot": 2
    },
    "A组转接模实际值": {
      "address": "VW348",
      "value": 200,
      "unit": "℃",
      "type": "Int",
      "is_readonly": true,
      "slot": 2
    },
    "A组连接管设定值": {
      "address": "VW350",
      "value": 77,
      "unit": "℃",
      "type": "Int",
      "is_readonly": false,
      "slot": 2
    },
    "A组连接管实际值": {
      "address": "VW350",
      "value": 77,
      "unit": "℃",
      "type": "Int",
      "is_readonly": true,
      "slot": 2
    },
    "B组合流芯设定值": {
      "address": "VW352",
      "value": 152,
      "unit": "℃",
      "type": "Int",
      "is_readonly": false,
      "slot": 2
    },
    "B组合流芯实际值": {
      "address": "VW352",
      "value": 152,
      "unit": "℃",
      "type": "Int",
      "is_readonly": true,
      "slot": 2
    },
    "B组转接模设定值": {
      "address": "VW362",
      "value": 149,
      "unit": "℃",
      "type": "Int",
      "is_readonly": false,
      "slot": 2
    },
    "B组转接模实际值": {
      "address": "VW362",
      "value": 149,
      "unit": "℃",
      "type": "Int",
      "is_readonly": true,
      "slot": 2
    },
    "B组连接管设定值": {
      "address": "VW364",
      "value": 215,
      "unit": "℃",
      "type": "Int",
      "is_readonly": false,
      "slot": 2
    },
    "B组连接管实际值": {
      "address": "VW364",
      "value": 215,
      "unit": "℃",
      "type": "Int",
      "is_readonly": true,
      "slot": 2
    },
    "35A转速设定值": {
      "address": "VD508",
      "value": 0.0,
      "unit": "RPM",
      "type": "Real",
      "is_readonly": false,
      "slot": 2
    },
    "35A转速实际值": {
      "address": "VD532",
      "value": 0.0,
      "unit": "RPM",
      "type": "Real",
      "is_readonly": true,
      "slot": 2
    },
    "35A电流设定值": {
      "address": "VD2300",
      "value": 0.0,
      "unit": "%",
      "type": "Real",
      "is_readonly": false,
      "slot": 2
    },
    "35A电流实际值": {
      "address": "VD556",
      "value": 0.0,
      "unit": "A",
      "type": "Real",
      "is_readonly": true,
      "slot": 2
    },
    "35B转速设定值": {
      "address": "VD212",
      "value": 0.0,
      "unit": "RPM",
      "type": "Real",
      "is_readonly": false,
      "slot": 2
    },
    "35B转速实际值": {
      "address": "VD236",
      "value": 0.0,
      "unit": "RPM",
      "type": "Real",
      "is_readonly": true,
      "slot": 2
    },
    "35B电流设定值": {
      "address": "VD3308",
      "value": 0.0,
      "unit": "%",
      "type": "Real",
      "is_readonly": false,
      "slot": 2
    },
    "35B电流实际值": {
      "address": "VD264",
      "value": 0.0,
      "unit": "A",
      "type": "Real",
      "is_readonly": true,
      "slot": 2
    },
    "A组35机1区设定值": {
      "address": "VW116",
      "value": 145,
      "unit": "℃",
      "type": "Int",
      "is_readonly": false,
      "slot": 2
    },
    "A组35机1区实际值": {
      "address": "VW118",
      "value": 200,
      "unit": "℃",
      "type": "Int",
      "is_readonly": true,
      "slot": 2
    },
    "A组35机2区设定值": {
      "address": "VW316",
      "value": 144,
      "unit": "℃",
      "type": "Int",
      "is_readonly": false,
      "slot": 2
    },
    "A组35机2区实际值": {
      "address": "VW318",
      "value": 198,
      "unit": "℃",
      "type": "Int",
      "is_readonly": true,
      "slot": 2
    },
    "A组35机3区设定值": {
      "address": "VW368",
      "value": 195,
      "unit": "℃",
      "type": "Int",
      "is_readonly": false,
      "slot": 2
    },
    "A组35机3区实际值": {
      "address": "VW370",
      "value": 143,
      "unit": "℃",
      "type": "Int",
      "is_readonly": true,
      "slot": 2
    },
    "B组35机1区设定值": {
      "address": "VW118",
      "value": 200,
      "unit": "℃",
      "type": "Int",
      "is_readonly": false,
      "slot": 2
    },
    "B组35机1区实际值": {
      "address": "VW370",
      "value": 143,
      "unit": "℃",
      "type": "Int",
      "is_readonly": true,
      "slot": 2
    },
    "B组35机2区设定值": {
      "address": "VW120",
      "value": 155,
      "unit": "℃",
      "type": "Int",
      "is_readonly": false,
      "slot": 2
    },
    "B组35机2区实际值": {
      "address": "VW322",
      "value": 154,
      "unit": "℃",
      "type": "Int",
      "is_readonly": true,
      "slot": 2
    },
    "B组35机3区设定值": {
      "address": "VW112",
      "value": 150,
      "unit": "℃",
      "type": "Int",
      "is_readonly": false,
      "slot": 2
    },
    "B组35机3区实际值": {
      "address": "VW312",
      "value": 148,
      "unit": "℃",
      "type": "Int",
      "is_readonly": true,
      "slot": 2
    },
    "A组备用1设定值": {
      "address": "VW160",
      "value": 0,
      "unit": "℃",
      "type": "Int",
      "is_readonly": false,
      "slot": 2
    },
    "A组备用1实际值": {
      "address": "VW312",
      "value": 148,
      "unit": "℃",
      "type": "Int",
      "is_readonly": true,
      "slot": 2
    },
    "A组备用2设定值": {
      "address": "VW166",
      "value": 0,
      "unit": "℃",
      "type": "Int",
      "is_readonly": false,
      "slot": 2
    },
    "A组备用2实际值": {
      "address": "VW366",
      "value": 3276,
      "unit": "℃",
      "type": "Int",
      "is_readonly": true,
      "slot": 2
    },
    "B组备用1设定值": {
      "address": "VW156",
      "value": 0,
      "unit": "℃",
      "type": "Int",
      "is_readonly": false,
      "slot": 2
    },
    "B组备用1实际值": {
      "address": "VW356",
      "value": 3276,
      "unit": "℃",
      "type": "Int",
      "is_readonly": true,
      "slot": 2
    },
    "B组备用2设定值": {
      "address": "VW158",
      "value": 0,
      "unit": "℃",
      "type": "Int",
      "is_readonly": false,
      "slot": 2
    },
    "B组备用2实际值": {
      "address": "VW358",
      "value": 3276,
      "unit": "℃",
      "type": "Int",
      "is_readonly": true,
      "slot": 2
    },
    "25B调速故障": {
      "address": "V4550.7",
      "value": false,
      "unit": "",
      "type": "Bool",
      "is_readonly": true,
      "slot": 3
    },
    "25B料筒冷却风机故障": {
      "address": "V4550.4",
      "value": false,
      "unit": "",
      "type": "Bool",
      "is_readonly": false,
      "slot": 3
    },
    "25A调速故障": {
      "address": "V4551.4",
      "value": false,
      "unit": "",
      "type": "Bool",
      "is_readonly": true,
      "slot": 3
    },
    "25A料筒冷却风机故障": {
      "address": "V4550.6",
      "value": false,
      "unit": "",
      "type": "Bool",
      "is_readonly": true,
      "slot": 3
    },
    "25A过电流": {
      "address": "V4551.7",
      "value": false,
      "unit": "",
      "type": "Bool",
      "is_readonly": false,
      "slot": 3
    },
    "25B转速设定值": {
      "address": "VD212",
      "value": 0.0,
      "unit": "RPM",
      "type": "Real",
      "is_readonly": false,
      "slot": 3
    },
    "25B转速实际值": {
      "address": "VD532",
      "value": 0.0,
      "unit": "RPM",
      "type": "Real",
      "is_readonly": true,
      "slot": 3
    },
    "25B电流设定值": {
      "address": "VD2300",
      "value": 0.0,
      "unit": "%",
      "type": "Real",
      "is_readonly": false,
      "slot": 3
    },
    "25B电流实际值": {
      "address": "VD556",
      "value": 0.0,
      "unit": "A",
      "type": "Real",
      "is_readonly": true,
      "slot": 3
    },
    "25A转速设定值": {
      "address": "VD208",
      "value": 4.699997901916504,
      "unit": "RPM",
      "type": "Real",
      "is_readonly": false,
      "slot": 3
    },
    "25A转速实际值": {
      "address": "VD232",
      "value": 0.0,
      "unit": "RPM",
      "type": "Real",
      "is_readonly": true,
      "slot": 3
    },
    "25A电流设定值": {
      "address": "VD3300",
      "value": 0.0,
      "unit": "%",
      "type": "Real",
      "is_readonly": false,
      "slot": 3
    },
    "25A电流实际值": {
      "address": "VD256",
      "value": 0.0,
      "unit": "A",
      "type": "Real",
      "is_readonly": true,
      "slot": 3
    },
    "B组25机1区设定值": {
      "address": "VW102",
      "value": 145,
      "unit": "℃",
      "type": "Int",
      "is_readonly": false,
      "slot": 3
    },
    "B组25机1区实际值": {
      "address": "VW104",
      "value": 235,
      "unit": "℃",
      "type": "Int",
      "is_readonly": true,
      "slot": 3
    },
    "B组25机2区设定值": {
      "address": "VW104",
      "value": 235,
      "unit": "℃",
      "type": "Int",
      "is_readonly": false,
      "slot": 3
    },
    "B组25机2区实际值": {
      "address": "VW304",
      "value": 233,
      "unit": "℃",
      "type": "Int",
      "is_readonly": true,
      "slot": 3
    },
    "B组25机3区设定值": {
      "address": "VW106",
      "value": 235,
      "unit": "℃",
      "type": "Int",
      "is_readonly": false,
      "slot": 3
    },
    "B组25机3区实际值": {
      "address": "VW306",
      "value": 230,
      "unit": "℃",
      "type": "Int",
      "is_readonly": true,
      "slot": 3
    },
    "A组25机1区设定值": {
      "address": "VW108",
      "value": 145,
      "unit": "℃",
      "type": "Int",
      "is_readonly": false,
      "slot": 3
    },
    "A组25机1区实际值": {
      "address": "VW308",
      "value": 39,
      "unit": "℃",
      "type": "Int",
      "is_readonly": true,
      "slot": 3
    },
    "A组25机2区设定值": {
      "address": "VW116",
      "value": 170,
      "unit": "℃",
      "type": "Int",
      "is_readonly": false,
      "slot": 3
    },
    "A组25机2区实际值": {
      "address": "VW316",
      "value": 41,
      "unit": "℃",
      "type": "Int",
      "is_readonly": true,
      "slot": 3
    },
    "A组25机3区设定值": {
      "address": "VW118",
      "value": 170,
      "unit": "℃",
      "type": "Int",
      "is_readonly": false,
      "slot": 3
    },
    "A组25机3区实际值": {
      "address": "VW318",
      "value": 42,
      "unit": "℃",
      "type": "Int",
      "is_readonly": true,
      "slot": 3
    },
    "25B共挤备用1设定值": {
      "address": "VW130",
      "value": 0,
      "unit": "℃",
      "type": "Int",
      "is_readonly": false,
      "slot": 3
    },
    "25B共挤备用1实际值": {
      "address": "VW330",
      "value": 3276,
      "unit": "℃",
      "type": "Int",
      "is_readonly": true,
      "slot": 3
    },
    "25B共挤备用2设定值": {
      "address": "VW132",
      "value": 0,
      "unit": "℃",
      "type": "Int",
      "is_readonly": false,
      "slot": 3
    },
    "25B共挤备用2实际值": {
      "address": "VW332",
      "value": 3276,
      "unit": "℃",
      "type": "Int",
      "is_readonly": true,
      "slot": 3
    },
    "25A共挤备用1设定值": {
      "address": "VW134",
      "value": 0,
      "unit": "℃",
      "type": "Int",
      "is_readonly": false,
      "slot": 3
    },
    "25A共挤备用1实际值": {
      "address": "VW334",
      "value": 3276,
      "unit": "℃",
      "type": "Int",
      "is_readonly": true,
      "slot": 3
    },
    "25A共挤备用2设定值": {
      "address": "VW136",
      "value": 0,
      "unit": "℃",
      "type": "Int",
      "is_readonly": false,
      "slot": 3
    },
    "25A共挤备用2实际值": {
      "address": "VW336",
      "value": 3276,
      "unit": "℃",
      "type": "Int",
      "is_readonly": true,
      "slot": 3
    }
  }
}
------------------------------------------------------------
2026-05-09 12:58:29 | 读取PLC | 机台 | 用户ID:1
请求参数:
{
  "主机料温过低": {
    "address": "V4551.2",
    "value": false,
    "unit": "",
    "type": "Bool"
  },
  "主机料温过高": {
    "address": "V4551.1",
    "value": false,
    "unit": "",
    "type": "Bool"
  },
  "主机调速故障": {
    "address": "V4551.4",
    "value": false,
    "unit": "",
    "type": "Bool"
  },
  "主机过电流": {
    "address": "V4551.7",
    "value": false,
    "unit": "",
    "type": "Bool"
  },
  "主机料筒冷却风机故障": {
    "address": "V4550.4",
    "value": false,
    "unit": "",
    "type": "Bool"
  },
  "喂料调速器故障": {
    "address": "V4553.0",
    "value": false,
    "unit": "",
    "type": "Bool"
  },
  "喂料过电流": {
    "address": "V4553.1",
    "value": false,
    "unit": "",
    "type": "Bool"
  },
  "螺杆异位报警": {
    "address": "V4551.3",
    "value": false,
    "unit": "",
    "type": "Bool"
  },
  "主机急停未松开": {
    "address": "V4551.0",
    "value": false,
    "unit": "",
    "type": "Bool"
  },
  "35A调速故障": {
    "address": "V4550.1",
    "value": false,
    "unit": "",
    "type": "Bool"
  },
  "35A过电流": {
    "address": "V4550.7",
    "value": false,
    "unit": "",
    "type": "Bool"
  },
  "35A料筒冷却风机故障": {
    "address": "V4550.6",
    "value": false,
    "unit": "",
    "type": "Bool"
  },
  "35B调速故障": {
    "address": "V4550.5",
    "value": false,
    "unit": "",
    "type": "Bool"
  },
  "35B过电流": {
    "address": "V4550.0",
    "value": false,
    "unit": "",
    "type": "Bool"
  },
  "35B料筒冷却风机故障": {
    "address": "V4553.2",
    "value": false,
    "unit": "",
    "type": "Bool"
  },
  "主机转速设定值": {
    "address": "VD208",
    "value": 3.0,
    "unit": "RPM",
    "type": "Real"
  },
  "主机转速实际值": {
    "address": "VD232",
    "value": 0.0,
    "unit": "RPM",
    "type": "Real"
  },
  "主机电流负载占比": {
    "address": "VD3300",
    "value": false,
    "unit": "%",
    "type": "Bool"
  },
  "主机电流值": {
    "address": "VD256",
    "value": 0.0,
    "unit": "A",
    "type": "Real"
  },
  "喂料转速设定值": {
    "address": "VD32",
    "value": 6.000001907348633,
    "unit": "RPM",
    "type": "Real"
  },
  "喂料转速实际值": {
    "address": "VD244",
    "value": 0.0,
    "unit": "RPM",
    "type": "Real"
  },
  "喂料电流负载占比": {
    "address": "VD3304",
    "value": 0.0,
    "unit": "%",
    "type": "Real"
  },
  "喂料电流值": {
    "address": "VD260",
    "value": 0.0,
    "unit": "A",
    "type": "Real"
  },
  "65机筒1区设定值": {
    "address": "VW102",
    "value": 180,
    "unit": "℃",
    "type": "Int"
  },
  "65机筒1区实际值": {
    "address": "VW302",
    "value": 178,
    "unit": "℃",
    "type": "Int"
  },
  "65机筒2区设定值": {
    "address": "VW104",
    "value": 185,
    "unit": "℃",
    "type": "Int"
  },
  "65机筒2区实际值": {
    "address": "VW304",
    "value": 183,
    "unit": "℃",
    "type": "Int"
  },
  "65机筒3区设定值": {
    "address": "VW106",
    "value": 140,
    "unit": "℃",
    "type": "Int"
  },
  "65机筒3区实际值": {
    "address": "VW306",
    "value": 141,
    "unit": "℃",
    "type": "Int"
  },
  "65机筒4区设定值": {
    "address": "VW108",
    "value": 135,
    "unit": "℃",
    "type": "Int"
  },
  "65机筒4区实际值": {
    "address": "VW308",
    "value": 133,
    "unit": "℃",
    "type": "Int"
  },
  "65机合流芯设定值": {
    "address": "VW154",
    "value": 140,
    "unit": "℃",
    "type": "Int"
  },
  "65机合流芯实际值": {
    "address": "VW354",
    "value": 136,
    "unit": "℃",
    "type": "Int"
  },
  "芯层模具上设定值": {
    "address": "VW1130",
    "value": 135,
    "unit": "℃",
    "type": "Int"
  },
  "芯层模具上实际值": {
    "address": "VW330",
    "value": 141,
    "unit": "℃",
    "type": "Int"
  },
  "芯层模具下设定值": {
    "address": "VW1132",
    "value": 135,
    "unit": "℃",
    "type": "Int"
  },
  "芯层模具下实际值": {
    "address": "VW332",
    "value": 142,
    "unit": "℃",
    "type": "Int"
  },
  "芯层模具左设定值": {
    "address": "VW1134",
    "value": 130,
    "unit": "℃",
    "type": "Int"
  },
  "芯层模具左实际值": {
    "address": "VW334",
    "value": 137,
    "unit": "℃",
    "type": "Int"
  },
  "芯层模具右设定值": {
    "address": "VW1136",
    "value": 140,
    "unit": "℃",
    "type": "Int"
  },
  "芯层模具右实际值": {
    "address": "VW336",
    "value": 139,
    "unit": "℃",
    "type": "Int"
  },
  "外层模具上设定值": {
    "address": "VW1138",
    "value": 190,
    "unit": "℃",
    "type": "Int"
  },
  "外层模具上实际值": {
    "address": "VW338",
    "value": 192,
    "unit": "℃",
    "type": "Int"
  },
  "外层模具下设定值": {
    "address": "VW1140",
    "value": 180,
    "unit": "℃",
    "type": "Int"
  },
  "外层模具下实际值": {
    "address": "VW340",
    "value": 183,
    "unit": "℃",
    "type": "Int"
  },
  "外层模具左设定值": {
    "address": "VW1142",
    "value": 180,
    "unit": "℃",
    "type": "Int"
  },
  "外层模具左实际值": {
    "address": "VW342",
    "value": 183,
    "unit": "",
    "type": "Int"
  },
  "外层模具石设定值": {
    "address": "VW344",
    "value": 182,
    "unit": "℃",
    "type": "Int"
  },
  "外层模具石实际值": {
    "address": "VW344",
    "value": 182,
    "unit": "℃",
    "type": "Int"
  },
  "A组合流芯设定值": {
    "address": "VW346",
    "value": 193,
    "unit": "℃",
    "type": "Int"
  },
  "A组合流芯实际值": {
    "address": "VW346",
    "value": 193,
    "unit": "℃",
    "type": "Int"
  },
  "A组转接模设定值": {
    "address": "VW348",
    "value": 200,
    "unit": "℃",
    "type": "Int"
  },
  "A组转接模实际值": {
    "address": "VW348",
    "value": 200,
    "unit": "℃",
    "type": "Int"
  },
  "A组连接管设定值": {
    "address": "VW350",
    "value": 73,
    "unit": "℃",
    "type": "Int"
  },
  "A组连接管实际值": {
    "address": "VW350",
    "value": 73,
    "unit": "℃",
    "type": "Int"
  },
  "B组合流芯设定值": {
    "address": "VW352",
    "value": 149,
    "unit": "℃",
    "type": "Int"
  },
  "B组合流芯实际值": {
    "address": "VW352",
    "value": 149,
    "unit": "℃",
    "type": "Int"
  },
  "B组转接模设定值": {
    "address": "VW362",
    "value": 156,
    "unit": "℃",
    "type": "Int"
  },
  "B组转接模实际值": {
    "address": "VW362",
    "value": 156,
    "unit": "℃",
    "type": "Int"
  },
  "B组连接管设定值": {
    "address": "VW364",
    "value": 213,
    "unit": "℃",
    "type": "Int"
  },
  "B组连接管实际值": {
    "address": "VW364",
    "value": 213,
    "unit": "℃",
    "type": "Int"
  },
  "35A转速设定值": {
    "address": "VD508",
    "value": 0.0,
    "unit": "RPM",
    "type": "Real"
  },
  "35A转速实际值": {
    "address": "VD532",
    "value": 0.0,
    "unit": "RPM",
    "type": "Real"
  },
  "35A电流设定值": {
    "address": "VD2300",
    "value": 0.0,
    "unit": "%",
    "type": "Real"
  },
  "35A电流实际值": {
    "address": "VD556",
    "value": 0.0,
    "unit": "A",
    "type": "Real"
  },
  "35B转速设定值": {
    "address": "VD212",
    "value": 0.0,
    "unit": "RPM",
    "type": "Real"
  },
  "35B转速实际值": {
    "address": "VD236",
    "value": 0.0,
    "unit": "RPM",
    "type": "Real"
  },
  "35B电流设定值": {
    "address": "VD3308",
    "value": 0.0,
    "unit": "%",
    "type": "Real"
  },
  "35B电流实际值": {
    "address": "VD264",
    "value": 0.0,
    "unit": "A",
    "type": "Real"
  },
  "A组35机1区设定值": {
    "address": "VW116",
    "value": 145,
    "unit": "℃",
    "type": "Int"
  },
  "A组35机1区实际值": {
    "address": "VW118",
    "value": 200,
    "unit": "℃",
    "type": "Int"
  },
  "A组35机2区设定值": {
    "address": "VW316",
    "value": 144,
    "unit": "℃",
    "type": "Int"
  },
  "A组35机2区实际值": {
    "address": "VW318",
    "value": 199,
    "unit": "℃",
    "type": "Int"
  },
  "A组35机3区设定值": {
    "address": "VW368",
    "value": 195,
    "unit": "℃",
    "type": "Int"
  },
  "A组35机3区实际值": {
    "address": "VW370",
    "value": 144,
    "unit": "℃",
    "type": "Int"
  },
  "B组35机1区设定值": {
    "address": "VW118",
    "value": 200,
    "unit": "℃",
    "type": "Int"
  },
  "B组35机1区实际值": {
    "address": "VW370",
    "value": 144,
    "unit": "℃",
    "type": "Int"
  },
  "B组35机2区设定值": {
    "address": "VW120",
    "value": 155,
    "unit": "℃",
    "type": "Int"
  },
  "B组35机2区实际值": {
    "address": "VW322",
    "value": 154,
    "unit": "℃",
    "type": "Int"
  },
  "B组35机3区设定值": {
    "address": "VW112",
    "value": 150,
    "unit": "℃",
    "type": "Int"
  },
  "B组35机3区实际值": {
    "address": "VW312",
    "value": 148,
    "unit": "℃",
    "type": "Int"
  },
  "A组备用1设定值": {
    "address": "VW160",
    "value": 0,
    "unit": "℃",
    "type": "Int"
  },
  "A组备用1实际值": {
    "address": "VW312",
    "value": 148,
    "unit": "℃",
    "type": "Int"
  },
  "A组备用2设定值": {
    "address": "VW166",
    "value": 0,
    "unit": "℃",
    "type": "Int"
  },
  "A组备用2实际值": {
    "address": "VW366",
    "value": 3276,
    "unit": "℃",
    "type": "Int"
  },
  "B组备用1设定值": {
    "address": "VW156",
    "value": 0,
    "unit": "℃",
    "type": "Int"
  },
  "B组备用1实际值": {
    "address": "VW356",
    "value": 3276,
    "unit": "℃",
    "type": "Int"
  },
  "B组备用2设定值": {
    "address": "VW158",
    "value": 0,
    "unit": "℃",
    "type": "Int"
  },
  "B组备用2实际值": {
    "address": "VW358",
    "value": 3276,
    "unit": "℃",
    "type": "Int"
  },
  "25B调速故障": {
    "address": "V4550.7",
    "value": false,
    "unit": "",
    "type": "Bool"
  },
  "25B料筒冷却风机故障": {
    "address": "V4550.4",
    "value": false,
    "unit": "",
    "type": "Bool"
  },
  "25A调速故障": {
    "address": "V4551.4",
    "value": false,
    "unit": "",
    "type": "Bool"
  },
  "25A料筒冷却风机故障": {
    "address": "V4550.6",
    "value": false,
    "unit": "",
    "type": "Bool"
  },
  "25A过电流": {
    "address": "V4551.7",
    "value": false,
    "unit": "",
    "type": "Bool"
  },
  "25B转速设定值": {
    "address": "VD212",
    "value": 0.0,
    "unit": "RPM",
    "type": "Real"
  },
  "25B转速实际值": {
    "address": "VD532",
    "value": 0.0,
    "unit": "RPM",
    "type": "Real"
  },
  "25B电流设定值": {
    "address": "VD2300",
    "value": 0.0,
    "unit": "%",
    "type": "Real"
  },
  "25B电流实际值": {
    "address": "VD556",
    "value": 0.0,
    "unit": "A",
    "type": "Real"
  },
  "25A转速设定值": {
    "address": "VD208",
    "value": 4.699997901916504,
    "unit": "RPM",
    "type": "Real"
  },
  "25A转速实际值": {
    "address": "VD232",
    "value": 0.0,
    "unit": "RPM",
    "type": "Real"
  },
  "25A电流设定值": {
    "address": "VD3300",
    "value": 0.0,
    "unit": "%",
    "type": "Real"
  },
  "25A电流实际值": {
    "address": "VD256",
    "value": 0.0,
    "unit": "A",
    "type": "Real"
  },
  "B组25机1区设定值": {
    "address": "VW102",
    "value": 145,
    "unit": "℃",
    "type": "Int"
  },
  "B组25机1区实际值": {
    "address": "VW104",
    "value": 235,
    "unit": "℃",
    "type": "Int"
  },
  "B组25机2区设定值": {
    "address": "VW104",
    "value": 235,
    "unit": "℃",
    "type": "Int"
  },
  "B组25机2区实际值": {
    "address": "VW304",
    "value": 232,
    "unit": "℃",
    "type": "Int"
  },
  "B组25机3区设定值": {
    "address": "VW106",
    "value": 235,
    "unit": "℃",
    "type": "Int"
  },
  "B组25机3区实际值": {
    "address": "VW306",
    "value": 229,
    "unit": "℃",
    "type": "Int"
  },
  "A组25机1区设定值": {
    "address": "VW108",
    "value": 145,
    "unit": "℃",
    "type": "Int"
  },
  "A组25机1区实际值": {
    "address": "VW308",
    "value": 39,
    "unit": "℃",
    "type": "Int"
  },
  "A组25机2区设定值": {
    "address": "VW116",
    "value": 170,
    "unit": "℃",
    "type": "Int"
  },
  "A组25机2区实际值": {
    "address": "VW316",
    "value": 40,
    "unit": "℃",
    "type": "Int"
  },
  "A组25机3区设定值": {
    "address": "VW118",
    "value": 170,
    "unit": "℃",
    "type": "Int"
  },
  "A组25机3区实际值": {
    "address": "VW318",
    "value": 41,
    "unit": "℃",
    "type": "Int"
  },
  "25B共挤备用1设定值": {
    "address": "VW130",
    "value": 0,
    "unit": "℃",
    "type": "Int"
  },
  "25B共挤备用1实际值": {
    "address": "VW330",
    "value": 3276,
    "unit": "℃",
    "type": "Int"
  },
  "25B共挤备用2设定值": {
    "address": "VW132",
    "value": 0,
    "unit": "℃",
    "type": "Int"
  },
  "25B共挤备用2实际值": {
    "address": "VW332",
    "value": 3276,
    "unit": "℃",
    "type": "Int"
  },
  "25A共挤备用1设定值": {
    "address": "VW134",
    "value": 0,
    "unit": "℃",
    "type": "Int"
  },
  "25A共挤备用1实际值": {
    "address": "VW334",
    "value": 3276,
    "unit": "℃",
    "type": "Int"
  },
  "25A共挤备用2设定值": {
    "address": "VW136",
    "value": 0,
    "unit": "℃",
    "type": "Int"
  },
  "25A共挤备用2实际值": {
    "address": "VW336",
    "value": 3276,
    "unit": "℃",
    "type": "Int"
  }
}
详情: 机台: 默认挤出机 (ID: 1), 参数数量: 122
返回结果:
{
  "machine": {
    "id": 1,
    "name": "默认挤出机"
  },
  "parameters": {
    "主机料温过低": {
      "address": "V4551.2",
      "value": false,
      "unit": "",
      "type": "Bool",
      "is_readonly": true,
      "slot": 2
    },
    "主机料温过高": {
      "address": "V4551.1",
      "value": false,
      "unit": "",
      "type": "Bool",
      "is_readonly": true,
      "slot": 2
    },
    "主机调速故障": {
      "address": "V4551.4",
      "value": false,
      "unit": "",
      "type": "Bool",
      "is_readonly": true,
      "slot": 2
    },
    "主机过电流": {
      "address": "V4551.7",
      "value": false,
      "unit": "",
      "type": "Bool",
      "is_readonly": true,
      "slot": 2
    },
    "主机料筒冷却风机故障": {
      "address": "V4550.4",
      "value": false,
      "unit": "",
      "type": "Bool",
      "is_readonly": true,
      "slot": 2
    },
    "喂料调速器故障": {
      "address": "V4553.0",
      "value": false,
      "unit": "",
      "type": "Bool",
      "is_readonly": true,
      "slot": 2
    },
    "喂料过电流": {
      "address": "V4553.1",
      "value": false,
      "unit": "",
      "type": "Bool",
      "is_readonly": true,
      "slot": 2
    },
    "螺杆异位报警": {
      "address": "V4551.3",
      "value": false,
      "unit": "",
      "type": "Bool",
      "is_readonly": true,
      "slot": 2
    },
    "主机急停未松开": {
      "address": "V4551.0",
      "value": false,
      "unit": "",
      "type": "Bool",
      "is_readonly": true,
      "slot": 2
    },
    "35A调速故障": {
      "address": "V4550.1",
      "value": false,
      "unit": "",
      "type": "Bool",
      "is_readonly": true,
      "slot": 2
    },
    "35A过电流": {
      "address": "V4550.7",
      "value": false,
      "unit": "",
      "type": "Bool",
      "is_readonly": true,
      "slot": 2
    },
    "35A料筒冷却风机故障": {
      "address": "V4550.6",
      "value": false,
      "unit": "",
      "type": "Bool",
      "is_readonly": true,
      "slot": 2
    },
    "35B调速故障": {
      "address": "V4550.5",
      "value": false,
      "unit": "",
      "type": "Bool",
      "is_readonly": true,
      "slot": 2
    },
    "35B过电流": {
      "address": "V4550.0",
      "value": false,
      "unit": "",
      "type": "Bool",
      "is_readonly": true,
      "slot": 2
    },
    "35B料筒冷却风机故障": {
      "address": "V4553.2",
      "value": false,
      "unit": "",
      "type": "Bool",
      "is_readonly": true,
      "slot": 2
    },
    "主机转速设定值": {
      "address": "VD208",
      "value": 3.0,
      "unit": "RPM",
      "type": "Real",
      "is_readonly": false,
      "slot": 2
    },
    "主机转速实际值": {
      "address": "VD232",
      "value": 0.0,
      "unit": "RPM",
      "type": "Real",
      "is_readonly": true,
      "slot": 2
    },
    "主机电流负载占比": {
      "address": "VD3300",
      "value": false,
      "unit": "%",
      "type": "Bool",
      "is_readonly": true,
      "slot": 2
    },
    "主机电流值": {
      "address": "VD256",
      "value": 0.0,
      "unit": "A",
      "type": "Real",
      "is_readonly": true,
      "slot": 2
    },
    "喂料转速设定值": {
      "address": "VD32",
      "value": 6.000001907348633,
      "unit": "RPM",
      "type": "Real",
      "is_readonly": false,
      "slot": 2
    },
    "喂料转速实际值": {
      "address": "VD244",
      "value": 0.0,
      "unit": "RPM",
      "type": "Real",
      "is_readonly": true,
      "slot": 2
    },
    "喂料电流负载占比": {
      "address": "VD3304",
      "value": 0.0,
      "unit": "%",
      "type": "Real",
      "is_readonly": true,
      "slot": 2
    },
    "喂料电流值": {
      "address": "VD260",
      "value": 0.0,
      "unit": "A",
      "type": "Real",
      "is_readonly": true,
      "slot": 2
    },
    "65机筒1区设定值": {
      "address": "VW102",
      "value": 180,
      "unit": "℃",
      "type": "Int",
      "is_readonly": false,
      "slot": 2
    },
    "65机筒1区实际值": {
      "address": "VW302",
      "value": 178,
      "unit": "℃",
      "type": "Int",
      "is_readonly": true,
      "slot": 2
    },
    "65机筒2区设定值": {
      "address": "VW104",
      "value": 185,
      "unit": "℃",
      "type": "Int",
      "is_readonly": false,
      "slot": 2
    },
    "65机筒2区实际值": {
      "address": "VW304",
      "value": 183,
      "unit": "℃",
      "type": "Int",
      "is_readonly": true,
      "slot": 2
    },
    "65机筒3区设定值": {
      "address": "VW106",
      "value": 140,
      "unit": "℃",
      "type": "Int",
      "is_readonly": false,
      "slot": 2
    },
    "65机筒3区实际值": {
      "address": "VW306",
      "value": 141,
      "unit": "℃",
      "type": "Int",
      "is_readonly": true,
      "slot": 2
    },
    "65机筒4区设定值": {
      "address": "VW108",
      "value": 135,
      "unit": "℃",
      "type": "Int",
      "is_readonly": false,
      "slot": 2
    },
    "65机筒4区实际值": {
      "address": "VW308",
      "value": 133,
      "unit": "℃",
      "type": "Int",
      "is_readonly": true,
      "slot": 2
    },
    "65机合流芯设定值": {
      "address": "VW154",
      "value": 140,
      "unit": "℃",
      "type": "Int",
      "is_readonly": false,
      "slot": 2
    },
    "65机合流芯实际值": {
      "address": "VW354",
      "value": 136,
      "unit": "℃",
      "type": "Int",
      "is_readonly": true,
      "slot": 2
    },
    "芯层模具上设定值": {
      "address": "VW1130",
      "value": 135,
      "unit": "℃",
      "type": "Int",
      "is_readonly": false,
      "slot": 2
    },
    "芯层模具上实际值": {
      "address": "VW330",
      "value": 141,
      "unit": "℃",
      "type": "Int",
      "is_readonly": true,
      "slot": 2
    },
    "芯层模具下设定值": {
      "address": "VW1132",
      "value": 135,
      "unit": "℃",
      "type": "Int",
      "is_readonly": false,
      "slot": 2
    },
    "芯层模具下实际值": {
      "address": "VW332",
      "value": 142,
      "unit": "℃",
      "type": "Int",
      "is_readonly": true,
      "slot": 2
    },
    "芯层模具左设定值": {
      "address": "VW1134",
      "value": 130,
      "unit": "℃",
      "type": "Int",
      "is_readonly": false,
      "slot": 2
    },
    "芯层模具左实际值": {
      "address": "VW334",
      "value": 137,
      "unit": "℃",
      "type": "Int",
      "is_readonly": true,
      "slot": 2
    },
    "芯层模具右设定值": {
      "address": "VW1136",
      "value": 140,
      "unit": "℃",
      "type": "Int",
      "is_readonly": false,
      "slot": 2
    },
    "芯层模具右实际值": {
      "address": "VW336",
      "value": 139,
      "unit": "℃",
      "type": "Int",
      "is_readonly": true,
      "slot": 2
    },
    "外层模具上设定值": {
      "address": "VW1138",
      "value": 190,
      "unit": "℃",
      "type": "Int",
      "is_readonly": false,
      "slot": 2
    },
    "外层模具上实际值": {
      "address": "VW338",
      "value": 192,
      "unit": "℃",
      "type": "Int",
      "is_readonly": true,
      "slot": 2
    },
    "外层模具下设定值": {
      "address": "VW1140",
      "value": 180,
      "unit": "℃",
      "type": "Int",
      "is_readonly": false,
      "slot": 2
    },
    "外层模具下实际值": {
      "address": "VW340",
      "value": 183,
      "unit": "℃",
      "type": "Int",
      "is_readonly": true,
      "slot": 2
    },
    "外层模具左设定值": {
      "address": "VW1142",
      "value": 180,
      "unit": "℃",
      "type": "Int",
      "is_readonly": false,
      "slot": 2
    },
    "外层模具左实际值": {
      "address": "VW342",
      "value": 183,
      "unit": "",
      "type": "Int",
      "is_readonly": true,
      "slot": 2
    },
    "外层模具石设定值": {
      "address": "VW344",
      "value": 182,
      "unit": "℃",
      "type": "Int",
      "is_readonly": false,
      "slot": 2
    },
    "外层模具石实际值": {
      "address": "VW344",
      "value": 182,
      "unit": "℃",
      "type": "Int",
      "is_readonly": true,
      "slot": 2
    },
    "A组合流芯设定值": {
      "address": "VW346",
      "value": 193,
      "unit": "℃",
      "type": "Int",
      "is_readonly": false,
      "slot": 2
    },
    "A组合流芯实际值": {
      "address": "VW346",
      "value": 193,
      "unit": "℃",
      "type": "Int",
      "is_readonly": true,
      "slot": 2
    },
    "A组转接模设定值": {
      "address": "VW348",
      "value": 200,
      "unit": "℃",
      "type": "Int",
      "is_readonly": false,
      "slot": 2
    },
    "A组转接模实际值": {
      "address": "VW348",
      "value": 200,
      "unit": "℃",
      "type": "Int",
      "is_readonly": true,
      "slot": 2
    },
    "A组连接管设定值": {
      "address": "VW350",
      "value": 73,
      "unit": "℃",
      "type": "Int",
      "is_readonly": false,
      "slot": 2
    },
    "A组连接管实际值": {
      "address": "VW350",
      "value": 73,
      "unit": "℃",
      "type": "Int",
      "is_readonly": true,
      "slot": 2
    },
    "B组合流芯设定值": {
      "address": "VW352",
      "value": 149,
      "unit": "℃",
      "type": "Int",
      "is_readonly": false,
      "slot": 2
    },
    "B组合流芯实际值": {
      "address": "VW352",
      "value": 149,
      "unit": "℃",
      "type": "Int",
      "is_readonly": true,
      "slot": 2
    },
    "B组转接模设定值": {
      "address": "VW362",
      "value": 156,
      "unit": "℃",
      "type": "Int",
      "is_readonly": false,
      "slot": 2
    },
    "B组转接模实际值": {
      "address": "VW362",
      "value": 156,
      "unit": "℃",
      "type": "Int",
      "is_readonly": true,
      "slot": 2
    },
    "B组连接管设定值": {
      "address": "VW364",
      "value": 213,
      "unit": "℃",
      "type": "Int",
      "is_readonly": false,
      "slot": 2
    },
    "B组连接管实际值": {
      "address": "VW364",
      "value": 213,
      "unit": "℃",
      "type": "Int",
      "is_readonly": true,
      "slot": 2
    },
    "35A转速设定值": {
      "address": "VD508",
      "value": 0.0,
      "unit": "RPM",
      "type": "Real",
      "is_readonly": false,
      "slot": 2
    },
    "35A转速实际值": {
      "address": "VD532",
      "value": 0.0,
      "unit": "RPM",
      "type": "Real",
      "is_readonly": true,
      "slot": 2
    },
    "35A电流设定值": {
      "address": "VD2300",
      "value": 0.0,
      "unit": "%",
      "type": "Real",
      "is_readonly": false,
      "slot": 2
    },
    "35A电流实际值": {
      "address": "VD556",
      "value": 0.0,
      "unit": "A",
      "type": "Real",
      "is_readonly": true,
      "slot": 2
    },
    "35B转速设定值": {
      "address": "VD212",
      "value": 0.0,
      "unit": "RPM",
      "type": "Real",
      "is_readonly": false,
      "slot": 2
    },
    "35B转速实际值": {
      "address": "VD236",
      "value": 0.0,
      "unit": "RPM",
      "type": "Real",
      "is_readonly": true,
      "slot": 2
    },
    "35B电流设定值": {
      "address": "VD3308",
      "value": 0.0,
      "unit": "%",
      "type": "Real",
      "is_readonly": false,
      "slot": 2
    },
    "35B电流实际值": {
      "address": "VD264",
      "value": 0.0,
      "unit": "A",
      "type": "Real",
      "is_readonly": true,
      "slot": 2
    },
    "A组35机1区设定值": {
      "address": "VW116",
      "value": 145,
      "unit": "℃",
      "type": "Int",
      "is_readonly": false,
      "slot": 2
    },
    "A组35机1区实际值": {
      "address": "VW118",
      "value": 200,
      "unit": "℃",
      "type": "Int",
      "is_readonly": true,
      "slot": 2
    },
    "A组35机2区设定值": {
      "address": "VW316",
      "value": 144,
      "unit": "℃",
      "type": "Int",
      "is_readonly": false,
      "slot": 2
    },
    "A组35机2区实际值": {
      "address": "VW318",
      "value": 199,
      "unit": "℃",
      "type": "Int",
      "is_readonly": true,
      "slot": 2
    },
    "A组35机3区设定值": {
      "address": "VW368",
      "value": 195,
      "unit": "℃",
      "type": "Int",
      "is_readonly": false,
      "slot": 2
    },
    "A组35机3区实际值": {
      "address": "VW370",
      "value": 144,
      "unit": "℃",
      "type": "Int",
      "is_readonly": true,
      "slot": 2
    },
    "B组35机1区设定值": {
      "address": "VW118",
      "value": 200,
      "unit": "℃",
      "type": "Int",
      "is_readonly": false,
      "slot": 2
    },
    "B组35机1区实际值": {
      "address": "VW370",
      "value": 144,
      "unit": "℃",
      "type": "Int",
      "is_readonly": true,
      "slot": 2
    },
    "B组35机2区设定值": {
      "address": "VW120",
      "value": 155,
      "unit": "℃",
      "type": "Int",
      "is_readonly": false,
      "slot": 2
    },
    "B组35机2区实际值": {
      "address": "VW322",
      "value": 154,
      "unit": "℃",
      "type": "Int",
      "is_readonly": true,
      "slot": 2
    },
    "B组35机3区设定值": {
      "address": "VW112",
      "value": 150,
      "unit": "℃",
      "type": "Int",
      "is_readonly": false,
      "slot": 2
    },
    "B组35机3区实际值": {
      "address": "VW312",
      "value": 148,
      "unit": "℃",
      "type": "Int",
      "is_readonly": true,
      "slot": 2
    },
    "A组备用1设定值": {
      "address": "VW160",
      "value": 0,
      "unit": "℃",
      "type": "Int",
      "is_readonly": false,
      "slot": 2
    },
    "A组备用1实际值": {
      "address": "VW312",
      "value": 148,
      "unit": "℃",
      "type": "Int",
      "is_readonly": true,
      "slot": 2
    },
    "A组备用2设定值": {
      "address": "VW166",
      "value": 0,
      "unit": "℃",
      "type": "Int",
      "is_readonly": false,
      "slot": 2
    },
    "A组备用2实际值": {
      "address": "VW366",
      "value": 3276,
      "unit": "℃",
      "type": "Int",
      "is_readonly": true,
      "slot": 2
    },
    "B组备用1设定值": {
      "address": "VW156",
      "value": 0,
      "unit": "℃",
      "type": "Int",
      "is_readonly": false,
      "slot": 2
    },
    "B组备用1实际值": {
      "address": "VW356",
      "value": 3276,
      "unit": "℃",
      "type": "Int",
      "is_readonly": true,
      "slot": 2
    },
    "B组备用2设定值": {
      "address": "VW158",
      "value": 0,
      "unit": "℃",
      "type": "Int",
      "is_readonly": false,
      "slot": 2
    },
    "B组备用2实际值": {
      "address": "VW358",
      "value": 3276,
      "unit": "℃",
      "type": "Int",
      "is_readonly": true,
      "slot": 2
    },
    "25B调速故障": {
      "address": "V4550.7",
      "value": false,
      "unit": "",
      "type": "Bool",
      "is_readonly": true,
      "slot": 3
    },
    "25B料筒冷却风机故障": {
      "address": "V4550.4",
      "value": false,
      "unit": "",
      "type": "Bool",
      "is_readonly": false,
      "slot": 3
    },
    "25A调速故障": {
      "address": "V4551.4",
      "value": false,
      "unit": "",
      "type": "Bool",
      "is_readonly": true,
      "slot": 3
    },
    "25A料筒冷却风机故障": {
      "address": "V4550.6",
      "value": false,
      "unit": "",
      "type": "Bool",
      "is_readonly": true,
      "slot": 3
    },
    "25A过电流": {
      "address": "V4551.7",
      "value": false,
      "unit": "",
      "type": "Bool",
      "is_readonly": false,
      "slot": 3
    },
    "25B转速设定值": {
      "address": "VD212",
      "value": 0.0,
      "unit": "RPM",
      "type": "Real",
      "is_readonly": false,
      "slot": 3
    },
    "25B转速实际值": {
      "address": "VD532",
      "value": 0.0,
      "unit": "RPM",
      "type": "Real",
      "is_readonly": true,
      "slot": 3
    },
    "25B电流设定值": {
      "address": "VD2300",
      "value": 0.0,
      "unit": "%",
      "type": "Real",
      "is_readonly": false,
      "slot": 3
    },
    "25B电流实际值": {
      "address": "VD556",
      "value": 0.0,
      "unit": "A",
      "type": "Real",
      "is_readonly": true,
      "slot": 3
    },
    "25A转速设定值": {
      "address": "VD208",
      "value": 4.699997901916504,
      "unit": "RPM",
      "type": "Real",
      "is_readonly": false,
      "slot": 3
    },
    "25A转速实际值": {
      "address": "VD232",
      "value": 0.0,
      "unit": "RPM",
      "type": "Real",
      "is_readonly": true,
      "slot": 3
    },
    "25A电流设定值": {
      "address": "VD3300",
      "value": 0.0,
      "unit": "%",
      "type": "Real",
      "is_readonly": false,
      "slot": 3
    },
    "25A电流实际值": {
      "address": "VD256",
      "value": 0.0,
      "unit": "A",
      "type": "Real",
      "is_readonly": true,
      "slot": 3
    },
    "B组25机1区设定值": {
      "address": "VW102",
      "value": 145,
      "unit": "℃",
      "type": "Int",
      "is_readonly": false,
      "slot": 3
    },
    "B组25机1区实际值": {
      "address": "VW104",
      "value": 235,
      "unit": "℃",
      "type": "Int",
      "is_readonly": true,
      "slot": 3
    },
    "B组25机2区设定值": {
      "address": "VW104",
      "value": 235,
      "unit": "℃",
      "type": "Int",
      "is_readonly": false,
      "slot": 3
    },
    "B组25机2区实际值": {
      "address": "VW304",
      "value": 232,
      "unit": "℃",
      "type": "Int",
      "is_readonly": true,
      "slot": 3
    },
    "B组25机3区设定值": {
      "address": "VW106",
      "value": 235,
      "unit": "℃",
      "type": "Int",
      "is_readonly": false,
      "slot": 3
    },
    "B组25机3区实际值": {
      "address": "VW306",
      "value": 229,
      "unit": "℃",
      "type": "Int",
      "is_readonly": true,
      "slot": 3
    },
    "A组25机1区设定值": {
      "address": "VW108",
      "value": 145,
      "unit": "℃",
      "type": "Int",
      "is_readonly": false,
      "slot": 3
    },
    "A组25机1区实际值": {
      "address": "VW308",
      "value": 39,
      "unit": "℃",
      "type": "Int",
      "is_readonly": true,
      "slot": 3
    },
    "A组25机2区设定值": {
      "address": "VW116",
      "value": 170,
      "unit": "℃",
      "type": "Int",
      "is_readonly": false,
      "slot": 3
    },
    "A组25机2区实际值": {
      "address": "VW316",
      "value": 40,
      "unit": "℃",
      "type": "Int",
      "is_readonly": true,
      "slot": 3
    },
    "A组25机3区设定值": {
      "address": "VW118",
      "value": 170,
      "unit": "℃",
      "type": "Int",
      "is_readonly": false,
      "slot": 3
    },
    "A组25机3区实际值": {
      "address": "VW318",
      "value": 41,
      "unit": "℃",
      "type": "Int",
      "is_readonly": true,
      "slot": 3
    },
    "25B共挤备用1设定值": {
      "address": "VW130",
      "value": 0,
      "unit": "℃",
      "type": "Int",
      "is_readonly": false,
      "slot": 3
    },
    "25B共挤备用1实际值": {
      "address": "VW330",
      "value": 3276,
      "unit": "℃",
      "type": "Int",
      "is_readonly": true,
      "slot": 3
    },
    "25B共挤备用2设定值": {
      "address": "VW132",
      "value": 0,
      "unit": "℃",
      "type": "Int",
      "is_readonly": false,
      "slot": 3
    },
    "25B共挤备用2实际值": {
      "address": "VW332",
      "value": 3276,
      "unit": "℃",
      "type": "Int",
      "is_readonly": true,
      "slot": 3
    },
    "25A共挤备用1设定值": {
      "address": "VW134",
      "value": 0,
      "unit": "℃",
      "type": "Int",
      "is_readonly": false,
      "slot": 3
    },
    "25A共挤备用1实际值": {
      "address": "VW334",
      "value": 3276,
      "unit": "℃",
      "type": "Int",
      "is_readonly": true,
      "slot": 3
    },
    "25A共挤备用2设定值": {
      "address": "VW136",
      "value": 0,
      "unit": "℃",
      "type": "Int",
      "is_readonly": false,
      "slot": 3
    },
    "25A共挤备用2实际值": {
      "address": "VW336",
      "value": 3276,
      "unit": "℃",
      "type": "Int",
      "is_readonly": true,
      "slot": 3
    }
  }
}
------------------------------------------------------------
2026-05-09 13:01:10 | 读取PLC | 机台 | 用户ID:1
请求参数:
{
  "主机料温过低": {
    "address": "V4551.2",
    "value": false,
    "unit": "",
    "type": "Bool"
  },
  "主机料温过高": {
    "address": "V4551.1",
    "value": false,
    "unit": "",
    "type": "Bool"
  },
  "主机调速故障": {
    "address": "V4551.4",
    "value": false,
    "unit": "",
    "type": "Bool"
  },
  "主机过电流": {
    "address": "V4551.7",
    "value": false,
    "unit": "",
    "type": "Bool"
  },
  "主机料筒冷却风机故障": {
    "address": "V4550.4",
    "value": false,
    "unit": "",
    "type": "Bool"
  },
  "喂料调速器故障": {
    "address": "V4553.0",
    "value": false,
    "unit": "",
    "type": "Bool"
  },
  "喂料过电流": {
    "address": "V4553.1",
    "value": false,
    "unit": "",
    "type": "Bool"
  },
  "螺杆异位报警": {
    "address": "V4551.3",
    "value": false,
    "unit": "",
    "type": "Bool"
  },
  "主机急停未松开": {
    "address": "V4551.0",
    "value": false,
    "unit": "",
    "type": "Bool"
  },
  "35A调速故障": {
    "address": "V4550.1",
    "value": false,
    "unit": "",
    "type": "Bool"
  },
  "35A过电流": {
    "address": "V4550.7",
    "value": false,
    "unit": "",
    "type": "Bool"
  },
  "35A料筒冷却风机故障": {
    "address": "V4550.6",
    "value": false,
    "unit": "",
    "type": "Bool"
  },
  "35B调速故障": {
    "address": "V4550.5",
    "value": false,
    "unit": "",
    "type": "Bool"
  },
  "35B过电流": {
    "address": "V4550.0",
    "value": false,
    "unit": "",
    "type": "Bool"
  },
  "35B料筒冷却风机故障": {
    "address": "V4553.2",
    "value": false,
    "unit": "",
    "type": "Bool"
  },
  "主机转速设定值": {
    "address": "VD208",
    "value": 3.0,
    "unit": "RPM",
    "type": "Real"
  },
  "主机转速实际值": {
    "address": "VD232",
    "value": 0.0,
    "unit": "RPM",
    "type": "Real"
  },
  "主机电流负载占比": {
    "address": "VD3300",
    "value": false,
    "unit": "%",
    "type": "Bool"
  },
  "主机电流值": {
    "address": "VD256",
    "value": 0.0,
    "unit": "A",
    "type": "Real"
  },
  "喂料转速设定值": {
    "address": "VD32",
    "value": 6.000001907348633,
    "unit": "RPM",
    "type": "Real"
  },
  "喂料转速实际值": {
    "address": "VD244",
    "value": 0.0,
    "unit": "RPM",
    "type": "Real"
  },
  "喂料电流负载占比": {
    "address": "VD3304",
    "value": 0.0,
    "unit": "%",
    "type": "Real"
  },
  "喂料电流值": {
    "address": "VD260",
    "value": 0.0,
    "unit": "A",
    "type": "Real"
  },
  "65机筒1区设定值": {
    "address": "VW102",
    "value": 180,
    "unit": "℃",
    "type": "Int"
  },
  "65机筒1区实际值": {
    "address": "VW302",
    "value": 179,
    "unit": "℃",
    "type": "Int"
  },
  "65机筒2区设定值": {
    "address": "VW104",
    "value": 185,
    "unit": "℃",
    "type": "Int"
  },
  "65机筒2区实际值": {
    "address": "VW304",
    "value": 183,
    "unit": "℃",
    "type": "Int"
  },
  "65机筒3区设定值": {
    "address": "VW106",
    "value": 140,
    "unit": "℃",
    "type": "Int"
  },
  "65机筒3区实际值": {
    "address": "VW306",
    "value": 138,
    "unit": "℃",
    "type": "Int"
  },
  "65机筒4区设定值": {
    "address": "VW108",
    "value": 135,
    "unit": "℃",
    "type": "Int"
  },
  "65机筒4区实际值": {
    "address": "VW308",
    "value": 136,
    "unit": "℃",
    "type": "Int"
  },
  "65机合流芯设定值": {
    "address": "VW154",
    "value": 140,
    "unit": "℃",
    "type": "Int"
  },
  "65机合流芯实际值": {
    "address": "VW354",
    "value": 136,
    "unit": "℃",
    "type": "Int"
  },
  "芯层模具上设定值": {
    "address": "VW1130",
    "value": 135,
    "unit": "℃",
    "type": "Int"
  },
  "芯层模具上实际值": {
    "address": "VW330",
    "value": 141,
    "unit": "℃",
    "type": "Int"
  },
  "芯层模具下设定值": {
    "address": "VW1132",
    "value": 135,
    "unit": "℃",
    "type": "Int"
  },
  "芯层模具下实际值": {
    "address": "VW332",
    "value": 142,
    "unit": "℃",
    "type": "Int"
  },
  "芯层模具左设定值": {
    "address": "VW1134",
    "value": 130,
    "unit": "℃",
    "type": "Int"
  },
  "芯层模具左实际值": {
    "address": "VW334",
    "value": 137,
    "unit": "℃",
    "type": "Int"
  },
  "芯层模具右设定值": {
    "address": "VW1136",
    "value": 140,
    "unit": "℃",
    "type": "Int"
  },
  "芯层模具右实际值": {
    "address": "VW336",
    "value": 140,
    "unit": "℃",
    "type": "Int"
  },
  "外层模具上设定值": {
    "address": "VW1138",
    "value": 190,
    "unit": "℃",
    "type": "Int"
  },
  "外层模具上实际值": {
    "address": "VW338",
    "value": 189,
    "unit": "℃",
    "type": "Int"
  },
  "外层模具下设定值": {
    "address": "VW1140",
    "value": 180,
    "unit": "℃",
    "type": "Int"
  },
  "外层模具下实际值": {
    "address": "VW340",
    "value": 181,
    "unit": "℃",
    "type": "Int"
  },
  "外层模具左设定值": {
    "address": "VW1142",
    "value": 180,
    "unit": "℃",
    "type": "Int"
  },
  "外层模具左实际值": {
    "address": "VW342",
    "value": 182,
    "unit": "",
    "type": "Int"
  },
  "外层模具石设定值": {
    "address": "VW344",
    "value": 182,
    "unit": "℃",
    "type": "Int"
  },
  "外层模具石实际值": {
    "address": "VW344",
    "value": 182,
    "unit": "℃",
    "type": "Int"
  },
  "A组合流芯设定值": {
    "address": "VW346",
    "value": 199,
    "unit": "℃",
    "type": "Int"
  },
  "A组合流芯实际值": {
    "address": "VW346",
    "value": 199,
    "unit": "℃",
    "type": "Int"
  },
  "A组转接模设定值": {
    "address": "VW348",
    "value": 196,
    "unit": "℃",
    "type": "Int"
  },
  "A组转接模实际值": {
    "address": "VW348",
    "value": 196,
    "unit": "℃",
    "type": "Int"
  },
  "A组连接管设定值": {
    "address": "VW350",
    "value": 71,
    "unit": "℃",
    "type": "Int"
  },
  "A组连接管实际值": {
    "address": "VW350",
    "value": 71,
    "unit": "℃",
    "type": "Int"
  },
  "B组合流芯设定值": {
    "address": "VW352",
    "value": 154,
    "unit": "℃",
    "type": "Int"
  },
  "B组合流芯实际值": {
    "address": "VW352",
    "value": 154,
    "unit": "℃",
    "type": "Int"
  },
  "B组转接模设定值": {
    "address": "VW362",
    "value": 156,
    "unit": "℃",
    "type": "Int"
  },
  "B组转接模实际值": {
    "address": "VW362",
    "value": 156,
    "unit": "℃",
    "type": "Int"
  },
  "B组连接管设定值": {
    "address": "VW364",
    "value": 241,
    "unit": "℃",
    "type": "Int"
  },
  "B组连接管实际值": {
    "address": "VW364",
    "value": 241,
    "unit": "℃",
    "type": "Int"
  },
  "35A转速设定值": {
    "address": "VD508",
    "value": 0.0,
    "unit": "RPM",
    "type": "Real"
  },
  "35A转速实际值": {
    "address": "VD532",
    "value": 0.0,
    "unit": "RPM",
    "type": "Real"
  },
  "35A电流设定值": {
    "address": "VD2300",
    "value": 0.0,
    "unit": "%",
    "type": "Real"
  },
  "35A电流实际值": {
    "address": "VD556",
    "value": 0.0,
    "unit": "A",
    "type": "Real"
  },
  "35B转速设定值": {
    "address": "VD212",
    "value": 0.0,
    "unit": "RPM",
    "type": "Real"
  },
  "35B转速实际值": {
    "address": "VD236",
    "value": 0.0,
    "unit": "RPM",
    "type": "Real"
  },
  "35B电流设定值": {
    "address": "VD3308",
    "value": 0.0,
    "unit": "%",
    "type": "Real"
  },
  "35B电流实际值": {
    "address": "VD264",
    "value": 0.0,
    "unit": "A",
    "type": "Real"
  },
  "A组35机1区设定值": {
    "address": "VW116",
    "value": 145,
    "unit": "℃",
    "type": "Int"
  },
  "A组35机1区实际值": {
    "address": "VW118",
    "value": 200,
    "unit": "℃",
    "type": "Int"
  },
  "A组35机2区设定值": {
    "address": "VW316",
    "value": 143,
    "unit": "℃",
    "type": "Int"
  },
  "A组35机2区实际值": {
    "address": "VW318",
    "value": 197,
    "unit": "℃",
    "type": "Int"
  },
  "A组35机3区设定值": {
    "address": "VW368",
    "value": 195,
    "unit": "℃",
    "type": "Int"
  },
  "A组35机3区实际值": {
    "address": "VW370",
    "value": 143,
    "unit": "℃",
    "type": "Int"
  },
  "B组35机1区设定值": {
    "address": "VW118",
    "value": 200,
    "unit": "℃",
    "type": "Int"
  },
  "B组35机1区实际值": {
    "address": "VW370",
    "value": 143,
    "unit": "℃",
    "type": "Int"
  },
  "B组35机2区设定值": {
    "address": "VW120",
    "value": 155,
    "unit": "℃",
    "type": "Int"
  },
  "B组35机2区实际值": {
    "address": "VW322",
    "value": 153,
    "unit": "℃",
    "type": "Int"
  },
  "B组35机3区设定值": {
    "address": "VW112",
    "value": 150,
    "unit": "℃",
    "type": "Int"
  },
  "B组35机3区实际值": {
    "address": "VW312",
    "value": 148,
    "unit": "℃",
    "type": "Int"
  },
  "A组备用1设定值": {
    "address": "VW160",
    "value": 0,
    "unit": "℃",
    "type": "Int"
  },
  "A组备用1实际值": {
    "address": "VW312",
    "value": 148,
    "unit": "℃",
    "type": "Int"
  },
  "A组备用2设定值": {
    "address": "VW166",
    "value": 0,
    "unit": "℃",
    "type": "Int"
  },
  "A组备用2实际值": {
    "address": "VW366",
    "value": 3276,
    "unit": "℃",
    "type": "Int"
  },
  "B组备用1设定值": {
    "address": "VW156",
    "value": 0,
    "unit": "℃",
    "type": "Int"
  },
  "B组备用1实际值": {
    "address": "VW356",
    "value": 3276,
    "unit": "℃",
    "type": "Int"
  },
  "B组备用2设定值": {
    "address": "VW158",
    "value": 0,
    "unit": "℃",
    "type": "Int"
  },
  "B组备用2实际值": {
    "address": "VW358",
    "value": 3276,
    "unit": "℃",
    "type": "Int"
  },
  "25B调速故障": {
    "address": "V4550.7",
    "value": false,
    "unit": "",
    "type": "Bool"
  },
  "25B料筒冷却风机故障": {
    "address": "V4550.4",
    "value": false,
    "unit": "",
    "type": "Bool"
  },
  "25A调速故障": {
    "address": "V4551.4",
    "value": false,
    "unit": "",
    "type": "Bool"
  },
  "25A料筒冷却风机故障": {
    "address": "V4550.6",
    "value": false,
    "unit": "",
    "type": "Bool"
  },
  "25A过电流": {
    "address": "V4551.7",
    "value": false,
    "unit": "",
    "type": "Bool"
  },
  "25B转速设定值": {
    "address": "VD212",
    "value": 0.0,
    "unit": "RPM",
    "type": "Real"
  },
  "25B转速实际值": {
    "address": "VD532",
    "value": 0.0,
    "unit": "RPM",
    "type": "Real"
  },
  "25B电流设定值": {
    "address": "VD2300",
    "value": 0.0,
    "unit": "%",
    "type": "Real"
  },
  "25B电流实际值": {
    "address": "VD556",
    "value": 0.0,
    "unit": "A",
    "type": "Real"
  },
  "25A转速设定值": {
    "address": "VD208",
    "value": 4.699997901916504,
    "unit": "RPM",
    "type": "Real"
  },
  "25A转速实际值": {
    "address": "VD232",
    "value": 0.0,
    "unit": "RPM",
    "type": "Real"
  },
  "25A电流设定值": {
    "address": "VD3300",
    "value": 0.0,
    "unit": "%",
    "type": "Real"
  },
  "25A电流实际值": {
    "address": "VD256",
    "value": 0.0,
    "unit": "A",
    "type": "Real"
  },
  "B组25机1区设定值": {
    "address": "VW102",
    "value": 145,
    "unit": "℃",
    "type": "Int"
  },
  "B组25机1区实际值": {
    "address": "VW104",
    "value": 235,
    "unit": "℃",
    "type": "Int"
  },
  "B组25机2区设定值": {
    "address": "VW104",
    "value": 235,
    "unit": "℃",
    "type": "Int"
  },
  "B组25机2区实际值": {
    "address": "VW304",
    "value": 232,
    "unit": "℃",
    "type": "Int"
  },
  "B组25机3区设定值": {
    "address": "VW106",
    "value": 235,
    "unit": "℃",
    "type": "Int"
  },
  "B组25机3区实际值": {
    "address": "VW306",
    "value": 231,
    "unit": "℃",
    "type": "Int"
  },
  "A组25机1区设定值": {
    "address": "VW108",
    "value": 145,
    "unit": "℃",
    "type": "Int"
  },
  "A组25机1区实际值": {
    "address": "VW308",
    "value": 39,
    "unit": "℃",
    "type": "Int"
  },
  "A组25机2区设定值": {
    "address": "VW116",
    "value": 170,
    "unit": "℃",
    "type": "Int"
  },
  "A组25机2区实际值": {
    "address": "VW316",
    "value": 40,
    "unit": "℃",
    "type": "Int"
  },
  "A组25机3区设定值": {
    "address": "VW118",
    "value": 170,
    "unit": "℃",
    "type": "Int"
  },
  "A组25机3区实际值": {
    "address": "VW318",
    "value": 40,
    "unit": "℃",
    "type": "Int"
  },
  "25B共挤备用1设定值": {
    "address": "VW130",
    "value": 0,
    "unit": "℃",
    "type": "Int"
  },
  "25B共挤备用1实际值": {
    "address": "VW330",
    "value": 3276,
    "unit": "℃",
    "type": "Int"
  },
  "25B共挤备用2设定值": {
    "address": "VW132",
    "value": 0,
    "unit": "℃",
    "type": "Int"
  },
  "25B共挤备用2实际值": {
    "address": "VW332",
    "value": 3276,
    "unit": "℃",
    "type": "Int"
  },
  "25A共挤备用1设定值": {
    "address": "VW134",
    "value": 0,
    "unit": "℃",
    "type": "Int"
  },
  "25A共挤备用1实际值": {
    "address": "VW334",
    "value": 3276,
    "unit": "℃",
    "type": "Int"
  },
  "25A共挤备用2设定值": {
    "address": "VW136",
    "value": 0,
    "unit": "℃",
    "type": "Int"
  },
  "25A共挤备用2实际值": {
    "address": "VW336",
    "value": 3276,
    "unit": "℃",
    "type": "Int"
  }
}
详情: 机台: 默认挤出机 (ID: 1), 参数数量: 122
返回结果:
{
  "machine": {
    "id": 1,
    "name": "默认挤出机"
  },
  "parameters": {
    "主机料温过低": {
      "address": "V4551.2",
      "value": false,
      "unit": "",
      "type": "Bool",
      "is_readonly": true,
      "slot": 2
    },
    "主机料温过高": {
      "address": "V4551.1",
      "value": false,
      "unit": "",
      "type": "Bool",
      "is_readonly": true,
      "slot": 2
    },
    "主机调速故障": {
      "address": "V4551.4",
      "value": false,
      "unit": "",
      "type": "Bool",
      "is_readonly": true,
      "slot": 2
    },
    "主机过电流": {
      "address": "V4551.7",
      "value": false,
      "unit": "",
      "type": "Bool",
      "is_readonly": true,
      "slot": 2
    },
    "主机料筒冷却风机故障": {
      "address": "V4550.4",
      "value": false,
      "unit": "",
      "type": "Bool",
      "is_readonly": true,
      "slot": 2
    },
    "喂料调速器故障": {
      "address": "V4553.0",
      "value": false,
      "unit": "",
      "type": "Bool",
      "is_readonly": true,
      "slot": 2
    },
    "喂料过电流": {
      "address": "V4553.1",
      "value": false,
      "unit": "",
      "type": "Bool",
      "is_readonly": true,
      "slot": 2
    },
    "螺杆异位报警": {
      "address": "V4551.3",
      "value": false,
      "unit": "",
      "type": "Bool",
      "is_readonly": true,
      "slot": 2
    },
    "主机急停未松开": {
      "address": "V4551.0",
      "value": false,
      "unit": "",
      "type": "Bool",
      "is_readonly": true,
      "slot": 2
    },
    "35A调速故障": {
      "address": "V4550.1",
      "value": false,
      "unit": "",
      "type": "Bool",
      "is_readonly": true,
      "slot": 2
    },
    "35A过电流": {
      "address": "V4550.7",
      "value": false,
      "unit": "",
      "type": "Bool",
      "is_readonly": true,
      "slot": 2
    },
    "35A料筒冷却风机故障": {
      "address": "V4550.6",
      "value": false,
      "unit": "",
      "type": "Bool",
      "is_readonly": true,
      "slot": 2
    },
    "35B调速故障": {
      "address": "V4550.5",
      "value": false,
      "unit": "",
      "type": "Bool",
      "is_readonly": true,
      "slot": 2
    },
    "35B过电流": {
      "address": "V4550.0",
      "value": false,
      "unit": "",
      "type": "Bool",
      "is_readonly": true,
      "slot": 2
    },
    "35B料筒冷却风机故障": {
      "address": "V4553.2",
      "value": false,
      "unit": "",
      "type": "Bool",
      "is_readonly": true,
      "slot": 2
    },
    "主机转速设定值": {
      "address": "VD208",
      "value": 3.0,
      "unit": "RPM",
      "type": "Real",
      "is_readonly": false,
      "slot": 2
    },
    "主机转速实际值": {
      "address": "VD232",
      "value": 0.0,
      "unit": "RPM",
      "type": "Real",
      "is_readonly": true,
      "slot": 2
    },
    "主机电流负载占比": {
      "address": "VD3300",
      "value": false,
      "unit": "%",
      "type": "Bool",
      "is_readonly": true,
      "slot": 2
    },
    "主机电流值": {
      "address": "VD256",
      "value": 0.0,
      "unit": "A",
      "type": "Real",
      "is_readonly": true,
      "slot": 2
    },
    "喂料转速设定值": {
      "address": "VD32",
      "value": 6.000001907348633,
      "unit": "RPM",
      "type": "Real",
      "is_readonly": false,
      "slot": 2
    },
    "喂料转速实际值": {
      "address": "VD244",
      "value": 0.0,
      "unit": "RPM",
      "type": "Real",
      "is_readonly": true,
      "slot": 2
    },
    "喂料电流负载占比": {
      "address": "VD3304",
      "value": 0.0,
      "unit": "%",
      "type": "Real",
      "is_readonly": true,
      "slot": 2
    },
    "喂料电流值": {
      "address": "VD260",
      "value": 0.0,
      "unit": "A",
      "type": "Real",
      "is_readonly": true,
      "slot": 2
    },
    "65机筒1区设定值": {
      "address": "VW102",
      "value": 180,
      "unit": "℃",
      "type": "Int",
      "is_readonly": false,
      "slot": 2
    },
    "65机筒1区实际值": {
      "address": "VW302",
      "value": 179,
      "unit": "℃",
      "type": "Int",
      "is_readonly": true,
      "slot": 2
    },
    "65机筒2区设定值": {
      "address": "VW104",
      "value": 185,
      "unit": "℃",
      "type": "Int",
      "is_readonly": false,
      "slot": 2
    },
    "65机筒2区实际值": {
      "address": "VW304",
      "value": 183,
      "unit": "℃",
      "type": "Int",
      "is_readonly": true,
      "slot": 2
    },
    "65机筒3区设定值": {
      "address": "VW106",
      "value": 140,
      "unit": "℃",
      "type": "Int",
      "is_readonly": false,
      "slot": 2
    },
    "65机筒3区实际值": {
      "address": "VW306",
      "value": 138,
      "unit": "℃",
      "type": "Int",
      "is_readonly": true,
      "slot": 2
    },
    "65机筒4区设定值": {
      "address": "VW108",
      "value": 135,
      "unit": "℃",
      "type": "Int",
      "is_readonly": false,
      "slot": 2
    },
    "65机筒4区实际值": {
      "address": "VW308",
      "value": 136,
      "unit": "℃",
      "type": "Int",
      "is_readonly": true,
      "slot": 2
    },
    "65机合流芯设定值": {
      "address": "VW154",
      "value": 140,
      "unit": "℃",
      "type": "Int",
      "is_readonly": false,
      "slot": 2
    },
    "65机合流芯实际值": {
      "address": "VW354",
      "value": 136,
      "unit": "℃",
      "type": "Int",
      "is_readonly": true,
      "slot": 2
    },
    "芯层模具上设定值": {
      "address": "VW1130",
      "value": 135,
      "unit": "℃",
      "type": "Int",
      "is_readonly": false,
      "slot": 2
    },
    "芯层模具上实际值": {
      "address": "VW330",
      "value": 141,
      "unit": "℃",
      "type": "Int",
      "is_readonly": true,
      "slot": 2
    },
    "芯层模具下设定值": {
      "address": "VW1132",
      "value": 135,
      "unit": "℃",
      "type": "Int",
      "is_readonly": false,
      "slot": 2
    },
    "芯层模具下实际值": {
      "address": "VW332",
      "value": 142,
      "unit": "℃",
      "type": "Int",
      "is_readonly": true,
      "slot": 2
    },
    "芯层模具左设定值": {
      "address": "VW1134",
      "value": 130,
      "unit": "℃",
      "type": "Int",
      "is_readonly": false,
      "slot": 2
    },
    "芯层模具左实际值": {
      "address": "VW334",
      "value": 137,
      "unit": "℃",
      "type": "Int",
      "is_readonly": true,
      "slot": 2
    },
    "芯层模具右设定值": {
      "address": "VW1136",
      "value": 140,
      "unit": "℃",
      "type": "Int",
      "is_readonly": false,
      "slot": 2
    },
    "芯层模具右实际值": {
      "address": "VW336",
      "value": 140,
      "unit": "℃",
      "type": "Int",
      "is_readonly": true,
      "slot": 2
    },
    "外层模具上设定值": {
      "address": "VW1138",
      "value": 190,
      "unit": "℃",
      "type": "Int",
      "is_readonly": false,
      "slot": 2
    },
    "外层模具上实际值": {
      "address": "VW338",
      "value": 189,
      "unit": "℃",
      "type": "Int",
      "is_readonly": true,
      "slot": 2
    },
    "外层模具下设定值": {
      "address": "VW1140",
      "value": 180,
      "unit": "℃",
      "type": "Int",
      "is_readonly": false,
      "slot": 2
    },
    "外层模具下实际值": {
      "address": "VW340",
      "value": 181,
      "unit": "℃",
      "type": "Int",
      "is_readonly": true,
      "slot": 2
    },
    "外层模具左设定值": {
      "address": "VW1142",
      "value": 180,
      "unit": "℃",
      "type": "Int",
      "is_readonly": false,
      "slot": 2
    },
    "外层模具左实际值": {
      "address": "VW342",
      "value": 182,
      "unit": "",
      "type": "Int",
      "is_readonly": true,
      "slot": 2
    },
    "外层模具石设定值": {
      "address": "VW344",
      "value": 182,
      "unit": "℃",
      "type": "Int",
      "is_readonly": false,
      "slot": 2
    },
    "外层模具石实际值": {
      "address": "VW344",
      "value": 182,
      "unit": "℃",
      "type": "Int",
      "is_readonly": true,
      "slot": 2
    },
    "A组合流芯设定值": {
      "address": "VW346",
      "value": 199,
      "unit": "℃",
      "type": "Int",
      "is_readonly": false,
      "slot": 2
    },
    "A组合流芯实际值": {
      "address": "VW346",
      "value": 199,
      "unit": "℃",
      "type": "Int",
      "is_readonly": true,
      "slot": 2
    },
    "A组转接模设定值": {
      "address": "VW348",
      "value": 196,
      "unit": "℃",
      "type": "Int",
      "is_readonly": false,
      "slot": 2
    },
    "A组转接模实际值": {
      "address": "VW348",
      "value": 196,
      "unit": "℃",
      "type": "Int",
      "is_readonly": true,
      "slot": 2
    },
    "A组连接管设定值": {
      "address": "VW350",
      "value": 71,
      "unit": "℃",
      "type": "Int",
      "is_readonly": false,
      "slot": 2
    },
    "A组连接管实际值": {
      "address": "VW350",
      "value": 71,
      "unit": "℃",
      "type": "Int",
      "is_readonly": true,
      "slot": 2
    },
    "B组合流芯设定值": {
      "address": "VW352",
      "value": 154,
      "unit": "℃",
      "type": "Int",
      "is_readonly": false,
      "slot": 2
    },
    "B组合流芯实际值": {
      "address": "VW352",
      "value": 154,
      "unit": "℃",
      "type": "Int",
      "is_readonly": true,
      "slot": 2
    },
    "B组转接模设定值": {
      "address": "VW362",
      "value": 156,
      "unit": "℃",
      "type": "Int",
      "is_readonly": false,
      "slot": 2
    },
    "B组转接模实际值": {
      "address": "VW362",
      "value": 156,
      "unit": "℃",
      "type": "Int",
      "is_readonly": true,
      "slot": 2
    },
    "B组连接管设定值": {
      "address": "VW364",
      "value": 241,
      "unit": "℃",
      "type": "Int",
      "is_readonly": false,
      "slot": 2
    },
    "B组连接管实际值": {
      "address": "VW364",
      "value": 241,
      "unit": "℃",
      "type": "Int",
      "is_readonly": true,
      "slot": 2
    },
    "35A转速设定值": {
      "address": "VD508",
      "value": 0.0,
      "unit": "RPM",
      "type": "Real",
      "is_readonly": false,
      "slot": 2
    },
    "35A转速实际值": {
      "address": "VD532",
      "value": 0.0,
      "unit": "RPM",
      "type": "Real",
      "is_readonly": true,
      "slot": 2
    },
    "35A电流设定值": {
      "address": "VD2300",
      "value": 0.0,
      "unit": "%",
      "type": "Real",
      "is_readonly": false,
      "slot": 2
    },
    "35A电流实际值": {
      "address": "VD556",
      "value": 0.0,
      "unit": "A",
      "type": "Real",
      "is_readonly": true,
      "slot": 2
    },
    "35B转速设定值": {
      "address": "VD212",
      "value": 0.0,
      "unit": "RPM",
      "type": "Real",
      "is_readonly": false,
      "slot": 2
    },
    "35B转速实际值": {
      "address": "VD236",
      "value": 0.0,
      "unit": "RPM",
      "type": "Real",
      "is_readonly": true,
      "slot": 2
    },
    "35B电流设定值": {
      "address": "VD3308",
      "value": 0.0,
      "unit": "%",
      "type": "Real",
      "is_readonly": false,
      "slot": 2
    },
    "35B电流实际值": {
      "address": "VD264",
      "value": 0.0,
      "unit": "A",
      "type": "Real",
      "is_readonly": true,
      "slot": 2
    },
    "A组35机1区设定值": {
      "address": "VW116",
      "value": 145,
      "unit": "℃",
      "type": "Int",
      "is_readonly": false,
      "slot": 2
    },
    "A组35机1区实际值": {
      "address": "VW118",
      "value": 200,
      "unit": "℃",
      "type": "Int",
      "is_readonly": true,
      "slot": 2
    },
    "A组35机2区设定值": {
      "address": "VW316",
      "value": 143,
      "unit": "℃",
      "type": "Int",
      "is_readonly": false,
      "slot": 2
    },
    "A组35机2区实际值": {
      "address": "VW318",
      "value": 197,
      "unit": "℃",
      "type": "Int",
      "is_readonly": true,
      "slot": 2
    },
    "A组35机3区设定值": {
      "address": "VW368",
      "value": 195,
      "unit": "℃",
      "type": "Int",
      "is_readonly": false,
      "slot": 2
    },
    "A组35机3区实际值": {
      "address": "VW370",
      "value": 143,
      "unit": "℃",
      "type": "Int",
      "is_readonly": true,
      "slot": 2
    },
    "B组35机1区设定值": {
      "address": "VW118",
      "value": 200,
      "unit": "℃",
      "type": "Int",
      "is_readonly": false,
      "slot": 2
    },
    "B组35机1区实际值": {
      "address": "VW370",
      "value": 143,
      "unit": "℃",
      "type": "Int",
      "is_readonly": true,
      "slot": 2
    },
    "B组35机2区设定值": {
      "address": "VW120",
      "value": 155,
      "unit": "℃",
      "type": "Int",
      "is_readonly": false,
      "slot": 2
    },
    "B组35机2区实际值": {
      "address": "VW322",
      "value": 153,
      "unit": "℃",
      "type": "Int",
      "is_readonly": true,
      "slot": 2
    },
    "B组35机3区设定值": {
      "address": "VW112",
      "value": 150,
      "unit": "℃",
      "type": "Int",
      "is_readonly": false,
      "slot": 2
    },
    "B组35机3区实际值": {
      "address": "VW312",
      "value": 148,
      "unit": "℃",
      "type": "Int",
      "is_readonly": true,
      "slot": 2
    },
    "A组备用1设定值": {
      "address": "VW160",
      "value": 0,
      "unit": "℃",
      "type": "Int",
      "is_readonly": false,
      "slot": 2
    },
    "A组备用1实际值": {
      "address": "VW312",
      "value": 148,
      "unit": "℃",
      "type": "Int",
      "is_readonly": true,
      "slot": 2
    },
    "A组备用2设定值": {
      "address": "VW166",
      "value": 0,
      "unit": "℃",
      "type": "Int",
      "is_readonly": false,
      "slot": 2
    },
    "A组备用2实际值": {
      "address": "VW366",
      "value": 3276,
      "unit": "℃",
      "type": "Int",
      "is_readonly": true,
      "slot": 2
    },
    "B组备用1设定值": {
      "address": "VW156",
      "value": 0,
      "unit": "℃",
      "type": "Int",
      "is_readonly": false,
      "slot": 2
    },
    "B组备用1实际值": {
      "address": "VW356",
      "value": 3276,
      "unit": "℃",
      "type": "Int",
      "is_readonly": true,
      "slot": 2
    },
    "B组备用2设定值": {
      "address": "VW158",
      "value": 0,
      "unit": "℃",
      "type": "Int",
      "is_readonly": false,
      "slot": 2
    },
    "B组备用2实际值": {
      "address": "VW358",
      "value": 3276,
      "unit": "℃",
      "type": "Int",
      "is_readonly": true,
      "slot": 2
    },
    "25B调速故障": {
      "address": "V4550.7",
      "value": false,
      "unit": "",
      "type": "Bool",
      "is_readonly": true,
      "slot": 3
    },
    "25B料筒冷却风机故障": {
      "address": "V4550.4",
      "value": false,
      "unit": "",
      "type": "Bool",
      "is_readonly": false,
      "slot": 3
    },
    "25A调速故障": {
      "address": "V4551.4",
      "value": false,
      "unit": "",
      "type": "Bool",
      "is_readonly": true,
      "slot": 3
    },
    "25A料筒冷却风机故障": {
      "address": "V4550.6",
      "value": false,
      "unit": "",
      "type": "Bool",
      "is_readonly": true,
      "slot": 3
    },
    "25A过电流": {
      "address": "V4551.7",
      "value": false,
      "unit": "",
      "type": "Bool",
      "is_readonly": false,
      "slot": 3
    },
    "25B转速设定值": {
      "address": "VD212",
      "value": 0.0,
      "unit": "RPM",
      "type": "Real",
      "is_readonly": false,
      "slot": 3
    },
    "25B转速实际值": {
      "address": "VD532",
      "value": 0.0,
      "unit": "RPM",
      "type": "Real",
      "is_readonly": true,
      "slot": 3
    },
    "25B电流设定值": {
      "address": "VD2300",
      "value": 0.0,
      "unit": "%",
      "type": "Real",
      "is_readonly": false,
      "slot": 3
    },
    "25B电流实际值": {
      "address": "VD556",
      "value": 0.0,
      "unit": "A",
      "type": "Real",
      "is_readonly": true,
      "slot": 3
    },
    "25A转速设定值": {
      "address": "VD208",
      "value": 4.699997901916504,
      "unit": "RPM",
      "type": "Real",
      "is_readonly": false,
      "slot": 3
    },
    "25A转速实际值": {
      "address": "VD232",
      "value": 0.0,
      "unit": "RPM",
      "type": "Real",
      "is_readonly": true,
      "slot": 3
    },
    "25A电流设定值": {
      "address": "VD3300",
      "value": 0.0,
      "unit": "%",
      "type": "Real",
      "is_readonly": false,
      "slot": 3
    },
    "25A电流实际值": {
      "address": "VD256",
      "value": 0.0,
      "unit": "A",
      "type": "Real",
      "is_readonly": true,
      "slot": 3
    },
    "B组25机1区设定值": {
      "address": "VW102",
      "value": 145,
      "unit": "℃",
      "type": "Int",
      "is_readonly": false,
      "slot": 3
    },
    "B组25机1区实际值": {
      "address": "VW104",
      "value": 235,
      "unit": "℃",
      "type": "Int",
      "is_readonly": true,
      "slot": 3
    },
    "B组25机2区设定值": {
      "address": "VW104",
      "value": 235,
      "unit": "℃",
      "type": "Int",
      "is_readonly": false,
      "slot": 3
    },
    "B组25机2区实际值": {
      "address": "VW304",
      "value": 232,
      "unit": "℃",
      "type": "Int",
      "is_readonly": true,
      "slot": 3
    },
    "B组25机3区设定值": {
      "address": "VW106",
      "value": 235,
      "unit": "℃",
      "type": "Int",
      "is_readonly": false,
      "slot": 3
    },
    "B组25机3区实际值": {
      "address": "VW306",
      "value": 231,
      "unit": "℃",
      "type": "Int",
      "is_readonly": true,
      "slot": 3
    },
    "A组25机1区设定值": {
      "address": "VW108",
      "value": 145,
      "unit": "℃",
      "type": "Int",
      "is_readonly": false,
      "slot": 3
    },
    "A组25机1区实际值": {
      "address": "VW308",
      "value": 39,
      "unit": "℃",
      "type": "Int",
      "is_readonly": true,
      "slot": 3
    },
    "A组25机2区设定值": {
      "address": "VW116",
      "value": 170,
      "unit": "℃",
      "type": "Int",
      "is_readonly": false,
      "slot": 3
    },
    "A组25机2区实际值": {
      "address": "VW316",
      "value": 40,
      "unit": "℃",
      "type": "Int",
      "is_readonly": true,
      "slot": 3
    },
    "A组25机3区设定值": {
      "address": "VW118",
      "value": 170,
      "unit": "℃",
      "type": "Int",
      "is_readonly": false,
      "slot": 3
    },
    "A组25机3区实际值": {
      "address": "VW318",
      "value": 40,
      "unit": "℃",
      "type": "Int",
      "is_readonly": true,
      "slot": 3
    },
    "25B共挤备用1设定值": {
      "address": "VW130",
      "value": 0,
      "unit": "℃",
      "type": "Int",
      "is_readonly": false,
      "slot": 3
    },
    "25B共挤备用1实际值": {
      "address": "VW330",
      "value": 3276,
      "unit": "℃",
      "type": "Int",
      "is_readonly": true,
      "slot": 3
    },
    "25B共挤备用2设定值": {
      "address": "VW132",
      "value": 0,
      "unit": "℃",
      "type": "Int",
      "is_readonly": false,
      "slot": 3
    },
    "25B共挤备用2实际值": {
      "address": "VW332",
      "value": 3276,
      "unit": "℃",
      "type": "Int",
      "is_readonly": true,
      "slot": 3
    },
    "25A共挤备用1设定值": {
      "address": "VW134",
      "value": 0,
      "unit": "℃",
      "type": "Int",
      "is_readonly": false,
      "slot": 3
    },
    "25A共挤备用1实际值": {
      "address": "VW334",
      "value": 3276,
      "unit": "℃",
      "type": "Int",
      "is_readonly": true,
      "slot": 3
    },
    "25A共挤备用2设定值": {
      "address": "VW136",
      "value": 0,
      "unit": "℃",
      "type": "Int",
      "is_readonly": false,
      "slot": 3
    },
    "25A共挤备用2实际值": {
      "address": "VW336",
      "value": 3276,
      "unit": "℃",
      "type": "Int",
      "is_readonly": true,
      "slot": 3
    }
  }
}
------------------------------------------------------------
2026-05-09 13:15:23 | 读取PLC | 机台 | 用户ID:1
请求参数:
{
  "主机料温过低": {
    "address": "V4551.2",
    "value": false,
    "unit": "",
    "type": "Bool"
  },
  "主机料温过高": {
    "address": "V4551.1",
    "value": false,
    "unit": "",
    "type": "Bool"
  },
  "主机调速故障": {
    "address": "V4551.4",
    "value": false,
    "unit": "",
    "type": "Bool"
  },
  "主机过电流": {
    "address": "V4551.7",
    "value": false,
    "unit": "",
    "type": "Bool"
  },
  "主机料筒冷却风机故障": {
    "address": "V4550.4",
    "value": false,
    "unit": "",
    "type": "Bool"
  },
  "喂料调速器故障": {
    "address": "V4553.0",
    "value": false,
    "unit": "",
    "type": "Bool"
  },
  "喂料过电流": {
    "address": "V4553.1",
    "value": false,
    "unit": "",
    "type": "Bool"
  },
  "螺杆异位报警": {
    "address": "V4551.3",
    "value": false,
    "unit": "",
    "type": "Bool"
  },
  "主机急停未松开": {
    "address": "V4551.0",
    "value": false,
    "unit": "",
    "type": "Bool"
  },
  "35A调速故障": {
    "address": "V4550.1",
    "value": false,
    "unit": "",
    "type": "Bool"
  },
  "35A过电流": {
    "address": "V4550.7",
    "value": false,
    "unit": "",
    "type": "Bool"
  },
  "35A料筒冷却风机故障": {
    "address": "V4550.6",
    "value": false,
    "unit": "",
    "type": "Bool"
  },
  "35B调速故障": {
    "address": "V4550.5",
    "value": false,
    "unit": "",
    "type": "Bool"
  },
  "35B过电流": {
    "address": "V4550.0",
    "value": false,
    "unit": "",
    "type": "Bool"
  },
  "35B料筒冷却风机故障": {
    "address": "V4553.2",
    "value": false,
    "unit": "",
    "type": "Bool"
  },
  "主机转速设定值": {
    "address": "VD208",
    "value": 3.0,
    "unit": "RPM",
    "type": "Real"
  },
  "主机转速实际值": {
    "address": "VD232",
    "value": 0.0,
    "unit": "RPM",
    "type": "Real"
  },
  "主机电流负载占比": {
    "address": "VD3300",
    "value": false,
    "unit": "%",
    "type": "Bool"
  },
  "主机电流值": {
    "address": "VD256",
    "value": 0.0,
    "unit": "A",
    "type": "Real"
  },
  "喂料转速设定值": {
    "address": "VD32",
    "value": 6.000001907348633,
    "unit": "RPM",
    "type": "Real"
  },
  "喂料转速实际值": {
    "address": "VD244",
    "value": 0.0,
    "unit": "RPM",
    "type": "Real"
  },
  "喂料电流负载占比": {
    "address": "VD3304",
    "value": 0.0,
    "unit": "%",
    "type": "Real"
  },
  "喂料电流值": {
    "address": "VD260",
    "value": 0.0,
    "unit": "A",
    "type": "Real"
  },
  "65机筒1区设定值": {
    "address": "VW102",
    "value": 180,
    "unit": "℃",
    "type": "Int"
  },
  "65机筒1区实际值": {
    "address": "VW302",
    "value": 179,
    "unit": "℃",
    "type": "Int"
  },
  "65机筒2区设定值": {
    "address": "VW104",
    "value": 185,
    "unit": "℃",
    "type": "Int"
  },
  "65机筒2区实际值": {
    "address": "VW304",
    "value": 183,
    "unit": "℃",
    "type": "Int"
  },
  "65机筒3区设定值": {
    "address": "VW106",
    "value": 140,
    "unit": "℃",
    "type": "Int"
  },
  "65机筒3区实际值": {
    "address": "VW306",
    "value": 141,
    "unit": "℃",
    "type": "Int"
  },
  "65机筒4区设定值": {
    "address": "VW108",
    "value": 135,
    "unit": "℃",
    "type": "Int"
  },
  "65机筒4区实际值": {
    "address": "VW308",
    "value": 136,
    "unit": "℃",
    "type": "Int"
  },
  "65机合流芯设定值": {
    "address": "VW154",
    "value": 140,
    "unit": "℃",
    "type": "Int"
  },
  "65机合流芯实际值": {
    "address": "VW354",
    "value": 136,
    "unit": "℃",
    "type": "Int"
  },
  "芯层模具上设定值": {
    "address": "VW1130",
    "value": 135,
    "unit": "℃",
    "type": "Int"
  },
  "芯层模具上实际值": {
    "address": "VW330",
    "value": 141,
    "unit": "℃",
    "type": "Int"
  },
  "芯层模具下设定值": {
    "address": "VW1132",
    "value": 135,
    "unit": "℃",
    "type": "Int"
  },
  "芯层模具下实际值": {
    "address": "VW332",
    "value": 142,
    "unit": "℃",
    "type": "Int"
  },
  "芯层模具左设定值": {
    "address": "VW1134",
    "value": 130,
    "unit": "℃",
    "type": "Int"
  },
  "芯层模具左实际值": {
    "address": "VW334",
    "value": 137,
    "unit": "℃",
    "type": "Int"
  },
  "芯层模具右设定值": {
    "address": "VW1136",
    "value": 140,
    "unit": "℃",
    "type": "Int"
  },
  "芯层模具右实际值": {
    "address": "VW336",
    "value": 139,
    "unit": "℃",
    "type": "Int"
  },
  "外层模具上设定值": {
    "address": "VW1138",
    "value": 190,
    "unit": "℃",
    "type": "Int"
  },
  "外层模具上实际值": {
    "address": "VW338",
    "value": 189,
    "unit": "℃",
    "type": "Int"
  },
  "外层模具下设定值": {
    "address": "VW1140",
    "value": 180,
    "unit": "℃",
    "type": "Int"
  },
  "外层模具下实际值": {
    "address": "VW340",
    "value": 180,
    "unit": "℃",
    "type": "Int"
  },
  "外层模具左设定值": {
    "address": "VW1142",
    "value": 180,
    "unit": "℃",
    "type": "Int"
  },
  "外层模具左实际值": {
    "address": "VW342",
    "value": 180,
    "unit": "",
    "type": "Int"
  },
  "外层模具石设定值": {
    "address": "VW344",
    "value": 180,
    "unit": "℃",
    "type": "Int"
  },
  "外层模具石实际值": {
    "address": "VW344",
    "value": 180,
    "unit": "℃",
    "type": "Int"
  },
  "A组合流芯设定值": {
    "address": "VW346",
    "value": 197,
    "unit": "℃",
    "type": "Int"
  },
  "A组合流芯实际值": {
    "address": "VW346",
    "value": 197,
    "unit": "℃",
    "type": "Int"
  },
  "A组转接模设定值": {
    "address": "VW348",
    "value": 200,
    "unit": "℃",
    "type": "Int"
  },
  "A组转接模实际值": {
    "address": "VW348",
    "value": 200,
    "unit": "℃",
    "type": "Int"
  },
  "A组连接管设定值": {
    "address": "VW350",
    "value": 76,
    "unit": "℃",
    "type": "Int"
  },
  "A组连接管实际值": {
    "address": "VW350",
    "value": 76,
    "unit": "℃",
    "type": "Int"
  },
  "B组合流芯设定值": {
    "address": "VW352",
    "value": 154,
    "unit": "℃",
    "type": "Int"
  },
  "B组合流芯实际值": {
    "address": "VW352",
    "value": 154,
    "unit": "℃",
    "type": "Int"
  },
  "B组转接模设定值": {
    "address": "VW362",
    "value": 150,
    "unit": "℃",
    "type": "Int"
  },
  "B组转接模实际值": {
    "address": "VW362",
    "value": 150,
    "unit": "℃",
    "type": "Int"
  },
  "B组连接管设定值": {
    "address": "VW364",
    "value": 214,
    "unit": "℃",
    "type": "Int"
  },
  "B组连接管实际值": {
    "address": "VW364",
    "value": 214,
    "unit": "℃",
    "type": "Int"
  },
  "35A转速设定值": {
    "address": "VD508",
    "value": 0.0,
    "unit": "RPM",
    "type": "Real"
  },
  "35A转速实际值": {
    "address": "VD532",
    "value": 0.0,
    "unit": "RPM",
    "type": "Real"
  },
  "35A电流设定值": {
    "address": "VD2300",
    "value": 0.0,
    "unit": "%",
    "type": "Real"
  },
  "35A电流实际值": {
    "address": "VD556",
    "value": 0.0,
    "unit": "A",
    "type": "Real"
  },
  "35B转速设定值": {
    "address": "VD212",
    "value": 0.0,
    "unit": "RPM",
    "type": "Real"
  },
  "35B转速实际值": {
    "address": "VD236",
    "value": 0.0,
    "unit": "RPM",
    "type": "Real"
  },
  "35B电流设定值": {
    "address": "VD3308",
    "value": 0.0,
    "unit": "%",
    "type": "Real"
  },
  "35B电流实际值": {
    "address": "VD264",
    "value": 0.0,
    "unit": "A",
    "type": "Real"
  },
  "A组35机1区设定值": {
    "address": "VW116",
    "value": 145,
    "unit": "℃",
    "type": "Int"
  },
  "A组35机1区实际值": {
    "address": "VW118",
    "value": 200,
    "unit": "℃",
    "type": "Int"
  },
  "A组35机2区设定值": {
    "address": "VW316",
    "value": 144,
    "unit": "℃",
    "type": "Int"
  },
  "A组35机2区实际值": {
    "address": "VW318",
    "value": 198,
    "unit": "℃",
    "type": "Int"
  },
  "A组35机3区设定值": {
    "address": "VW368",
    "value": 196,
    "unit": "℃",
    "type": "Int"
  },
  "A组35机3区实际值": {
    "address": "VW370",
    "value": 143,
    "unit": "℃",
    "type": "Int"
  },
  "B组35机1区设定值": {
    "address": "VW118",
    "value": 200,
    "unit": "℃",
    "type": "Int"
  },
  "B组35机1区实际值": {
    "address": "VW370",
    "value": 143,
    "unit": "℃",
    "type": "Int"
  },
  "B组35机2区设定值": {
    "address": "VW120",
    "value": 155,
    "unit": "℃",
    "type": "Int"
  },
  "B组35机2区实际值": {
    "address": "VW322",
    "value": 152,
    "unit": "℃",
    "type": "Int"
  },
  "B组35机3区设定值": {
    "address": "VW112",
    "value": 150,
    "unit": "℃",
    "type": "Int"
  },
  "B组35机3区实际值": {
    "address": "VW312",
    "value": 148,
    "unit": "℃",
    "type": "Int"
  },
  "A组备用1设定值": {
    "address": "VW160",
    "value": 0,
    "unit": "℃",
    "type": "Int"
  },
  "A组备用1实际值": {
    "address": "VW312",
    "value": 148,
    "unit": "℃",
    "type": "Int"
  },
  "A组备用2设定值": {
    "address": "VW166",
    "value": 0,
    "unit": "℃",
    "type": "Int"
  },
  "A组备用2实际值": {
    "address": "VW366",
    "value": 3276,
    "unit": "℃",
    "type": "Int"
  },
  "B组备用1设定值": {
    "address": "VW156",
    "value": 0,
    "unit": "℃",
    "type": "Int"
  },
  "B组备用1实际值": {
    "address": "VW356",
    "value": 3276,
    "unit": "℃",
    "type": "Int"
  },
  "B组备用2设定值": {
    "address": "VW158",
    "value": 0,
    "unit": "℃",
    "type": "Int"
  },
  "B组备用2实际值": {
    "address": "VW358",
    "value": 3276,
    "unit": "℃",
    "type": "Int"
  },
  "25B调速故障": {
    "address": "V4550.7",
    "value": false,
    "unit": "",
    "type": "Bool"
  },
  "25B料筒冷却风机故障": {
    "address": "V4550.4",
    "value": false,
    "unit": "",
    "type": "Bool"
  },
  "25A调速故障": {
    "address": "V4551.4",
    "value": false,
    "unit": "",
    "type": "Bool"
  },
  "25A料筒冷却风机故障": {
    "address": "V4550.6",
    "value": false,
    "unit": "",
    "type": "Bool"
  },
  "25A过电流": {
    "address": "V4551.7",
    "value": false,
    "unit": "",
    "type": "Bool"
  },
  "25B转速设定值": {
    "address": "VD212",
    "value": 0.0,
    "unit": "RPM",
    "type": "Real"
  },
  "25B转速实际值": {
    "address": "VD532",
    "value": 0.0,
    "unit": "RPM",
    "type": "Real"
  },
  "25B电流设定值": {
    "address": "VD2300",
    "value": 0.0,
    "unit": "%",
    "type": "Real"
  },
  "25B电流实际值": {
    "address": "VD556",
    "value": 0.0,
    "unit": "A",
    "type": "Real"
  },
  "25A转速设定值": {
    "address": "VD208",
    "value": 4.699997901916504,
    "unit": "RPM",
    "type": "Real"
  },
  "25A转速实际值": {
    "address": "VD232",
    "value": 0.0,
    "unit": "RPM",
    "type": "Real"
  },
  "25A电流设定值": {
    "address": "VD3300",
    "value": 0.0,
    "unit": "%",
    "type": "Real"
  },
  "25A电流实际值": {
    "address": "VD256",
    "value": 0.0,
    "unit": "A",
    "type": "Real"
  },
  "B组25机1区设定值": {
    "address": "VW102",
    "value": 145,
    "unit": "℃",
    "type": "Int"
  },
  "B组25机1区实际值": {
    "address": "VW104",
    "value": 235,
    "unit": "℃",
    "type": "Int"
  },
  "B组25机2区设定值": {
    "address": "VW104",
    "value": 235,
    "unit": "℃",
    "type": "Int"
  },
  "B组25机2区实际值": {
    "address": "VW304",
    "value": 232,
    "unit": "℃",
    "type": "Int"
  },
  "B组25机3区设定值": {
    "address": "VW106",
    "value": 235,
    "unit": "℃",
    "type": "Int"
  },
  "B组25机3区实际值": {
    "address": "VW306",
    "value": 230,
    "unit": "℃",
    "type": "Int"
  },
  "A组25机1区设定值": {
    "address": "VW108",
    "value": 145,
    "unit": "℃",
    "type": "Int"
  },
  "A组25机1区实际值": {
    "address": "VW308",
    "value": 39,
    "unit": "℃",
    "type": "Int"
  },
  "A组25机2区设定值": {
    "address": "VW116",
    "value": 170,
    "unit": "℃",
    "type": "Int"
  },
  "A组25机2区实际值": {
    "address": "VW316",
    "value": 40,
    "unit": "℃",
    "type": "Int"
  },
  "A组25机3区设定值": {
    "address": "VW118",
    "value": 170,
    "unit": "℃",
    "type": "Int"
  },
  "A组25机3区实际值": {
    "address": "VW318",
    "value": 43,
    "unit": "℃",
    "type": "Int"
  },
  "25B共挤备用1设定值": {
    "address": "VW130",
    "value": 0,
    "unit": "℃",
    "type": "Int"
  },
  "25B共挤备用1实际值": {
    "address": "VW330",
    "value": 3276,
    "unit": "℃",
    "type": "Int"
  },
  "25B共挤备用2设定值": {
    "address": "VW132",
    "value": 0,
    "unit": "℃",
    "type": "Int"
  },
  "25B共挤备用2实际值": {
    "address": "VW332",
    "value": 3276,
    "unit": "℃",
    "type": "Int"
  },
  "25A共挤备用1设定值": {
    "address": "VW134",
    "value": 0,
    "unit": "℃",
    "type": "Int"
  },
  "25A共挤备用1实际值": {
    "address": "VW334",
    "value": 3276,
    "unit": "℃",
    "type": "Int"
  },
  "25A共挤备用2设定值": {
    "address": "VW136",
    "value": 0,
    "unit": "℃",
    "type": "Int"
  },
  "25A共挤备用2实际值": {
    "address": "VW336",
    "value": 3276,
    "unit": "℃",
    "type": "Int"
  }
}
详情: 机台: 默认挤出机 (ID: 1), 参数数量: 122
返回结果:
{
  "machine": {
    "id": 1,
    "name": "默认挤出机"
  },
  "parameters": {
    "主机料温过低": {
      "address": "V4551.2",
      "value": false,
      "unit": "",
      "type": "Bool",
      "is_readonly": true,
      "slot": 2
    },
    "主机料温过高": {
      "address": "V4551.1",
      "value": false,
      "unit": "",
      "type": "Bool",
      "is_readonly": true,
      "slot": 2
    },
    "主机调速故障": {
      "address": "V4551.4",
      "value": false,
      "unit": "",
      "type": "Bool",
      "is_readonly": true,
      "slot": 2
    },
    "主机过电流": {
      "address": "V4551.7",
      "value": false,
      "unit": "",
      "type": "Bool",
      "is_readonly": true,
      "slot": 2
    },
    "主机料筒冷却风机故障": {
      "address": "V4550.4",
      "value": false,
      "unit": "",
      "type": "Bool",
      "is_readonly": true,
      "slot": 2
    },
    "喂料调速器故障": {
      "address": "V4553.0",
      "value": false,
      "unit": "",
      "type": "Bool",
      "is_readonly": true,
      "slot": 2
    },
    "喂料过电流": {
      "address": "V4553.1",
      "value": false,
      "unit": "",
      "type": "Bool",
      "is_readonly": true,
      "slot": 2
    },
    "螺杆异位报警": {
      "address": "V4551.3",
      "value": false,
      "unit": "",
      "type": "Bool",
      "is_readonly": true,
      "slot": 2
    },
    "主机急停未松开": {
      "address": "V4551.0",
      "value": false,
      "unit": "",
      "type": "Bool",
      "is_readonly": true,
      "slot": 2
    },
    "35A调速故障": {
      "address": "V4550.1",
      "value": false,
      "unit": "",
      "type": "Bool",
      "is_readonly": true,
      "slot": 2
    },
    "35A过电流": {
      "address": "V4550.7",
      "value": false,
      "unit": "",
      "type": "Bool",
      "is_readonly": true,
      "slot": 2
    },
    "35A料筒冷却风机故障": {
      "address": "V4550.6",
      "value": false,
      "unit": "",
      "type": "Bool",
      "is_readonly": true,
      "slot": 2
    },
    "35B调速故障": {
      "address": "V4550.5",
      "value": false,
      "unit": "",
      "type": "Bool",
      "is_readonly": true,
      "slot": 2
    },
    "35B过电流": {
      "address": "V4550.0",
      "value": false,
      "unit": "",
      "type": "Bool",
      "is_readonly": true,
      "slot": 2
    },
    "35B料筒冷却风机故障": {
      "address": "V4553.2",
      "value": false,
      "unit": "",
      "type": "Bool",
      "is_readonly": true,
      "slot": 2
    },
    "主机转速设定值": {
      "address": "VD208",
      "value": 3.0,
      "unit": "RPM",
      "type": "Real",
      "is_readonly": false,
      "slot": 2
    },
    "主机转速实际值": {
      "address": "VD232",
      "value": 0.0,
      "unit": "RPM",
      "type": "Real",
      "is_readonly": true,
      "slot": 2
    },
    "主机电流负载占比": {
      "address": "VD3300",
      "value": false,
      "unit": "%",
      "type": "Bool",
      "is_readonly": true,
      "slot": 2
    },
    "主机电流值": {
      "address": "VD256",
      "value": 0.0,
      "unit": "A",
      "type": "Real",
      "is_readonly": true,
      "slot": 2
    },
    "喂料转速设定值": {
      "address": "VD32",
      "value": 6.000001907348633,
      "unit": "RPM",
      "type": "Real",
      "is_readonly": false,
      "slot": 2
    },
    "喂料转速实际值": {
      "address": "VD244",
      "value": 0.0,
      "unit": "RPM",
      "type": "Real",
      "is_readonly": true,
      "slot": 2
    },
    "喂料电流负载占比": {
      "address": "VD3304",
      "value": 0.0,
      "unit": "%",
      "type": "Real",
      "is_readonly": true,
      "slot": 2
    },
    "喂料电流值": {
      "address": "VD260",
      "value": 0.0,
      "unit": "A",
      "type": "Real",
      "is_readonly": true,
      "slot": 2
    },
    "65机筒1区设定值": {
      "address": "VW102",
      "value": 180,
      "unit": "℃",
      "type": "Int",
      "is_readonly": false,
      "slot": 2
    },
    "65机筒1区实际值": {
      "address": "VW302",
      "value": 179,
      "unit": "℃",
      "type": "Int",
      "is_readonly": true,
      "slot": 2
    },
    "65机筒2区设定值": {
      "address": "VW104",
      "value": 185,
      "unit": "℃",
      "type": "Int",
      "is_readonly": false,
      "slot": 2
    },
    "65机筒2区实际值": {
      "address": "VW304",
      "value": 183,
      "unit": "℃",
      "type": "Int",
      "is_readonly": true,
      "slot": 2
    },
    "65机筒3区设定值": {
      "address": "VW106",
      "value": 140,
      "unit": "℃",
      "type": "Int",
      "is_readonly": false,
      "slot": 2
    },
    "65机筒3区实际值": {
      "address": "VW306",
      "value": 141,
      "unit": "℃",
      "type": "Int",
      "is_readonly": true,
      "slot": 2
    },
    "65机筒4区设定值": {
      "address": "VW108",
      "value": 135,
      "unit": "℃",
      "type": "Int",
      "is_readonly": false,
      "slot": 2
    },
    "65机筒4区实际值": {
      "address": "VW308",
      "value": 136,
      "unit": "℃",
      "type": "Int",
      "is_readonly": true,
      "slot": 2
    },
    "65机合流芯设定值": {
      "address": "VW154",
      "value": 140,
      "unit": "℃",
      "type": "Int",
      "is_readonly": false,
      "slot": 2
    },
    "65机合流芯实际值": {
      "address": "VW354",
      "value": 136,
      "unit": "℃",
      "type": "Int",
      "is_readonly": true,
      "slot": 2
    },
    "芯层模具上设定值": {
      "address": "VW1130",
      "value": 135,
      "unit": "℃",
      "type": "Int",
      "is_readonly": false,
      "slot": 2
    },
    "芯层模具上实际值": {
      "address": "VW330",
      "value": 141,
      "unit": "℃",
      "type": "Int",
      "is_readonly": true,
      "slot": 2
    },
    "芯层模具下设定值": {
      "address": "VW1132",
      "value": 135,
      "unit": "℃",
      "type": "Int",
      "is_readonly": false,
      "slot": 2
    },
    "芯层模具下实际值": {
      "address": "VW332",
      "value": 142,
      "unit": "℃",
      "type": "Int",
      "is_readonly": true,
      "slot": 2
    },
    "芯层模具左设定值": {
      "address": "VW1134",
      "value": 130,
      "unit": "℃",
      "type": "Int",
      "is_readonly": false,
      "slot": 2
    },
    "芯层模具左实际值": {
      "address": "VW334",
      "value": 137,
      "unit": "℃",
      "type": "Int",
      "is_readonly": true,
      "slot": 2
    },
    "芯层模具右设定值": {
      "address": "VW1136",
      "value": 140,
      "unit": "℃",
      "type": "Int",
      "is_readonly": false,
      "slot": 2
    },
    "芯层模具右实际值": {
      "address": "VW336",
      "value": 139,
      "unit": "℃",
      "type": "Int",
      "is_readonly": true,
      "slot": 2
    },
    "外层模具上设定值": {
      "address": "VW1138",
      "value": 190,
      "unit": "℃",
      "type": "Int",
      "is_readonly": false,
      "slot": 2
    },
    "外层模具上实际值": {
      "address": "VW338",
      "value": 189,
      "unit": "℃",
      "type": "Int",
      "is_readonly": true,
      "slot": 2
    },
    "外层模具下设定值": {
      "address": "VW1140",
      "value": 180,
      "unit": "℃",
      "type": "Int",
      "is_readonly": false,
      "slot": 2
    },
    "外层模具下实际值": {
      "address": "VW340",
      "value": 180,
      "unit": "℃",
      "type": "Int",
      "is_readonly": true,
      "slot": 2
    },
    "外层模具左设定值": {
      "address": "VW1142",
      "value": 180,
      "unit": "℃",
      "type": "Int",
      "is_readonly": false,
      "slot": 2
    },
    "外层模具左实际值": {
      "address": "VW342",
      "value": 180,
      "unit": "",
      "type": "Int",
      "is_readonly": true,
      "slot": 2
    },
    "外层模具石设定值": {
      "address": "VW344",
      "value": 180,
      "unit": "℃",
      "type": "Int",
      "is_readonly": false,
      "slot": 2
    },
    "外层模具石实际值": {
      "address": "VW344",
      "value": 180,
      "unit": "℃",
      "type": "Int",
      "is_readonly": true,
      "slot": 2
    },
    "A组合流芯设定值": {
      "address": "VW346",
      "value": 197,
      "unit": "℃",
      "type": "Int",
      "is_readonly": false,
      "slot": 2
    },
    "A组合流芯实际值": {
      "address": "VW346",
      "value": 197,
      "unit": "℃",
      "type": "Int",
      "is_readonly": true,
      "slot": 2
    },
    "A组转接模设定值": {
      "address": "VW348",
      "value": 200,
      "unit": "℃",
      "type": "Int",
      "is_readonly": false,
      "slot": 2
    },
    "A组转接模实际值": {
      "address": "VW348",
      "value": 200,
      "unit": "℃",
      "type": "Int",
      "is_readonly": true,
      "slot": 2
    },
    "A组连接管设定值": {
      "address": "VW350",
      "value": 76,
      "unit": "℃",
      "type": "Int",
      "is_readonly": false,
      "slot": 2
    },
    "A组连接管实际值": {
      "address": "VW350",
      "value": 76,
      "unit": "℃",
      "type": "Int",
      "is_readonly": true,
      "slot": 2
    },
    "B组合流芯设定值": {
      "address": "VW352",
      "value": 154,
      "unit": "℃",
      "type": "Int",
      "is_readonly": false,
      "slot": 2
    },
    "B组合流芯实际值": {
      "address": "VW352",
      "value": 154,
      "unit": "℃",
      "type": "Int",
      "is_readonly": true,
      "slot": 2
    },
    "B组转接模设定值": {
      "address": "VW362",
      "value": 150,
      "unit": "℃",
      "type": "Int",
      "is_readonly": false,
      "slot": 2
    },
    "B组转接模实际值": {
      "address": "VW362",
      "value": 150,
      "unit": "℃",
      "type": "Int",
      "is_readonly": true,
      "slot": 2
    },
    "B组连接管设定值": {
      "address": "VW364",
      "value": 214,
      "unit": "℃",
      "type": "Int",
      "is_readonly": false,
      "slot": 2
    },
    "B组连接管实际值": {
      "address": "VW364",
      "value": 214,
      "unit": "℃",
      "type": "Int",
      "is_readonly": true,
      "slot": 2
    },
    "35A转速设定值": {
      "address": "VD508",
      "value": 0.0,
      "unit": "RPM",
      "type": "Real",
      "is_readonly": false,
      "slot": 2
    },
    "35A转速实际值": {
      "address": "VD532",
      "value": 0.0,
      "unit": "RPM",
      "type": "Real",
      "is_readonly": true,
      "slot": 2
    },
    "35A电流设定值": {
      "address": "VD2300",
      "value": 0.0,
      "unit": "%",
      "type": "Real",
      "is_readonly": false,
      "slot": 2
    },
    "35A电流实际值": {
      "address": "VD556",
      "value": 0.0,
      "unit": "A",
      "type": "Real",
      "is_readonly": true,
      "slot": 2
    },
    "35B转速设定值": {
      "address": "VD212",
      "value": 0.0,
      "unit": "RPM",
      "type": "Real",
      "is_readonly": false,
      "slot": 2
    },
    "35B转速实际值": {
      "address": "VD236",
      "value": 0.0,
      "unit": "RPM",
      "type": "Real",
      "is_readonly": true,
      "slot": 2
    },
    "35B电流设定值": {
      "address": "VD3308",
      "value": 0.0,
      "unit": "%",
      "type": "Real",
      "is_readonly": false,
      "slot": 2
    },
    "35B电流实际值": {
      "address": "VD264",
      "value": 0.0,
      "unit": "A",
      "type": "Real",
      "is_readonly": true,
      "slot": 2
    },
    "A组35机1区设定值": {
      "address": "VW116",
      "value": 145,
      "unit": "℃",
      "type": "Int",
      "is_readonly": false,
      "slot": 2
    },
    "A组35机1区实际值": {
      "address": "VW118",
      "value": 200,
      "unit": "℃",
      "type": "Int",
      "is_readonly": true,
      "slot": 2
    },
    "A组35机2区设定值": {
      "address": "VW316",
      "value": 144,
      "unit": "℃",
      "type": "Int",
      "is_readonly": false,
      "slot": 2
    },
    "A组35机2区实际值": {
      "address": "VW318",
      "value": 198,
      "unit": "℃",
      "type": "Int",
      "is_readonly": true,
      "slot": 2
    },
    "A组35机3区设定值": {
      "address": "VW368",
      "value": 196,
      "unit": "℃",
      "type": "Int",
      "is_readonly": false,
      "slot": 2
    },
    "A组35机3区实际值": {
      "address": "VW370",
      "value": 143,
      "unit": "℃",
      "type": "Int",
      "is_readonly": true,
      "slot": 2
    },
    "B组35机1区设定值": {
      "address": "VW118",
      "value": 200,
      "unit": "℃",
      "type": "Int",
      "is_readonly": false,
      "slot": 2
    },
    "B组35机1区实际值": {
      "address": "VW370",
      "value": 143,
      "unit": "℃",
      "type": "Int",
      "is_readonly": true,
      "slot": 2
    },
    "B组35机2区设定值": {
      "address": "VW120",
      "value": 155,
      "unit": "℃",
      "type": "Int",
      "is_readonly": false,
      "slot": 2
    },
    "B组35机2区实际值": {
      "address": "VW322",
      "value": 152,
      "unit": "℃",
      "type": "Int",
      "is_readonly": true,
      "slot": 2
    },
    "B组35机3区设定值": {
      "address": "VW112",
      "value": 150,
      "unit": "℃",
      "type": "Int",
      "is_readonly": false,
      "slot": 2
    },
    "B组35机3区实际值": {
      "address": "VW312",
      "value": 148,
      "unit": "℃",
      "type": "Int",
      "is_readonly": true,
      "slot": 2
    },
    "A组备用1设定值": {
      "address": "VW160",
      "value": 0,
      "unit": "℃",
      "type": "Int",
      "is_readonly": false,
      "slot": 2
    },
    "A组备用1实际值": {
      "address": "VW312",
      "value": 148,
      "unit": "℃",
      "type": "Int",
      "is_readonly": true,
      "slot": 2
    },
    "A组备用2设定值": {
      "address": "VW166",
      "value": 0,
      "unit": "℃",
      "type": "Int",
      "is_readonly": false,
      "slot": 2
    },
    "A组备用2实际值": {
      "address": "VW366",
      "value": 3276,
      "unit": "℃",
      "type": "Int",
      "is_readonly": true,
      "slot": 2
    },
    "B组备用1设定值": {
      "address": "VW156",
      "value": 0,
      "unit": "℃",
      "type": "Int",
      "is_readonly": false,
      "slot": 2
    },
    "B组备用1实际值": {
      "address": "VW356",
      "value": 3276,
      "unit": "℃",
      "type": "Int",
      "is_readonly": true,
      "slot": 2
    },
    "B组备用2设定值": {
      "address": "VW158",
      "value": 0,
      "unit": "℃",
      "type": "Int",
      "is_readonly": false,
      "slot": 2
    },
    "B组备用2实际值": {
      "address": "VW358",
      "value": 3276,
      "unit": "℃",
      "type": "Int",
      "is_readonly": true,
      "slot": 2
    },
    "25B调速故障": {
      "address": "V4550.7",
      "value": false,
      "unit": "",
      "type": "Bool",
      "is_readonly": true,
      "slot": 3
    },
    "25B料筒冷却风机故障": {
      "address": "V4550.4",
      "value": false,
      "unit": "",
      "type": "Bool",
      "is_readonly": false,
      "slot": 3
    },
    "25A调速故障": {
      "address": "V4551.4",
      "value": false,
      "unit": "",
      "type": "Bool",
      "is_readonly": true,
      "slot": 3
    },
    "25A料筒冷却风机故障": {
      "address": "V4550.6",
      "value": false,
      "unit": "",
      "type": "Bool",
      "is_readonly": true,
      "slot": 3
    },
    "25A过电流": {
      "address": "V4551.7",
      "value": false,
      "unit": "",
      "type": "Bool",
      "is_readonly": false,
      "slot": 3
    },
    "25B转速设定值": {
      "address": "VD212",
      "value": 0.0,
      "unit": "RPM",
      "type": "Real",
      "is_readonly": false,
      "slot": 3
    },
    "25B转速实际值": {
      "address": "VD532",
      "value": 0.0,
      "unit": "RPM",
      "type": "Real",
      "is_readonly": true,
      "slot": 3
    },
    "25B电流设定值": {
      "address": "VD2300",
      "value": 0.0,
      "unit": "%",
      "type": "Real",
      "is_readonly": false,
      "slot": 3
    },
    "25B电流实际值": {
      "address": "VD556",
      "value": 0.0,
      "unit": "A",
      "type": "Real",
      "is_readonly": true,
      "slot": 3
    },
    "25A转速设定值": {
      "address": "VD208",
      "value": 4.699997901916504,
      "unit": "RPM",
      "type": "Real",
      "is_readonly": false,
      "slot": 3
    },
    "25A转速实际值": {
      "address": "VD232",
      "value": 0.0,
      "unit": "RPM",
      "type": "Real",
      "is_readonly": true,
      "slot": 3
    },
    "25A电流设定值": {
      "address": "VD3300",
      "value": 0.0,
      "unit": "%",
      "type": "Real",
      "is_readonly": false,
      "slot": 3
    },
    "25A电流实际值": {
      "address": "VD256",
      "value": 0.0,
      "unit": "A",
      "type": "Real",
      "is_readonly": true,
      "slot": 3
    },
    "B组25机1区设定值": {
      "address": "VW102",
      "value": 145,
      "unit": "℃",
      "type": "Int",
      "is_readonly": false,
      "slot": 3
    },
    "B组25机1区实际值": {
      "address": "VW104",
      "value": 235,
      "unit": "℃",
      "type": "Int",
      "is_readonly": true,
      "slot": 3
    },
    "B组25机2区设定值": {
      "address": "VW104",
      "value": 235,
      "unit": "℃",
      "type": "Int",
      "is_readonly": false,
      "slot": 3
    },
    "B组25机2区实际值": {
      "address": "VW304",
      "value": 232,
      "unit": "℃",
      "type": "Int",
      "is_readonly": true,
      "slot": 3
    },
    "B组25机3区设定值": {
      "address": "VW106",
      "value": 235,
      "unit": "℃",
      "type": "Int",
      "is_readonly": false,
      "slot": 3
    },
    "B组25机3区实际值": {
      "address": "VW306",
      "value": 230,
      "unit": "℃",
      "type": "Int",
      "is_readonly": true,
      "slot": 3
    },
    "A组25机1区设定值": {
      "address": "VW108",
      "value": 145,
      "unit": "℃",
      "type": "Int",
      "is_readonly": false,
      "slot": 3
    },
    "A组25机1区实际值": {
      "address": "VW308",
      "value": 39,
      "unit": "℃",
      "type": "Int",
      "is_readonly": true,
      "slot": 3
    },
    "A组25机2区设定值": {
      "address": "VW116",
      "value": 170,
      "unit": "℃",
      "type": "Int",
      "is_readonly": false,
      "slot": 3
    },
    "A组25机2区实际值": {
      "address": "VW316",
      "value": 40,
      "unit": "℃",
      "type": "Int",
      "is_readonly": true,
      "slot": 3
    },
    "A组25机3区设定值": {
      "address": "VW118",
      "value": 170,
      "unit": "℃",
      "type": "Int",
      "is_readonly": false,
      "slot": 3
    },
    "A组25机3区实际值": {
      "address": "VW318",
      "value": 43,
      "unit": "℃",
      "type": "Int",
      "is_readonly": true,
      "slot": 3
    },
    "25B共挤备用1设定值": {
      "address": "VW130",
      "value": 0,
      "unit": "℃",
      "type": "Int",
      "is_readonly": false,
      "slot": 3
    },
    "25B共挤备用1实际值": {
      "address": "VW330",
      "value": 3276,
      "unit": "℃",
      "type": "Int",
      "is_readonly": true,
      "slot": 3
    },
    "25B共挤备用2设定值": {
      "address": "VW132",
      "value": 0,
      "unit": "℃",
      "type": "Int",
      "is_readonly": false,
      "slot": 3
    },
    "25B共挤备用2实际值": {
      "address": "VW332",
      "value": 3276,
      "unit": "℃",
      "type": "Int",
      "is_readonly": true,
      "slot": 3
    },
    "25A共挤备用1设定值": {
      "address": "VW134",
      "value": 0,
      "unit": "℃",
      "type": "Int",
      "is_readonly": false,
      "slot": 3
    },
    "25A共挤备用1实际值": {
      "address": "VW334",
      "value": 3276,
      "unit": "℃",
      "type": "Int",
      "is_readonly": true,
      "slot": 3
    },
    "25A共挤备用2设定值": {
      "address": "VW136",
      "value": 0,
      "unit": "℃",
      "type": "Int",
      "is_readonly": false,
      "slot": 3
    },
    "25A共挤备用2实际值": {
      "address": "VW336",
      "value": 3276,
      "unit": "℃",
      "type": "Int",
      "is_readonly": true,
      "slot": 3
    }
  }
}
------------------------------------------------------------
2026-05-09 13:16:31 | 读取PLC | 机台 | 用户ID:1
请求参数:
{
  "主机料温过低": {
    "address": "V4551.2",
    "value": false,
    "unit": "",
    "type": "Bool"
  },
  "主机料温过高": {
    "address": "V4551.1",
    "value": false,
    "unit": "",
    "type": "Bool"
  },
  "主机调速故障": {
    "address": "V4551.4",
    "value": false,
    "unit": "",
    "type": "Bool"
  },
  "主机过电流": {
    "address": "V4551.7",
    "value": false,
    "unit": "",
    "type": "Bool"
  },
  "主机料筒冷却风机故障": {
    "address": "V4550.4",
    "value": false,
    "unit": "",
    "type": "Bool"
  },
  "喂料调速器故障": {
    "address": "V4553.0",
    "value": false,
    "unit": "",
    "type": "Bool"
  },
  "喂料过电流": {
    "address": "V4553.1",
    "value": false,
    "unit": "",
    "type": "Bool"
  },
  "螺杆异位报警": {
    "address": "V4551.3",
    "value": false,
    "unit": "",
    "type": "Bool"
  },
  "主机急停未松开": {
    "address": "V4551.0",
    "value": false,
    "unit": "",
    "type": "Bool"
  },
  "35A调速故障": {
    "address": "V4550.1",
    "value": false,
    "unit": "",
    "type": "Bool"
  },
  "35A过电流": {
    "address": "V4550.7",
    "value": false,
    "unit": "",
    "type": "Bool"
  },
  "35A料筒冷却风机故障": {
    "address": "V4550.6",
    "value": false,
    "unit": "",
    "type": "Bool"
  },
  "35B调速故障": {
    "address": "V4550.5",
    "value": false,
    "unit": "",
    "type": "Bool"
  },
  "35B过电流": {
    "address": "V4550.0",
    "value": false,
    "unit": "",
    "type": "Bool"
  },
  "35B料筒冷却风机故障": {
    "address": "V4553.2",
    "value": false,
    "unit": "",
    "type": "Bool"
  },
  "主机转速设定值": {
    "address": "VD208",
    "value": 3.0,
    "unit": "RPM",
    "type": "Real"
  },
  "主机转速实际值": {
    "address": "VD232",
    "value": 0.0,
    "unit": "RPM",
    "type": "Real"
  },
  "主机电流负载占比": {
    "address": "VD3300",
    "value": 0.0,
    "unit": "%",
    "type": "Real"
  },
  "主机电流值": {
    "address": "VD256",
    "value": 0.0,
    "unit": "A",
    "type": "Real"
  },
  "喂料转速设定值": {
    "address": "VD32",
    "value": 6.000001907348633,
    "unit": "RPM",
    "type": "Real"
  },
  "喂料转速实际值": {
    "address": "VD244",
    "value": 0.0,
    "unit": "RPM",
    "type": "Real"
  },
  "喂料电流负载占比": {
    "address": "VD3304",
    "value": 0.0,
    "unit": "%",
    "type": "Real"
  },
  "喂料电流值": {
    "address": "VD260",
    "value": 0.0,
    "unit": "A",
    "type": "Real"
  },
  "65机筒1区设定值": {
    "address": "VW102",
    "value": 180,
    "unit": "℃",
    "type": "Int"
  },
  "65机筒1区实际值": {
    "address": "VW302",
    "value": 179,
    "unit": "℃",
    "type": "Int"
  },
  "65机筒2区设定值": {
    "address": "VW104",
    "value": 185,
    "unit": "℃",
    "type": "Int"
  },
  "65机筒2区实际值": {
    "address": "VW304",
    "value": 183,
    "unit": "℃",
    "type": "Int"
  },
  "65机筒3区设定值": {
    "address": "VW106",
    "value": 140,
    "unit": "℃",
    "type": "Int"
  },
  "65机筒3区实际值": {
    "address": "VW306",
    "value": 139,
    "unit": "℃",
    "type": "Int"
  },
  "65机筒4区设定值": {
    "address": "VW108",
    "value": 135,
    "unit": "℃",
    "type": "Int"
  },
  "65机筒4区实际值": {
    "address": "VW308",
    "value": 136,
    "unit": "℃",
    "type": "Int"
  },
  "65机合流芯设定值": {
    "address": "VW154",
    "value": 140,
    "unit": "℃",
    "type": "Int"
  },
  "65机合流芯实际值": {
    "address": "VW354",
    "value": 136,
    "unit": "℃",
    "type": "Int"
  },
  "芯层模具上设定值": {
    "address": "VW1130",
    "value": 135,
    "unit": "℃",
    "type": "Int"
  },
  "芯层模具上实际值": {
    "address": "VW330",
    "value": 141,
    "unit": "℃",
    "type": "Int"
  },
  "芯层模具下设定值": {
    "address": "VW1132",
    "value": 135,
    "unit": "℃",
    "type": "Int"
  },
  "芯层模具下实际值": {
    "address": "VW332",
    "value": 142,
    "unit": "℃",
    "type": "Int"
  },
  "芯层模具左设定值": {
    "address": "VW1134",
    "value": 130,
    "unit": "℃",
    "type": "Int"
  },
  "芯层模具左实际值": {
    "address": "VW334",
    "value": 137,
    "unit": "℃",
    "type": "Int"
  },
  "芯层模具右设定值": {
    "address": "VW1136",
    "value": 140,
    "unit": "℃",
    "type": "Int"
  },
  "芯层模具右实际值": {
    "address": "VW336",
    "value": 139,
    "unit": "℃",
    "type": "Int"
  },
  "外层模具上设定值": {
    "address": "VW1138",
    "value": 190,
    "unit": "℃",
    "type": "Int"
  },
  "外层模具上实际值": {
    "address": "VW338",
    "value": 190,
    "unit": "℃",
    "type": "Int"
  },
  "外层模具下设定值": {
    "address": "VW1140",
    "value": 180,
    "unit": "℃",
    "type": "Int"
  },
  "外层模具下实际值": {
    "address": "VW340",
    "value": 183,
    "unit": "℃",
    "type": "Int"
  },
  "外层模具左设定值": {
    "address": "VW1142",
    "value": 180,
    "unit": "℃",
    "type": "Int"
  },
  "外层模具左实际值": {
    "address": "VW342",
    "value": 180,
    "unit": "",
    "type": "Int"
  },
  "外层模具石设定值": {
    "address": "VW344",
    "value": 180,
    "unit": "℃",
    "type": "Int"
  },
  "外层模具石实际值": {
    "address": "VW344",
    "value": 180,
    "unit": "℃",
    "type": "Int"
  },
  "A组合流芯设定值": {
    "address": "VW346",
    "value": 198,
    "unit": "℃",
    "type": "Int"
  },
  "A组合流芯实际值": {
    "address": "VW346",
    "value": 198,
    "unit": "℃",
    "type": "Int"
  },
  "A组转接模设定值": {
    "address": "VW348",
    "value": 199,
    "unit": "℃",
    "type": "Int"
  },
  "A组转接模实际值": {
    "address": "VW348",
    "value": 199,
    "unit": "℃",
    "type": "Int"
  },
  "A组连接管设定值": {
    "address": "VW350",
    "value": 76,
    "unit": "℃",
    "type": "Int"
  },
  "A组连接管实际值": {
    "address": "VW350",
    "value": 76,
    "unit": "℃",
    "type": "Int"
  },
  "B组合流芯设定值": {
    "address": "VW352",
    "value": 156,
    "unit": "℃",
    "type": "Int"
  },
  "B组合流芯实际值": {
    "address": "VW352",
    "value": 156,
    "unit": "℃",
    "type": "Int"
  },
  "B组转接模设定值": {
    "address": "VW362",
    "value": 151,
    "unit": "℃",
    "type": "Int"
  },
  "B组转接模实际值": {
    "address": "VW362",
    "value": 151,
    "unit": "℃",
    "type": "Int"
  },
  "B组连接管设定值": {
    "address": "VW364",
    "value": 222,
    "unit": "℃",
    "type": "Int"
  },
  "B组连接管实际值": {
    "address": "VW364",
    "value": 222,
    "unit": "℃",
    "type": "Int"
  },
  "35A转速设定值": {
    "address": "VD508",
    "value": 0.0,
    "unit": "RPM",
    "type": "Real"
  },
  "35A转速实际值": {
    "address": "VD532",
    "value": 0.0,
    "unit": "RPM",
    "type": "Real"
  },
  "35A电流设定值": {
    "address": "VD2300",
    "value": 0.0,
    "unit": "%",
    "type": "Real"
  },
  "35A电流实际值": {
    "address": "VD556",
    "value": 0.0,
    "unit": "A",
    "type": "Real"
  },
  "35B转速设定值": {
    "address": "VD212",
    "value": 0.0,
    "unit": "RPM",
    "type": "Real"
  },
  "35B转速实际值": {
    "address": "VD236",
    "value": 0.0,
    "unit": "RPM",
    "type": "Real"
  },
  "35B电流设定值": {
    "address": "VD3308",
    "value": 0.0,
    "unit": "%",
    "type": "Real"
  },
  "35B电流实际值": {
    "address": "VD264",
    "value": 0.0,
    "unit": "A",
    "type": "Real"
  },
  "A组35机1区设定值": {
    "address": "VW116",
    "value": 145,
    "unit": "℃",
    "type": "Int"
  },
  "A组35机1区实际值": {
    "address": "VW118",
    "value": 200,
    "unit": "℃",
    "type": "Int"
  },
  "A组35机2区设定值": {
    "address": "VW316",
    "value": 144,
    "unit": "℃",
    "type": "Int"
  },
  "A组35机2区实际值": {
    "address": "VW318",
    "value": 198,
    "unit": "℃",
    "type": "Int"
  },
  "A组35机3区设定值": {
    "address": "VW368",
    "value": 196,
    "unit": "℃",
    "type": "Int"
  },
  "A组35机3区实际值": {
    "address": "VW370",
    "value": 143,
    "unit": "℃",
    "type": "Int"
  },
  "B组35机1区设定值": {
    "address": "VW118",
    "value": 200,
    "unit": "℃",
    "type": "Int"
  },
  "B组35机1区实际值": {
    "address": "VW370",
    "value": 143,
    "unit": "℃",
    "type": "Int"
  },
  "B组35机2区设定值": {
    "address": "VW120",
    "value": 155,
    "unit": "℃",
    "type": "Int"
  },
  "B组35机2区实际值": {
    "address": "VW322",
    "value": 153,
    "unit": "℃",
    "type": "Int"
  },
  "B组35机3区设定值": {
    "address": "VW112",
    "value": 150,
    "unit": "℃",
    "type": "Int"
  },
  "B组35机3区实际值": {
    "address": "VW312",
    "value": 147,
    "unit": "℃",
    "type": "Int"
  },
  "A组备用1设定值": {
    "address": "VW160",
    "value": 0,
    "unit": "℃",
    "type": "Int"
  },
  "A组备用1实际值": {
    "address": "VW312",
    "value": 147,
    "unit": "℃",
    "type": "Int"
  },
  "A组备用2设定值": {
    "address": "VW166",
    "value": 0,
    "unit": "℃",
    "type": "Int"
  },
  "A组备用2实际值": {
    "address": "VW366",
    "value": 3276,
    "unit": "℃",
    "type": "Int"
  },
  "B组备用1设定值": {
    "address": "VW156",
    "value": 0,
    "unit": "℃",
    "type": "Int"
  },
  "B组备用1实际值": {
    "address": "VW356",
    "value": 3276,
    "unit": "℃",
    "type": "Int"
  },
  "B组备用2设定值": {
    "address": "VW158",
    "value": 0,
    "unit": "℃",
    "type": "Int"
  },
  "B组备用2实际值": {
    "address": "VW358",
    "value": 3276,
    "unit": "℃",
    "type": "Int"
  },
  "25B调速故障": {
    "address": "V4550.7",
    "value": false,
    "unit": "",
    "type": "Bool"
  },
  "25B料筒冷却风机故障": {
    "address": "V4550.4",
    "value": false,
    "unit": "",
    "type": "Bool"
  },
  "25A调速故障": {
    "address": "V4551.4",
    "value": false,
    "unit": "",
    "type": "Bool"
  },
  "25A料筒冷却风机故障": {
    "address": "V4550.6",
    "value": false,
    "unit": "",
    "type": "Bool"
  },
  "25A过电流": {
    "address": "V4551.7",
    "value": false,
    "unit": "",
    "type": "Bool"
  },
  "25B转速设定值": {
    "address": "VD212",
    "value": 0.0,
    "unit": "RPM",
    "type": "Real"
  },
  "25B转速实际值": {
    "address": "VD532",
    "value": 0.0,
    "unit": "RPM",
    "type": "Real"
  },
  "25B电流设定值": {
    "address": "VD2300",
    "value": 0.0,
    "unit": "%",
    "type": "Real"
  },
  "25B电流实际值": {
    "address": "VD556",
    "value": 0.0,
    "unit": "A",
    "type": "Real"
  },
  "25A转速设定值": {
    "address": "VD208",
    "value": 4.699997901916504,
    "unit": "RPM",
    "type": "Real"
  },
  "25A转速实际值": {
    "address": "VD232",
    "value": 0.0,
    "unit": "RPM",
    "type": "Real"
  },
  "25A电流设定值": {
    "address": "VD3300",
    "value": 0.0,
    "unit": "%",
    "type": "Real"
  },
  "25A电流实际值": {
    "address": "VD256",
    "value": 0.0,
    "unit": "A",
    "type": "Real"
  },
  "B组25机1区设定值": {
    "address": "VW102",
    "value": 145,
    "unit": "℃",
    "type": "Int"
  },
  "B组25机1区实际值": {
    "address": "VW104",
    "value": 235,
    "unit": "℃",
    "type": "Int"
  },
  "B组25机2区设定值": {
    "address": "VW104",
    "value": 235,
    "unit": "℃",
    "type": "Int"
  },
  "B组25机2区实际值": {
    "address": "VW304",
    "value": 232,
    "unit": "℃",
    "type": "Int"
  },
  "B组25机3区设定值": {
    "address": "VW106",
    "value": 235,
    "unit": "℃",
    "type": "Int"
  },
  "B组25机3区实际值": {
    "address": "VW306",
    "value": 230,
    "unit": "℃",
    "type": "Int"
  },
  "A组25机1区设定值": {
    "address": "VW108",
    "value": 145,
    "unit": "℃",
    "type": "Int"
  },
  "A组25机1区实际值": {
    "address": "VW308",
    "value": 39,
    "unit": "℃",
    "type": "Int"
  },
  "A组25机2区设定值": {
    "address": "VW116",
    "value": 170,
    "unit": "℃",
    "type": "Int"
  },
  "A组25机2区实际值": {
    "address": "VW316",
    "value": 40,
    "unit": "℃",
    "type": "Int"
  },
  "A组25机3区设定值": {
    "address": "VW118",
    "value": 170,
    "unit": "℃",
    "type": "Int"
  },
  "A组25机3区实际值": {
    "address": "VW318",
    "value": 43,
    "unit": "℃",
    "type": "Int"
  },
  "25B共挤备用1设定值": {
    "address": "VW130",
    "value": 0,
    "unit": "℃",
    "type": "Int"
  },
  "25B共挤备用1实际值": {
    "address": "VW330",
    "value": 3276,
    "unit": "℃",
    "type": "Int"
  },
  "25B共挤备用2设定值": {
    "address": "VW132",
    "value": 0,
    "unit": "℃",
    "type": "Int"
  },
  "25B共挤备用2实际值": {
    "address": "VW332",
    "value": 3276,
    "unit": "℃",
    "type": "Int"
  },
  "25A共挤备用1设定值": {
    "address": "VW134",
    "value": 0,
    "unit": "℃",
    "type": "Int"
  },
  "25A共挤备用1实际值": {
    "address": "VW334",
    "value": 3276,
    "unit": "℃",
    "type": "Int"
  },
  "25A共挤备用2设定值": {
    "address": "VW136",
    "value": 0,
    "unit": "℃",
    "type": "Int"
  },
  "25A共挤备用2实际值": {
    "address": "VW336",
    "value": 3276,
    "unit": "℃",
    "type": "Int"
  }
}
详情: 机台: 默认挤出机 (ID: 1), 参数数量: 122
返回结果:
{
  "machine": {
    "id": 1,
    "name": "默认挤出机"
  },
  "parameters": {
    "主机料温过低": {
      "address": "V4551.2",
      "value": false,
      "unit": "",
      "type": "Bool",
      "is_readonly": true,
      "slot": 2
    },
    "主机料温过高": {
      "address": "V4551.1",
      "value": false,
      "unit": "",
      "type": "Bool",
      "is_readonly": true,
      "slot": 2
    },
    "主机调速故障": {
      "address": "V4551.4",
      "value": false,
      "unit": "",
      "type": "Bool",
      "is_readonly": true,
      "slot": 2
    },
    "主机过电流": {
      "address": "V4551.7",
      "value": false,
      "unit": "",
      "type": "Bool",
      "is_readonly": true,
      "slot": 2
    },
    "主机料筒冷却风机故障": {
      "address": "V4550.4",
      "value": false,
      "unit": "",
      "type": "Bool",
      "is_readonly": true,
      "slot": 2
    },
    "喂料调速器故障": {
      "address": "V4553.0",
      "value": false,
      "unit": "",
      "type": "Bool",
      "is_readonly": true,
      "slot": 2
    },
    "喂料过电流": {
      "address": "V4553.1",
      "value": false,
      "unit": "",
      "type": "Bool",
      "is_readonly": true,
      "slot": 2
    },
    "螺杆异位报警": {
      "address": "V4551.3",
      "value": false,
      "unit": "",
      "type": "Bool",
      "is_readonly": true,
      "slot": 2
    },
    "主机急停未松开": {
      "address": "V4551.0",
      "value": false,
      "unit": "",
      "type": "Bool",
      "is_readonly": true,
      "slot": 2
    },
    "35A调速故障": {
      "address": "V4550.1",
      "value": false,
      "unit": "",
      "type": "Bool",
      "is_readonly": true,
      "slot": 2
    },
    "35A过电流": {
      "address": "V4550.7",
      "value": false,
      "unit": "",
      "type": "Bool",
      "is_readonly": true,
      "slot": 2
    },
    "35A料筒冷却风机故障": {
      "address": "V4550.6",
      "value": false,
      "unit": "",
      "type": "Bool",
      "is_readonly": true,
      "slot": 2
    },
    "35B调速故障": {
      "address": "V4550.5",
      "value": false,
      "unit": "",
      "type": "Bool",
      "is_readonly": true,
      "slot": 2
    },
    "35B过电流": {
      "address": "V4550.0",
      "value": false,
      "unit": "",
      "type": "Bool",
      "is_readonly": true,
      "slot": 2
    },
    "35B料筒冷却风机故障": {
      "address": "V4553.2",
      "value": false,
      "unit": "",
      "type": "Bool",
      "is_readonly": true,
      "slot": 2
    },
    "主机转速设定值": {
      "address": "VD208",
      "value": 3.0,
      "unit": "RPM",
      "type": "Real",
      "is_readonly": false,
      "slot": 2
    },
    "主机转速实际值": {
      "address": "VD232",
      "value": 0.0,
      "unit": "RPM",
      "type": "Real",
      "is_readonly": true,
      "slot": 2
    },
    "主机电流负载占比": {
      "address": "VD3300",
      "value": 0.0,
      "unit": "%",
      "type": "Real",
      "is_readonly": true,
      "slot": 2
    },
    "主机电流值": {
      "address": "VD256",
      "value": 0.0,
      "unit": "A",
      "type": "Real",
      "is_readonly": true,
      "slot": 2
    },
    "喂料转速设定值": {
      "address": "VD32",
      "value": 6.000001907348633,
      "unit": "RPM",
      "type": "Real",
      "is_readonly": false,
      "slot": 2
    },
    "喂料转速实际值": {
      "address": "VD244",
      "value": 0.0,
      "unit": "RPM",
      "type": "Real",
      "is_readonly": true,
      "slot": 2
    },
    "喂料电流负载占比": {
      "address": "VD3304",
      "value": 0.0,
      "unit": "%",
      "type": "Real",
      "is_readonly": true,
      "slot": 2
    },
    "喂料电流值": {
      "address": "VD260",
      "value": 0.0,
      "unit": "A",
      "type": "Real",
      "is_readonly": true,
      "slot": 2
    },
    "65机筒1区设定值": {
      "address": "VW102",
      "value": 180,
      "unit": "℃",
      "type": "Int",
      "is_readonly": false,
      "slot": 2
    },
    "65机筒1区实际值": {
      "address": "VW302",
      "value": 179,
      "unit": "℃",
      "type": "Int",
      "is_readonly": true,
      "slot": 2
    },
    "65机筒2区设定值": {
      "address": "VW104",
      "value": 185,
      "unit": "℃",
      "type": "Int",
      "is_readonly": false,
      "slot": 2
    },
    "65机筒2区实际值": {
      "address": "VW304",
      "value": 183,
      "unit": "℃",
      "type": "Int",
      "is_readonly": true,
      "slot": 2
    },
    "65机筒3区设定值": {
      "address": "VW106",
      "value": 140,
      "unit": "℃",
      "type": "Int",
      "is_readonly": false,
      "slot": 2
    },
    "65机筒3区实际值": {
      "address": "VW306",
      "value": 139,
      "unit": "℃",
      "type": "Int",
      "is_readonly": true,
      "slot": 2
    },
    "65机筒4区设定值": {
      "address": "VW108",
      "value": 135,
      "unit": "℃",
      "type": "Int",
      "is_readonly": false,
      "slot": 2
    },
    "65机筒4区实际值": {
      "address": "VW308",
      "value": 136,
      "unit": "℃",
      "type": "Int",
      "is_readonly": true,
      "slot": 2
    },
    "65机合流芯设定值": {
      "address": "VW154",
      "value": 140,
      "unit": "℃",
      "type": "Int",
      "is_readonly": false,
      "slot": 2
    },
    "65机合流芯实际值": {
      "address": "VW354",
      "value": 136,
      "unit": "℃",
      "type": "Int",
      "is_readonly": true,
      "slot": 2
    },
    "芯层模具上设定值": {
      "address": "VW1130",
      "value": 135,
      "unit": "℃",
      "type": "Int",
      "is_readonly": false,
      "slot": 2
    },
    "芯层模具上实际值": {
      "address": "VW330",
      "value": 141,
      "unit": "℃",
      "type": "Int",
      "is_readonly": true,
      "slot": 2
    },
    "芯层模具下设定值": {
      "address": "VW1132",
      "value": 135,
      "unit": "℃",
      "type": "Int",
      "is_readonly": false,
      "slot": 2
    },
    "芯层模具下实际值": {
      "address": "VW332",
      "value": 142,
      "unit": "℃",
      "type": "Int",
      "is_readonly": true,
      "slot": 2
    },
    "芯层模具左设定值": {
      "address": "VW1134",
      "value": 130,
      "unit": "℃",
      "type": "Int",
      "is_readonly": false,
      "slot": 2
    },
    "芯层模具左实际值": {
      "address": "VW334",
      "value": 137,
      "unit": "℃",
      "type": "Int",
      "is_readonly": true,
      "slot": 2
    },
    "芯层模具右设定值": {
      "address": "VW1136",
      "value": 140,
      "unit": "℃",
      "type": "Int",
      "is_readonly": false,
      "slot": 2
    },
    "芯层模具右实际值": {
      "address": "VW336",
      "value": 139,
      "unit": "℃",
      "type": "Int",
      "is_readonly": true,
      "slot": 2
    },
    "外层模具上设定值": {
      "address": "VW1138",
      "value": 190,
      "unit": "℃",
      "type": "Int",
      "is_readonly": false,
      "slot": 2
    },
    "外层模具上实际值": {
      "address": "VW338",
      "value": 190,
      "unit": "℃",
      "type": "Int",
      "is_readonly": true,
      "slot": 2
    },
    "外层模具下设定值": {
      "address": "VW1140",
      "value": 180,
      "unit": "℃",
      "type": "Int",
      "is_readonly": false,
      "slot": 2
    },
    "外层模具下实际值": {
      "address": "VW340",
      "value": 183,
      "unit": "℃",
      "type": "Int",
      "is_readonly": true,
      "slot": 2
    },
    "外层模具左设定值": {
      "address": "VW1142",
      "value": 180,
      "unit": "℃",
      "type": "Int",
      "is_readonly": false,
      "slot": 2
    },
    "外层模具左实际值": {
      "address": "VW342",
      "value": 180,
      "unit": "",
      "type": "Int",
      "is_readonly": true,
      "slot": 2
    },
    "外层模具石设定值": {
      "address": "VW344",
      "value": 180,
      "unit": "℃",
      "type": "Int",
      "is_readonly": false,
      "slot": 2
    },
    "外层模具石实际值": {
      "address": "VW344",
      "value": 180,
      "unit": "℃",
      "type": "Int",
      "is_readonly": true,
      "slot": 2
    },
    "A组合流芯设定值": {
      "address": "VW346",
      "value": 198,
      "unit": "℃",
      "type": "Int",
      "is_readonly": false,
      "slot": 2
    },
    "A组合流芯实际值": {
      "address": "VW346",
      "value": 198,
      "unit": "℃",
      "type": "Int",
      "is_readonly": true,
      "slot": 2
    },
    "A组转接模设定值": {
      "address": "VW348",
      "value": 199,
      "unit": "℃",
      "type": "Int",
      "is_readonly": false,
      "slot": 2
    },
    "A组转接模实际值": {
      "address": "VW348",
      "value": 199,
      "unit": "℃",
      "type": "Int",
      "is_readonly": true,
      "slot": 2
    },
    "A组连接管设定值": {
      "address": "VW350",
      "value": 76,
      "unit": "℃",
      "type": "Int",
      "is_readonly": false,
      "slot": 2
    },
    "A组连接管实际值": {
      "address": "VW350",
      "value": 76,
      "unit": "℃",
      "type": "Int",
      "is_readonly": true,
      "slot": 2
    },
    "B组合流芯设定值": {
      "address": "VW352",
      "value": 156,
      "unit": "℃",
      "type": "Int",
      "is_readonly": false,
      "slot": 2
    },
    "B组合流芯实际值": {
      "address": "VW352",
      "value": 156,
      "unit": "℃",
      "type": "Int",
      "is_readonly": true,
      "slot": 2
    },
    "B组转接模设定值": {
      "address": "VW362",
      "value": 151,
      "unit": "℃",
      "type": "Int",
      "is_readonly": false,
      "slot": 2
    },
    "B组转接模实际值": {
      "address": "VW362",
      "value": 151,
      "unit": "℃",
      "type": "Int",
      "is_readonly": true,
      "slot": 2
    },
    "B组连接管设定值": {
      "address": "VW364",
      "value": 222,
      "unit": "℃",
      "type": "Int",
      "is_readonly": false,
      "slot": 2
    },
    "B组连接管实际值": {
      "address": "VW364",
      "value": 222,
      "unit": "℃",
      "type": "Int",
      "is_readonly": true,
      "slot": 2
    },
    "35A转速设定值": {
      "address": "VD508",
      "value": 0.0,
      "unit": "RPM",
      "type": "Real",
      "is_readonly": false,
      "slot": 2
    },
    "35A转速实际值": {
      "address": "VD532",
      "value": 0.0,
      "unit": "RPM",
      "type": "Real",
      "is_readonly": true,
      "slot": 2
    },
    "35A电流设定值": {
      "address": "VD2300",
      "value": 0.0,
      "unit": "%",
      "type": "Real",
      "is_readonly": false,
      "slot": 2
    },
    "35A电流实际值": {
      "address": "VD556",
      "value": 0.0,
      "unit": "A",
      "type": "Real",
      "is_readonly": true,
      "slot": 2
    },
    "35B转速设定值": {
      "address": "VD212",
      "value": 0.0,
      "unit": "RPM",
      "type": "Real",
      "is_readonly": false,
      "slot": 2
    },
    "35B转速实际值": {
      "address": "VD236",
      "value": 0.0,
      "unit": "RPM",
      "type": "Real",
      "is_readonly": true,
      "slot": 2
    },
    "35B电流设定值": {
      "address": "VD3308",
      "value": 0.0,
      "unit": "%",
      "type": "Real",
      "is_readonly": false,
      "slot": 2
    },
    "35B电流实际值": {
      "address": "VD264",
      "value": 0.0,
      "unit": "A",
      "type": "Real",
      "is_readonly": true,
      "slot": 2
    },
    "A组35机1区设定值": {
      "address": "VW116",
      "value": 145,
      "unit": "℃",
      "type": "Int",
      "is_readonly": false,
      "slot": 2
    },
    "A组35机1区实际值": {
      "address": "VW118",
      "value": 200,
      "unit": "℃",
      "type": "Int",
      "is_readonly": true,
      "slot": 2
    },
    "A组35机2区设定值": {
      "address": "VW316",
      "value": 144,
      "unit": "℃",
      "type": "Int",
      "is_readonly": false,
      "slot": 2
    },
    "A组35机2区实际值": {
      "address": "VW318",
      "value": 198,
      "unit": "℃",
      "type": "Int",
      "is_readonly": true,
      "slot": 2
    },
    "A组35机3区设定值": {
      "address": "VW368",
      "value": 196,
      "unit": "℃",
      "type": "Int",
      "is_readonly": false,
      "slot": 2
    },
    "A组35机3区实际值": {
      "address": "VW370",
      "value": 143,
      "unit": "℃",
      "type": "Int",
      "is_readonly": true,
      "slot": 2
    },
    "B组35机1区设定值": {
      "address": "VW118",
      "value": 200,
      "unit": "℃",
      "type": "Int",
      "is_readonly": false,
      "slot": 2
    },
    "B组35机1区实际值": {
      "address": "VW370",
      "value": 143,
      "unit": "℃",
      "type": "Int",
      "is_readonly": true,
      "slot": 2
    },
    "B组35机2区设定值": {
      "address": "VW120",
      "value": 155,
      "unit": "℃",
      "type": "Int",
      "is_readonly": false,
      "slot": 2
    },
    "B组35机2区实际值": {
      "address": "VW322",
      "value": 153,
      "unit": "℃",
      "type": "Int",
      "is_readonly": true,
      "slot": 2
    },
    "B组35机3区设定值": {
      "address": "VW112",
      "value": 150,
      "unit": "℃",
      "type": "Int",
      "is_readonly": false,
      "slot": 2
    },
    "B组35机3区实际值": {
      "address": "VW312",
      "value": 147,
      "unit": "℃",
      "type": "Int",
      "is_readonly": true,
      "slot": 2
    },
    "A组备用1设定值": {
      "address": "VW160",
      "value": 0,
      "unit": "℃",
      "type": "Int",
      "is_readonly": false,
      "slot": 2
    },
    "A组备用1实际值": {
      "address": "VW312",
      "value": 147,
      "unit": "℃",
      "type": "Int",
      "is_readonly": true,
      "slot": 2
    },
    "A组备用2设定值": {
      "address": "VW166",
      "value": 0,
      "unit": "℃",
      "type": "Int",
      "is_readonly": false,
      "slot": 2
    },
    "A组备用2实际值": {
      "address": "VW366",
      "value": 3276,
      "unit": "℃",
      "type": "Int",
      "is_readonly": true,
      "slot": 2
    },
    "B组备用1设定值": {
      "address": "VW156",
      "value": 0,
      "unit": "℃",
      "type": "Int",
      "is_readonly": false,
      "slot": 2
    },
    "B组备用1实际值": {
      "address": "VW356",
      "value": 3276,
      "unit": "℃",
      "type": "Int",
      "is_readonly": true,
      "slot": 2
    },
    "B组备用2设定值": {
      "address": "VW158",
      "value": 0,
      "unit": "℃",
      "type": "Int",
      "is_readonly": false,
      "slot": 2
    },
    "B组备用2实际值": {
      "address": "VW358",
      "value": 3276,
      "unit": "℃",
      "type": "Int",
      "is_readonly": true,
      "slot": 2
    },
    "25B调速故障": {
      "address": "V4550.7",
      "value": false,
      "unit": "",
      "type": "Bool",
      "is_readonly": true,
      "slot": 3
    },
    "25B料筒冷却风机故障": {
      "address": "V4550.4",
      "value": false,
      "unit": "",
      "type": "Bool",
      "is_readonly": false,
      "slot": 3
    },
    "25A调速故障": {
      "address": "V4551.4",
      "value": false,
      "unit": "",
      "type": "Bool",
      "is_readonly": true,
      "slot": 3
    },
    "25A料筒冷却风机故障": {
      "address": "V4550.6",
      "value": false,
      "unit": "",
      "type": "Bool",
      "is_readonly": true,
      "slot": 3
    },
    "25A过电流": {
      "address": "V4551.7",
      "value": false,
      "unit": "",
      "type": "Bool",
      "is_readonly": false,
      "slot": 3
    },
    "25B转速设定值": {
      "address": "VD212",
      "value": 0.0,
      "unit": "RPM",
      "type": "Real",
      "is_readonly": false,
      "slot": 3
    },
    "25B转速实际值": {
      "address": "VD532",
      "value": 0.0,
      "unit": "RPM",
      "type": "Real",
      "is_readonly": true,
      "slot": 3
    },
    "25B电流设定值": {
      "address": "VD2300",
      "value": 0.0,
      "unit": "%",
      "type": "Real",
      "is_readonly": false,
      "slot": 3
    },
    "25B电流实际值": {
      "address": "VD556",
      "value": 0.0,
      "unit": "A",
      "type": "Real",
      "is_readonly": true,
      "slot": 3
    },
    "25A转速设定值": {
      "address": "VD208",
      "value": 4.699997901916504,
      "unit": "RPM",
      "type": "Real",
      "is_readonly": false,
      "slot": 3
    },
    "25A转速实际值": {
      "address": "VD232",
      "value": 0.0,
      "unit": "RPM",
      "type": "Real",
      "is_readonly": true,
      "slot": 3
    },
    "25A电流设定值": {
      "address": "VD3300",
      "value": 0.0,
      "unit": "%",
      "type": "Real",
      "is_readonly": false,
      "slot": 3
    },
    "25A电流实际值": {
      "address": "VD256",
      "value": 0.0,
      "unit": "A",
      "type": "Real",
      "is_readonly": true,
      "slot": 3
    },
    "B组25机1区设定值": {
      "address": "VW102",
      "value": 145,
      "unit": "℃",
      "type": "Int",
      "is_readonly": false,
      "slot": 3
    },
    "B组25机1区实际值": {
      "address": "VW104",
      "value": 235,
      "unit": "℃",
      "type": "Int",
      "is_readonly": true,
      "slot": 3
    },
    "B组25机2区设定值": {
      "address": "VW104",
      "value": 235,
      "unit": "℃",
      "type": "Int",
      "is_readonly": false,
      "slot": 3
    },
    "B组25机2区实际值": {
      "address": "VW304",
      "value": 232,
      "unit": "℃",
      "type": "Int",
      "is_readonly": true,
      "slot": 3
    },
    "B组25机3区设定值": {
      "address": "VW106",
      "value": 235,
      "unit": "℃",
      "type": "Int",
      "is_readonly": false,
      "slot": 3
    },
    "B组25机3区实际值": {
      "address": "VW306",
      "value": 230,
      "unit": "℃",
      "type": "Int",
      "is_readonly": true,
      "slot": 3
    },
    "A组25机1区设定值": {
      "address": "VW108",
      "value": 145,
      "unit": "℃",
      "type": "Int",
      "is_readonly": false,
      "slot": 3
    },
    "A组25机1区实际值": {
      "address": "VW308",
      "value": 39,
      "unit": "℃",
      "type": "Int",
      "is_readonly": true,
      "slot": 3
    },
    "A组25机2区设定值": {
      "address": "VW116",
      "value": 170,
      "unit": "℃",
      "type": "Int",
      "is_readonly": false,
      "slot": 3
    },
    "A组25机2区实际值": {
      "address": "VW316",
      "value": 40,
      "unit": "℃",
      "type": "Int",
      "is_readonly": true,
      "slot": 3
    },
    "A组25机3区设定值": {
      "address": "VW118",
      "value": 170,
      "unit": "℃",
      "type": "Int",
      "is_readonly": false,
      "slot": 3
    },
    "A组25机3区实际值": {
      "address": "VW318",
      "value": 43,
      "unit": "℃",
      "type": "Int",
      "is_readonly": true,
      "slot": 3
    },
    "25B共挤备用1设定值": {
      "address": "VW130",
      "value": 0,
      "unit": "℃",
      "type": "Int",
      "is_readonly": false,
      "slot": 3
    },
    "25B共挤备用1实际值": {
      "address": "VW330",
      "value": 3276,
      "unit": "℃",
      "type": "Int",
      "is_readonly": true,
      "slot": 3
    },
    "25B共挤备用2设定值": {
      "address": "VW132",
      "value": 0,
      "unit": "℃",
      "type": "Int",
      "is_readonly": false,
      "slot": 3
    },
    "25B共挤备用2实际值": {
      "address": "VW332",
      "value": 3276,
      "unit": "℃",
      "type": "Int",
      "is_readonly": true,
      "slot": 3
    },
    "25A共挤备用1设定值": {
      "address": "VW134",
      "value": 0,
      "unit": "℃",
      "type": "Int",
      "is_readonly": false,
      "slot": 3
    },
    "25A共挤备用1实际值": {
      "address": "VW334",
      "value": 3276,
      "unit": "℃",
      "type": "Int",
      "is_readonly": true,
      "slot": 3
    },
    "25A共挤备用2设定值": {
      "address": "VW136",
      "value": 0,
      "unit": "℃",
      "type": "Int",
      "is_readonly": false,
      "slot": 3
    },
    "25A共挤备用2实际值": {
      "address": "VW336",
      "value": 3276,
      "unit": "℃",
      "type": "Int",
      "is_readonly": true,
      "slot": 3
    }
  }
}
------------------------------------------------------------
2026-05-09 13:17:40 | 读取PLC | 机台 | 用户ID:1
请求参数:
{
  "主机料温过低": {
    "address": "V4551.2",
    "value": false,
    "unit": "",
    "type": "Bool"
  },
  "主机料温过高": {
    "address": "V4551.1",
    "value": false,
    "unit": "",
    "type": "Bool"
  },
  "主机调速故障": {
    "address": "V4551.4",
    "value": false,
    "unit": "",
    "type": "Bool"
  },
  "主机过电流": {
    "address": "V4551.7",
    "value": false,
    "unit": "",
    "type": "Bool"
  },
  "主机料筒冷却风机故障": {
    "address": "V4550.4",
    "value": false,
    "unit": "",
    "type": "Bool"
  },
  "喂料调速器故障": {
    "address": "V4553.0",
    "value": false,
    "unit": "",
    "type": "Bool"
  },
  "喂料过电流": {
    "address": "V4553.1",
    "value": false,
    "unit": "",
    "type": "Bool"
  },
  "螺杆异位报警": {
    "address": "V4551.3",
    "value": false,
    "unit": "",
    "type": "Bool"
  },
  "主机急停未松开": {
    "address": "V4551.0",
    "value": false,
    "unit": "",
    "type": "Bool"
  },
  "35A调速故障": {
    "address": "V4550.1",
    "value": false,
    "unit": "",
    "type": "Bool"
  },
  "35A过电流": {
    "address": "V4550.7",
    "value": false,
    "unit": "",
    "type": "Bool"
  },
  "35A料筒冷却风机故障": {
    "address": "V4550.6",
    "value": false,
    "unit": "",
    "type": "Bool"
  },
  "35B调速故障": {
    "address": "V4550.5",
    "value": false,
    "unit": "",
    "type": "Bool"
  },
  "35B过电流": {
    "address": "V4550.0",
    "value": false,
    "unit": "",
    "type": "Bool"
  },
  "35B料筒冷却风机故障": {
    "address": "V4553.2",
    "value": false,
    "unit": "",
    "type": "Bool"
  },
  "主机转速设定值": {
    "address": "VD208",
    "value": 3.0,
    "unit": "RPM",
    "type": "Real"
  },
  "主机转速实际值": {
    "address": "VD232",
    "value": 0.0,
    "unit": "RPM",
    "type": "Real"
  },
  "主机电流负载占比": {
    "address": "VD3300",
    "value": 0.0,
    "unit": "%",
    "type": "Real"
  },
  "主机电流值": {
    "address": "VD256",
    "value": 0.0,
    "unit": "A",
    "type": "Real"
  },
  "喂料转速设定值": {
    "address": "VD32",
    "value": 6.000001907348633,
    "unit": "RPM",
    "type": "Real"
  },
  "喂料转速实际值": {
    "address": "VD244",
    "value": 0.0,
    "unit": "RPM",
    "type": "Real"
  },
  "喂料电流负载占比": {
    "address": "VD3304",
    "value": 0.0,
    "unit": "%",
    "type": "Real"
  },
  "喂料电流值": {
    "address": "VD260",
    "value": 0.0,
    "unit": "A",
    "type": "Real"
  },
  "65机筒1区设定值": {
    "address": "VW102",
    "value": 180,
    "unit": "℃",
    "type": "Int"
  },
  "65机筒1区实际值": {
    "address": "VW302",
    "value": 178,
    "unit": "℃",
    "type": "Int"
  },
  "65机筒2区设定值": {
    "address": "VW104",
    "value": 185,
    "unit": "℃",
    "type": "Int"
  },
  "65机筒2区实际值": {
    "address": "VW304",
    "value": 183,
    "unit": "℃",
    "type": "Int"
  },
  "65机筒3区设定值": {
    "address": "VW106",
    "value": 140,
    "unit": "℃",
    "type": "Int"
  },
  "65机筒3区实际值": {
    "address": "VW306",
    "value": 137,
    "unit": "℃",
    "type": "Int"
  },
  "65机筒4区设定值": {
    "address": "VW108",
    "value": 135,
    "unit": "℃",
    "type": "Int"
  },
  "65机筒4区实际值": {
    "address": "VW308",
    "value": 133,
    "unit": "℃",
    "type": "Int"
  },
  "65机合流芯设定值": {
    "address": "VW154",
    "value": 140,
    "unit": "℃",
    "type": "Int"
  },
  "65机合流芯实际值": {
    "address": "VW354",
    "value": 136,
    "unit": "℃",
    "type": "Int"
  },
  "芯层模具上设定值": {
    "address": "VW1130",
    "value": 135,
    "unit": "℃",
    "type": "Int"
  },
  "芯层模具上实际值": {
    "address": "VW330",
    "value": 141,
    "unit": "℃",
    "type": "Int"
  },
  "芯层模具下设定值": {
    "address": "VW1132",
    "value": 135,
    "unit": "℃",
    "type": "Int"
  },
  "芯层模具下实际值": {
    "address": "VW332",
    "value": 142,
    "unit": "℃",
    "type": "Int"
  },
  "芯层模具左设定值": {
    "address": "VW1134",
    "value": 130,
    "unit": "℃",
    "type": "Int"
  },
  "芯层模具左实际值": {
    "address": "VW334",
    "value": 136,
    "unit": "℃",
    "type": "Int"
  },
  "芯层模具右设定值": {
    "address": "VW1136",
    "value": 140,
    "unit": "℃",
    "type": "Int"
  },
  "芯层模具右实际值": {
    "address": "VW336",
    "value": 139,
    "unit": "℃",
    "type": "Int"
  },
  "外层模具上设定值": {
    "address": "VW1138",
    "value": 190,
    "unit": "℃",
    "type": "Int"
  },
  "外层模具上实际值": {
    "address": "VW338",
    "value": 191,
    "unit": "℃",
    "type": "Int"
  },
  "外层模具下设定值": {
    "address": "VW1140",
    "value": 180,
    "unit": "℃",
    "type": "Int"
  },
  "外层模具下实际值": {
    "address": "VW340",
    "value": 184,
    "unit": "℃",
    "type": "Int"
  },
  "外层模具左设定值": {
    "address": "VW1142",
    "value": 180,
    "unit": "℃",
    "type": "Int"
  },
  "外层模具左实际值": {
    "address": "VW342",
    "value": 180,
    "unit": "",
    "type": "Int"
  },
  "外层模具石设定值": {
    "address": "VW344",
    "value": 181,
    "unit": "℃",
    "type": "Int"
  },
  "外层模具石实际值": {
    "address": "VW344",
    "value": 181,
    "unit": "℃",
    "type": "Int"
  },
  "A组合流芯设定值": {
    "address": "VW346",
    "value": 196,
    "unit": "℃",
    "type": "Int"
  },
  "A组合流芯实际值": {
    "address": "VW346",
    "value": 196,
    "unit": "℃",
    "type": "Int"
  },
  "A组转接模设定值": {
    "address": "VW348",
    "value": 197,
    "unit": "℃",
    "type": "Int"
  },
  "A组转接模实际值": {
    "address": "VW348",
    "value": 197,
    "unit": "℃",
    "type": "Int"
  },
  "A组连接管设定值": {
    "address": "VW350",
    "value": 75,
    "unit": "℃",
    "type": "Int"
  },
  "A组连接管实际值": {
    "address": "VW350",
    "value": 75,
    "unit": "℃",
    "type": "Int"
  },
  "B组合流芯设定值": {
    "address": "VW352",
    "value": 154,
    "unit": "℃",
    "type": "Int"
  },
  "B组合流芯实际值": {
    "address": "VW352",
    "value": 154,
    "unit": "℃",
    "type": "Int"
  },
  "B组转接模设定值": {
    "address": "VW362",
    "value": 152,
    "unit": "℃",
    "type": "Int"
  },
  "B组转接模实际值": {
    "address": "VW362",
    "value": 152,
    "unit": "℃",
    "type": "Int"
  },
  "B组连接管设定值": {
    "address": "VW364",
    "value": 237,
    "unit": "℃",
    "type": "Int"
  },
  "B组连接管实际值": {
    "address": "VW364",
    "value": 237,
    "unit": "℃",
    "type": "Int"
  },
  "35A转速设定值": {
    "address": "VD508",
    "value": 0.0,
    "unit": "RPM",
    "type": "Real"
  },
  "35A转速实际值": {
    "address": "VD532",
    "value": 0.0,
    "unit": "RPM",
    "type": "Real"
  },
  "35A电流设定值": {
    "address": "VD2300",
    "value": 0.0,
    "unit": "%",
    "type": "Real"
  },
  "35A电流实际值": {
    "address": "VD556",
    "value": 0.0,
    "unit": "A",
    "type": "Real"
  },
  "35B转速设定值": {
    "address": "VD212",
    "value": 0.0,
    "unit": "RPM",
    "type": "Real"
  },
  "35B转速实际值": {
    "address": "VD236",
    "value": 0.0,
    "unit": "RPM",
    "type": "Real"
  },
  "35B电流设定值": {
    "address": "VD3308",
    "value": 0.0,
    "unit": "%",
    "type": "Real"
  },
  "35B电流实际值": {
    "address": "VD264",
    "value": 0.0,
    "unit": "A",
    "type": "Real"
  },
  "A组35机1区设定值": {
    "address": "VW116",
    "value": 145,
    "unit": "℃",
    "type": "Int"
  },
  "A组35机1区实际值": {
    "address": "VW118",
    "value": 200,
    "unit": "℃",
    "type": "Int"
  },
  "A组35机2区设定值": {
    "address": "VW316",
    "value": 144,
    "unit": "℃",
    "type": "Int"
  },
  "A组35机2区实际值": {
    "address": "VW318",
    "value": 198,
    "unit": "℃",
    "type": "Int"
  },
  "A组35机3区设定值": {
    "address": "VW368",
    "value": 195,
    "unit": "℃",
    "type": "Int"
  },
  "A组35机3区实际值": {
    "address": "VW370",
    "value": 143,
    "unit": "℃",
    "type": "Int"
  },
  "B组35机1区设定值": {
    "address": "VW118",
    "value": 200,
    "unit": "℃",
    "type": "Int"
  },
  "B组35机1区实际值": {
    "address": "VW370",
    "value": 143,
    "unit": "℃",
    "type": "Int"
  },
  "B组35机2区设定值": {
    "address": "VW120",
    "value": 155,
    "unit": "℃",
    "type": "Int"
  },
  "B组35机2区实际值": {
    "address": "VW322",
    "value": 153,
    "unit": "℃",
    "type": "Int"
  },
  "B组35机3区设定值": {
    "address": "VW112",
    "value": 150,
    "unit": "℃",
    "type": "Int"
  },
  "B组35机3区实际值": {
    "address": "VW312",
    "value": 147,
    "unit": "℃",
    "type": "Int"
  },
  "A组备用1设定值": {
    "address": "VW160",
    "value": 0,
    "unit": "℃",
    "type": "Int"
  },
  "A组备用1实际值": {
    "address": "VW312",
    "value": 147,
    "unit": "℃",
    "type": "Int"
  },
  "A组备用2设定值": {
    "address": "VW166",
    "value": 0,
    "unit": "℃",
    "type": "Int"
  },
  "A组备用2实际值": {
    "address": "VW366",
    "value": 3276,
    "unit": "℃",
    "type": "Int"
  },
  "B组备用1设定值": {
    "address": "VW156",
    "value": 0,
    "unit": "℃",
    "type": "Int"
  },
  "B组备用1实际值": {
    "address": "VW356",
    "value": 3276,
    "unit": "℃",
    "type": "Int"
  },
  "B组备用2设定值": {
    "address": "VW158",
    "value": 0,
    "unit": "℃",
    "type": "Int"
  },
  "B组备用2实际值": {
    "address": "VW358",
    "value": 3276,
    "unit": "℃",
    "type": "Int"
  },
  "25B调速故障": {
    "address": "V4550.7",
    "value": false,
    "unit": "",
    "type": "Bool"
  },
  "25B料筒冷却风机故障": {
    "address": "V4550.4",
    "value": false,
    "unit": "",
    "type": "Bool"
  },
  "25A调速故障": {
    "address": "V4551.4",
    "value": false,
    "unit": "",
    "type": "Bool"
  },
  "25A料筒冷却风机故障": {
    "address": "V4550.6",
    "value": false,
    "unit": "",
    "type": "Bool"
  },
  "25A过电流": {
    "address": "V4551.7",
    "value": false,
    "unit": "",
    "type": "Bool"
  },
  "25B转速设定值": {
    "address": "VD212",
    "value": 0.0,
    "unit": "RPM",
    "type": "Real"
  },
  "25B转速实际值": {
    "address": "VD532",
    "value": 0.0,
    "unit": "RPM",
    "type": "Real"
  },
  "25B电流设定值": {
    "address": "VD2300",
    "value": 0.0,
    "unit": "%",
    "type": "Real"
  },
  "25B电流实际值": {
    "address": "VD556",
    "value": 0.0,
    "unit": "A",
    "type": "Real"
  },
  "25A转速设定值": {
    "address": "VD208",
    "value": 4.699997901916504,
    "unit": "RPM",
    "type": "Real"
  },
  "25A转速实际值": {
    "address": "VD232",
    "value": 0.0,
    "unit": "RPM",
    "type": "Real"
  },
  "25A电流设定值": {
    "address": "VD3300",
    "value": 0.0,
    "unit": "%",
    "type": "Real"
  },
  "25A电流实际值": {
    "address": "VD256",
    "value": 0.0,
    "unit": "A",
    "type": "Real"
  },
  "B组25机1区设定值": {
    "address": "VW102",
    "value": 145,
    "unit": "℃",
    "type": "Int"
  },
  "B组25机1区实际值": {
    "address": "VW104",
    "value": 235,
    "unit": "℃",
    "type": "Int"
  },
  "B组25机2区设定值": {
    "address": "VW104",
    "value": 235,
    "unit": "℃",
    "type": "Int"
  },
  "B组25机2区实际值": {
    "address": "VW304",
    "value": 232,
    "unit": "℃",
    "type": "Int"
  },
  "B组25机3区设定值": {
    "address": "VW106",
    "value": 235,
    "unit": "℃",
    "type": "Int"
  },
  "B组25机3区实际值": {
    "address": "VW306",
    "value": 231,
    "unit": "℃",
    "type": "Int"
  },
  "A组25机1区设定值": {
    "address": "VW108",
    "value": 145,
    "unit": "℃",
    "type": "Int"
  },
  "A组25机1区实际值": {
    "address": "VW308",
    "value": 39,
    "unit": "℃",
    "type": "Int"
  },
  "A组25机2区设定值": {
    "address": "VW116",
    "value": 170,
    "unit": "℃",
    "type": "Int"
  },
  "A组25机2区实际值": {
    "address": "VW316",
    "value": 40,
    "unit": "℃",
    "type": "Int"
  },
  "A组25机3区设定值": {
    "address": "VW118",
    "value": 170,
    "unit": "℃",
    "type": "Int"
  },
  "A组25机3区实际值": {
    "address": "VW318",
    "value": 42,
    "unit": "℃",
    "type": "Int"
  },
  "25B共挤备用1设定值": {
    "address": "VW130",
    "value": 0,
    "unit": "℃",
    "type": "Int"
  },
  "25B共挤备用1实际值": {
    "address": "VW330",
    "value": 3276,
    "unit": "℃",
    "type": "Int"
  },
  "25B共挤备用2设定值": {
    "address": "VW132",
    "value": 0,
    "unit": "℃",
    "type": "Int"
  },
  "25B共挤备用2实际值": {
    "address": "VW332",
    "value": 3276,
    "unit": "℃",
    "type": "Int"
  },
  "25A共挤备用1设定值": {
    "address": "VW134",
    "value": 0,
    "unit": "℃",
    "type": "Int"
  },
  "25A共挤备用1实际值": {
    "address": "VW334",
    "value": 3276,
    "unit": "℃",
    "type": "Int"
  },
  "25A共挤备用2设定值": {
    "address": "VW136",
    "value": 0,
    "unit": "℃",
    "type": "Int"
  },
  "25A共挤备用2实际值": {
    "address": "VW336",
    "value": 3276,
    "unit": "℃",
    "type": "Int"
  }
}
详情: 机台: 默认挤出机 (ID: 1), 参数数量: 122
返回结果:
{
  "machine": {
    "id": 1,
    "name": "默认挤出机"
  },
  "parameters": {
    "主机料温过低": {
      "address": "V4551.2",
      "value": false,
      "unit": "",
      "type": "Bool",
      "is_readonly": true,
      "slot": 2
    },
    "主机料温过高": {
      "address": "V4551.1",
      "value": false,
      "unit": "",
      "type": "Bool",
      "is_readonly": true,
      "slot": 2
    },
    "主机调速故障": {
      "address": "V4551.4",
      "value": false,
      "unit": "",
      "type": "Bool",
      "is_readonly": true,
      "slot": 2
    },
    "主机过电流": {
      "address": "V4551.7",
      "value": false,
      "unit": "",
      "type": "Bool",
      "is_readonly": true,
      "slot": 2
    },
    "主机料筒冷却风机故障": {
      "address": "V4550.4",
      "value": false,
      "unit": "",
      "type": "Bool",
      "is_readonly": true,
      "slot": 2
    },
    "喂料调速器故障": {
      "address": "V4553.0",
      "value": false,
      "unit": "",
      "type": "Bool",
      "is_readonly": true,
      "slot": 2
    },
    "喂料过电流": {
      "address": "V4553.1",
      "value": false,
      "unit": "",
      "type": "Bool",
      "is_readonly": true,
      "slot": 2
    },
    "螺杆异位报警": {
      "address": "V4551.3",
      "value": false,
      "unit": "",
      "type": "Bool",
      "is_readonly": true,
      "slot": 2
    },
    "主机急停未松开": {
      "address": "V4551.0",
      "value": false,
      "unit": "",
      "type": "Bool",
      "is_readonly": true,
      "slot": 2
    },
    "35A调速故障": {
      "address": "V4550.1",
      "value": false,
      "unit": "",
      "type": "Bool",
      "is_readonly": true,
      "slot": 2
    },
    "35A过电流": {
      "address": "V4550.7",
      "value": false,
      "unit": "",
      "type": "Bool",
      "is_readonly": true,
      "slot": 2
    },
    "35A料筒冷却风机故障": {
      "address": "V4550.6",
      "value": false,
      "unit": "",
      "type": "Bool",
      "is_readonly": true,
      "slot": 2
    },
    "35B调速故障": {
      "address": "V4550.5",
      "value": false,
      "unit": "",
      "type": "Bool",
      "is_readonly": true,
      "slot": 2
    },
    "35B过电流": {
      "address": "V4550.0",
      "value": false,
      "unit": "",
      "type": "Bool",
      "is_readonly": true,
      "slot": 2
    },
    "35B料筒冷却风机故障": {
      "address": "V4553.2",
      "value": false,
      "unit": "",
      "type": "Bool",
      "is_readonly": true,
      "slot": 2
    },
    "主机转速设定值": {
      "address": "VD208",
      "value": 3.0,
      "unit": "RPM",
      "type": "Real",
      "is_readonly": false,
      "slot": 2
    },
    "主机转速实际值": {
      "address": "VD232",
      "value": 0.0,
      "unit": "RPM",
      "type": "Real",
      "is_readonly": true,
      "slot": 2
    },
    "主机电流负载占比": {
      "address": "VD3300",
      "value": 0.0,
      "unit": "%",
      "type": "Real",
      "is_readonly": true,
      "slot": 2
    },
    "主机电流值": {
      "address": "VD256",
      "value": 0.0,
      "unit": "A",
      "type": "Real",
      "is_readonly": true,
      "slot": 2
    },
    "喂料转速设定值": {
      "address": "VD32",
      "value": 6.000001907348633,
      "unit": "RPM",
      "type": "Real",
      "is_readonly": false,
      "slot": 2
    },
    "喂料转速实际值": {
      "address": "VD244",
      "value": 0.0,
      "unit": "RPM",
      "type": "Real",
      "is_readonly": true,
      "slot": 2
    },
    "喂料电流负载占比": {
      "address": "VD3304",
      "value": 0.0,
      "unit": "%",
      "type": "Real",
      "is_readonly": true,
      "slot": 2
    },
    "喂料电流值": {
      "address": "VD260",
      "value": 0.0,
      "unit": "A",
      "type": "Real",
      "is_readonly": true,
      "slot": 2
    },
    "65机筒1区设定值": {
      "address": "VW102",
      "value": 180,
      "unit": "℃",
      "type": "Int",
      "is_readonly": false,
      "slot": 2
    },
    "65机筒1区实际值": {
      "address": "VW302",
      "value": 178,
      "unit": "℃",
      "type": "Int",
      "is_readonly": true,
      "slot": 2
    },
    "65机筒2区设定值": {
      "address": "VW104",
      "value": 185,
      "unit": "℃",
      "type": "Int",
      "is_readonly": false,
      "slot": 2
    },
    "65机筒2区实际值": {
      "address": "VW304",
      "value": 183,
      "unit": "℃",
      "type": "Int",
      "is_readonly": true,
      "slot": 2
    },
    "65机筒3区设定值": {
      "address": "VW106",
      "value": 140,
      "unit": "℃",
      "type": "Int",
      "is_readonly": false,
      "slot": 2
    },
    "65机筒3区实际值": {
      "address": "VW306",
      "value": 137,
      "unit": "℃",
      "type": "Int",
      "is_readonly": true,
      "slot": 2
    },
    "65机筒4区设定值": {
      "address": "VW108",
      "value": 135,
      "unit": "℃",
      "type": "Int",
      "is_readonly": false,
      "slot": 2
    },
    "65机筒4区实际值": {
      "address": "VW308",
      "value": 133,
      "unit": "℃",
      "type": "Int",
      "is_readonly": true,
      "slot": 2
    },
    "65机合流芯设定值": {
      "address": "VW154",
      "value": 140,
      "unit": "℃",
      "type": "Int",
      "is_readonly": false,
      "slot": 2
    },
    "65机合流芯实际值": {
      "address": "VW354",
      "value": 136,
      "unit": "℃",
      "type": "Int",
      "is_readonly": true,
      "slot": 2
    },
    "芯层模具上设定值": {
      "address": "VW1130",
      "value": 135,
      "unit": "℃",
      "type": "Int",
      "is_readonly": false,
      "slot": 2
    },
    "芯层模具上实际值": {
      "address": "VW330",
      "value": 141,
      "unit": "℃",
      "type": "Int",
      "is_readonly": true,
      "slot": 2
    },
    "芯层模具下设定值": {
      "address": "VW1132",
      "value": 135,
      "unit": "℃",
      "type": "Int",
      "is_readonly": false,
      "slot": 2
    },
    "芯层模具下实际值": {
      "address": "VW332",
      "value": 142,
      "unit": "℃",
      "type": "Int",
      "is_readonly": true,
      "slot": 2
    },
    "芯层模具左设定值": {
      "address": "VW1134",
      "value": 130,
      "unit": "℃",
      "type": "Int",
      "is_readonly": false,
      "slot": 2
    },
    "芯层模具左实际值": {
      "address": "VW334",
      "value": 136,
      "unit": "℃",
      "type": "Int",
      "is_readonly": true,
      "slot": 2
    },
    "芯层模具右设定值": {
      "address": "VW1136",
      "value": 140,
      "unit": "℃",
      "type": "Int",
      "is_readonly": false,
      "slot": 2
    },
    "芯层模具右实际值": {
      "address": "VW336",
      "value": 139,
      "unit": "℃",
      "type": "Int",
      "is_readonly": true,
      "slot": 2
    },
    "外层模具上设定值": {
      "address": "VW1138",
      "value": 190,
      "unit": "℃",
      "type": "Int",
      "is_readonly": false,
      "slot": 2
    },
    "外层模具上实际值": {
      "address": "VW338",
      "value": 191,
      "unit": "℃",
      "type": "Int",
      "is_readonly": true,
      "slot": 2
    },
    "外层模具下设定值": {
      "address": "VW1140",
      "value": 180,
      "unit": "℃",
      "type": "Int",
      "is_readonly": false,
      "slot": 2
    },
    "外层模具下实际值": {
      "address": "VW340",
      "value": 184,
      "unit": "℃",
      "type": "Int",
      "is_readonly": true,
      "slot": 2
    },
    "外层模具左设定值": {
      "address": "VW1142",
      "value": 180,
      "unit": "℃",
      "type": "Int",
      "is_readonly": false,
      "slot": 2
    },
    "外层模具左实际值": {
      "address": "VW342",
      "value": 180,
      "unit": "",
      "type": "Int",
      "is_readonly": true,
      "slot": 2
    },
    "外层模具石设定值": {
      "address": "VW344",
      "value": 181,
      "unit": "℃",
      "type": "Int",
      "is_readonly": false,
      "slot": 2
    },
    "外层模具石实际值": {
      "address": "VW344",
      "value": 181,
      "unit": "℃",
      "type": "Int",
      "is_readonly": true,
      "slot": 2
    },
    "A组合流芯设定值": {
      "address": "VW346",
      "value": 196,
      "unit": "℃",
      "type": "Int",
      "is_readonly": false,
      "slot": 2
    },
    "A组合流芯实际值": {
      "address": "VW346",
      "value": 196,
      "unit": "℃",
      "type": "Int",
      "is_readonly": true,
      "slot": 2
    },
    "A组转接模设定值": {
      "address": "VW348",
      "value": 197,
      "unit": "℃",
      "type": "Int",
      "is_readonly": false,
      "slot": 2
    },
    "A组转接模实际值": {
      "address": "VW348",
      "value": 197,
      "unit": "℃",
      "type": "Int",
      "is_readonly": true,
      "slot": 2
    },
    "A组连接管设定值": {
      "address": "VW350",
      "value": 75,
      "unit": "℃",
      "type": "Int",
      "is_readonly": false,
      "slot": 2
    },
    "A组连接管实际值": {
      "address": "VW350",
      "value": 75,
      "unit": "℃",
      "type": "Int",
      "is_readonly": true,
      "slot": 2
    },
    "B组合流芯设定值": {
      "address": "VW352",
      "value": 154,
      "unit": "℃",
      "type": "Int",
      "is_readonly": false,
      "slot": 2
    },
    "B组合流芯实际值": {
      "address": "VW352",
      "value": 154,
      "unit": "℃",
      "type": "Int",
      "is_readonly": true,
      "slot": 2
    },
    "B组转接模设定值": {
      "address": "VW362",
      "value": 152,
      "unit": "℃",
      "type": "Int",
      "is_readonly": false,
      "slot": 2
    },
    "B组转接模实际值": {
      "address": "VW362",
      "value": 152,
      "unit": "℃",
      "type": "Int",
      "is_readonly": true,
      "slot": 2
    },
    "B组连接管设定值": {
      "address": "VW364",
      "value": 237,
      "unit": "℃",
      "type": "Int",
      "is_readonly": false,
      "slot": 2
    },
    "B组连接管实际值": {
      "address": "VW364",
      "value": 237,
      "unit": "℃",
      "type": "Int",
      "is_readonly": true,
      "slot": 2
    },
    "35A转速设定值": {
      "address": "VD508",
      "value": 0.0,
      "unit": "RPM",
      "type": "Real",
      "is_readonly": false,
      "slot": 2
    },
    "35A转速实际值": {
      "address": "VD532",
      "value": 0.0,
      "unit": "RPM",
      "type": "Real",
      "is_readonly": true,
      "slot": 2
    },
    "35A电流设定值": {
      "address": "VD2300",
      "value": 0.0,
      "unit": "%",
      "type": "Real",
      "is_readonly": false,
      "slot": 2
    },
    "35A电流实际值": {
      "address": "VD556",
      "value": 0.0,
      "unit": "A",
      "type": "Real",
      "is_readonly": true,
      "slot": 2
    },
    "35B转速设定值": {
      "address": "VD212",
      "value": 0.0,
      "unit": "RPM",
      "type": "Real",
      "is_readonly": false,
      "slot": 2
    },
    "35B转速实际值": {
      "address": "VD236",
      "value": 0.0,
      "unit": "RPM",
      "type": "Real",
      "is_readonly": true,
      "slot": 2
    },
    "35B电流设定值": {
      "address": "VD3308",
      "value": 0.0,
      "unit": "%",
      "type": "Real",
      "is_readonly": false,
      "slot": 2
    },
    "35B电流实际值": {
      "address": "VD264",
      "value": 0.0,
      "unit": "A",
      "type": "Real",
      "is_readonly": true,
      "slot": 2
    },
    "A组35机1区设定值": {
      "address": "VW116",
      "value": 145,
      "unit": "℃",
      "type": "Int",
      "is_readonly": false,
      "slot": 2
    },
    "A组35机1区实际值": {
      "address": "VW118",
      "value": 200,
      "unit": "℃",
      "type": "Int",
      "is_readonly": true,
      "slot": 2
    },
    "A组35机2区设定值": {
      "address": "VW316",
      "value": 144,
      "unit": "℃",
      "type": "Int",
      "is_readonly": false,
      "slot": 2
    },
    "A组35机2区实际值": {
      "address": "VW318",
      "value": 198,
      "unit": "℃",
      "type": "Int",
      "is_readonly": true,
      "slot": 2
    },
    "A组35机3区设定值": {
      "address": "VW368",
      "value": 195,
      "unit": "℃",
      "type": "Int",
      "is_readonly": false,
      "slot": 2
    },
    "A组35机3区实际值": {
      "address": "VW370",
      "value": 143,
      "unit": "℃",
      "type": "Int",
      "is_readonly": true,
      "slot": 2
    },
    "B组35机1区设定值": {
      "address": "VW118",
      "value": 200,
      "unit": "℃",
      "type": "Int",
      "is_readonly": false,
      "slot": 2
    },
    "B组35机1区实际值": {
      "address": "VW370",
      "value": 143,
      "unit": "℃",
      "type": "Int",
      "is_readonly": true,
      "slot": 2
    },
    "B组35机2区设定值": {
      "address": "VW120",
      "value": 155,
      "unit": "℃",
      "type": "Int",
      "is_readonly": false,
      "slot": 2
    },
    "B组35机2区实际值": {
      "address": "VW322",
      "value": 153,
      "unit": "℃",
      "type": "Int",
      "is_readonly": true,
      "slot": 2
    },
    "B组35机3区设定值": {
      "address": "VW112",
      "value": 150,
      "unit": "℃",
      "type": "Int",
      "is_readonly": false,
      "slot": 2
    },
    "B组35机3区实际值": {
      "address": "VW312",
      "value": 147,
      "unit": "℃",
      "type": "Int",
      "is_readonly": true,
      "slot": 2
    },
    "A组备用1设定值": {
      "address": "VW160",
      "value": 0,
      "unit": "℃",
      "type": "Int",
      "is_readonly": false,
      "slot": 2
    },
    "A组备用1实际值": {
      "address": "VW312",
      "value": 147,
      "unit": "℃",
      "type": "Int",
      "is_readonly": true,
      "slot": 2
    },
    "A组备用2设定值": {
      "address": "VW166",
      "value": 0,
      "unit": "℃",
      "type": "Int",
      "is_readonly": false,
      "slot": 2
    },
    "A组备用2实际值": {
      "address": "VW366",
      "value": 3276,
      "unit": "℃",
      "type": "Int",
      "is_readonly": true,
      "slot": 2
    },
    "B组备用1设定值": {
      "address": "VW156",
      "value": 0,
      "unit": "℃",
      "type": "Int",
      "is_readonly": false,
      "slot": 2
    },
    "B组备用1实际值": {
      "address": "VW356",
      "value": 3276,
      "unit": "℃",
      "type": "Int",
      "is_readonly": true,
      "slot": 2
    },
    "B组备用2设定值": {
      "address": "VW158",
      "value": 0,
      "unit": "℃",
      "type": "Int",
      "is_readonly": false,
      "slot": 2
    },
    "B组备用2实际值": {
      "address": "VW358",
      "value": 3276,
      "unit": "℃",
      "type": "Int",
      "is_readonly": true,
      "slot": 2
    },
    "25B调速故障": {
      "address": "V4550.7",
      "value": false,
      "unit": "",
      "type": "Bool",
      "is_readonly": true,
      "slot": 3
    },
    "25B料筒冷却风机故障": {
      "address": "V4550.4",
      "value": false,
      "unit": "",
      "type": "Bool",
      "is_readonly": false,
      "slot": 3
    },
    "25A调速故障": {
      "address": "V4551.4",
      "value": false,
      "unit": "",
      "type": "Bool",
      "is_readonly": true,
      "slot": 3
    },
    "25A料筒冷却风机故障": {
      "address": "V4550.6",
      "value": false,
      "unit": "",
      "type": "Bool",
      "is_readonly": true,
      "slot": 3
    },
    "25A过电流": {
      "address": "V4551.7",
      "value": false,
      "unit": "",
      "type": "Bool",
      "is_readonly": false,
      "slot": 3
    },
    "25B转速设定值": {
      "address": "VD212",
      "value": 0.0,
      "unit": "RPM",
      "type": "Real",
      "is_readonly": false,
      "slot": 3
    },
    "25B转速实际值": {
      "address": "VD532",
      "value": 0.0,
      "unit": "RPM",
      "type": "Real",
      "is_readonly": true,
      "slot": 3
    },
    "25B电流设定值": {
      "address": "VD2300",
      "value": 0.0,
      "unit": "%",
      "type": "Real",
      "is_readonly": false,
      "slot": 3
    },
    "25B电流实际值": {
      "address": "VD556",
      "value": 0.0,
      "unit": "A",
      "type": "Real",
      "is_readonly": true,
      "slot": 3
    },
    "25A转速设定值": {
      "address": "VD208",
      "value": 4.699997901916504,
      "unit": "RPM",
      "type": "Real",
      "is_readonly": false,
      "slot": 3
    },
    "25A转速实际值": {
      "address": "VD232",
      "value": 0.0,
      "unit": "RPM",
      "type": "Real",
      "is_readonly": true,
      "slot": 3
    },
    "25A电流设定值": {
      "address": "VD3300",
      "value": 0.0,
      "unit": "%",
      "type": "Real",
      "is_readonly": false,
      "slot": 3
    },
    "25A电流实际值": {
      "address": "VD256",
      "value": 0.0,
      "unit": "A",
      "type": "Real",
      "is_readonly": true,
      "slot": 3
    },
    "B组25机1区设定值": {
      "address": "VW102",
      "value": 145,
      "unit": "℃",
      "type": "Int",
      "is_readonly": false,
      "slot": 3
    },
    "B组25机1区实际值": {
      "address": "VW104",
      "value": 235,
      "unit": "℃",
      "type": "Int",
      "is_readonly": true,
      "slot": 3
    },
    "B组25机2区设定值": {
      "address": "VW104",
      "value": 235,
      "unit": "℃",
      "type": "Int",
      "is_readonly": false,
      "slot": 3
    },
    "B组25机2区实际值": {
      "address": "VW304",
      "value": 232,
      "unit": "℃",
      "type": "Int",
      "is_readonly": true,
      "slot": 3
    },
    "B组25机3区设定值": {
      "address": "VW106",
      "value": 235,
      "unit": "℃",
      "type": "Int",
      "is_readonly": false,
      "slot": 3
    },
    "B组25机3区实际值": {
      "address": "VW306",
      "value": 231,
      "unit": "℃",
      "type": "Int",
      "is_readonly": true,
      "slot": 3
    },
    "A组25机1区设定值": {
      "address": "VW108",
      "value": 145,
      "unit": "℃",
      "type": "Int",
      "is_readonly": false,
      "slot": 3
    },
    "A组25机1区实际值": {
      "address": "VW308",
      "value": 39,
      "unit": "℃",
      "type": "Int",
      "is_readonly": true,
      "slot": 3
    },
    "A组25机2区设定值": {
      "address": "VW116",
      "value": 170,
      "unit": "℃",
      "type": "Int",
      "is_readonly": false,
      "slot": 3
    },
    "A组25机2区实际值": {
      "address": "VW316",
      "value": 40,
      "unit": "℃",
      "type": "Int",
      "is_readonly": true,
      "slot": 3
    },
    "A组25机3区设定值": {
      "address": "VW118",
      "value": 170,
      "unit": "℃",
      "type": "Int",
      "is_readonly": false,
      "slot": 3
    },
    "A组25机3区实际值": {
      "address": "VW318",
      "value": 42,
      "unit": "℃",
      "type": "Int",
      "is_readonly": true,
      "slot": 3
    },
    "25B共挤备用1设定值": {
      "address": "VW130",
      "value": 0,
      "unit": "℃",
      "type": "Int",
      "is_readonly": false,
      "slot": 3
    },
    "25B共挤备用1实际值": {
      "address": "VW330",
      "value": 3276,
      "unit": "℃",
      "type": "Int",
      "is_readonly": true,
      "slot": 3
    },
    "25B共挤备用2设定值": {
      "address": "VW132",
      "value": 0,
      "unit": "℃",
      "type": "Int",
      "is_readonly": false,
      "slot": 3
    },
    "25B共挤备用2实际值": {
      "address": "VW332",
      "value": 3276,
      "unit": "℃",
      "type": "Int",
      "is_readonly": true,
      "slot": 3
    },
    "25A共挤备用1设定值": {
      "address": "VW134",
      "value": 0,
      "unit": "℃",
      "type": "Int",
      "is_readonly": false,
      "slot": 3
    },
    "25A共挤备用1实际值": {
      "address": "VW334",
      "value": 3276,
      "unit": "℃",
      "type": "Int",
      "is_readonly": true,
      "slot": 3
    },
    "25A共挤备用2设定值": {
      "address": "VW136",
      "value": 0,
      "unit": "℃",
      "type": "Int",
      "is_readonly": false,
      "slot": 3
    },
    "25A共挤备用2实际值": {
      "address": "VW336",
      "value": 3276,
      "unit": "℃",
      "type": "Int",
      "is_readonly": true,
      "slot": 3
    }
  }
}
------------------------------------------------------------
2026-05-09 13:44:43 | 读取PLC | 机台 | 用户ID:1
请求参数:
{
  "主机料温过低": {
    "address": "V4551.2",
    "value": false,
    "unit": "",
    "type": "Bool"
  },
  "主机料温过高": {
    "address": "V4551.1",
    "value": false,
    "unit": "",
    "type": "Bool"
  },
  "主机调速故障": {
    "address": "V4551.4",
    "value": false,
    "unit": "",
    "type": "Bool"
  },
  "主机过电流": {
    "address": "V4551.7",
    "value": false,
    "unit": "",
    "type": "Bool"
  },
  "主机料筒冷却风机故障": {
    "address": "V4550.4",
    "value": false,
    "unit": "",
    "type": "Bool"
  },
  "喂料调速器故障": {
    "address": "V4553.0",
    "value": false,
    "unit": "",
    "type": "Bool"
  },
  "喂料过电流": {
    "address": "V4553.1",
    "value": false,
    "unit": "",
    "type": "Bool"
  },
  "螺杆异位报警": {
    "address": "V4551.3",
    "value": false,
    "unit": "",
    "type": "Bool"
  },
  "主机急停未松开": {
    "address": "V4551.0",
    "value": false,
    "unit": "",
    "type": "Bool"
  },
  "35A调速故障": {
    "address": "V4550.1",
    "value": false,
    "unit": "",
    "type": "Bool"
  },
  "35A过电流": {
    "address": "V4550.7",
    "value": false,
    "unit": "",
    "type": "Bool"
  },
  "35A料筒冷却风机故障": {
    "address": "V4550.6",
    "value": false,
    "unit": "",
    "type": "Bool"
  },
  "35B调速故障": {
    "address": "V4550.5",
    "value": false,
    "unit": "",
    "type": "Bool"
  },
  "35B过电流": {
    "address": "V4550.0",
    "value": false,
    "unit": "",
    "type": "Bool"
  },
  "35B料筒冷却风机故障": {
    "address": "V4553.2",
    "value": false,
    "unit": "",
    "type": "Bool"
  },
  "主机转速设定值": {
    "address": "VD208",
    "value": 3.0,
    "unit": "RPM",
    "type": "Real"
  },
  "主机转速实际值": {
    "address": "VD232",
    "value": 0.0,
    "unit": "RPM",
    "type": "Real"
  },
  "主机电流负载占比": {
    "address": "VD3300",
    "value": 0.0,
    "unit": "%",
    "type": "Real"
  },
  "主机电流值": {
    "address": "VD256",
    "value": 0.0,
    "unit": "A",
    "type": "Real"
  },
  "喂料转速设定值": {
    "address": "VD32",
    "value": 6.000001907348633,
    "unit": "RPM",
    "type": "Real"
  },
  "喂料转速实际值": {
    "address": "VD244",
    "value": 0.0,
    "unit": "RPM",
    "type": "Real"
  },
  "喂料电流负载占比": {
    "address": "VD3304",
    "value": 0.0,
    "unit": "%",
    "type": "Real"
  },
  "喂料电流值": {
    "address": "VD260",
    "value": 0.0,
    "unit": "A",
    "type": "Real"
  },
  "65机筒1区设定值": {
    "address": "VW102",
    "value": 180,
    "unit": "℃",
    "type": "Int"
  },
  "65机筒1区实际值": {
    "address": "VW302",
    "value": 179,
    "unit": "℃",
    "type": "Int"
  },
  "65机筒2区设定值": {
    "address": "VW104",
    "value": 185,
    "unit": "℃",
    "type": "Int"
  },
  "65机筒2区实际值": {
    "address": "VW304",
    "value": 183,
    "unit": "℃",
    "type": "Int"
  },
  "65机筒3区设定值": {
    "address": "VW106",
    "value": 140,
    "unit": "℃",
    "type": "Int"
  },
  "65机筒3区实际值": {
    "address": "VW306",
    "value": 138,
    "unit": "℃",
    "type": "Int"
  },
  "65机筒4区设定值": {
    "address": "VW108",
    "value": 135,
    "unit": "℃",
    "type": "Int"
  },
  "65机筒4区实际值": {
    "address": "VW308",
    "value": 136,
    "unit": "℃",
    "type": "Int"
  },
  "65机合流芯设定值": {
    "address": "VW154",
    "value": 140,
    "unit": "℃",
    "type": "Int"
  },
  "65机合流芯实际值": {
    "address": "VW354",
    "value": 136,
    "unit": "℃",
    "type": "Int"
  },
  "芯层模具上设定值": {
    "address": "VW1130",
    "value": 135,
    "unit": "℃",
    "type": "Int"
  },
  "芯层模具上实际值": {
    "address": "VW330",
    "value": 141,
    "unit": "℃",
    "type": "Int"
  },
  "芯层模具下设定值": {
    "address": "VW1132",
    "value": 135,
    "unit": "℃",
    "type": "Int"
  },
  "芯层模具下实际值": {
    "address": "VW332",
    "value": 142,
    "unit": "℃",
    "type": "Int"
  },
  "芯层模具左设定值": {
    "address": "VW1134",
    "value": 130,
    "unit": "℃",
    "type": "Int"
  },
  "芯层模具左实际值": {
    "address": "VW334",
    "value": 137,
    "unit": "℃",
    "type": "Int"
  },
  "芯层模具右设定值": {
    "address": "VW1136",
    "value": 140,
    "unit": "℃",
    "type": "Int"
  },
  "芯层模具右实际值": {
    "address": "VW336",
    "value": 140,
    "unit": "℃",
    "type": "Int"
  },
  "外层模具上设定值": {
    "address": "VW1138",
    "value": 190,
    "unit": "℃",
    "type": "Int"
  },
  "外层模具上实际值": {
    "address": "VW338",
    "value": 192,
    "unit": "℃",
    "type": "Int"
  },
  "外层模具下设定值": {
    "address": "VW1140",
    "value": 180,
    "unit": "℃",
    "type": "Int"
  },
  "外层模具下实际值": {
    "address": "VW340",
    "value": 182,
    "unit": "℃",
    "type": "Int"
  },
  "外层模具左设定值": {
    "address": "VW1142",
    "value": 180,
    "unit": "℃",
    "type": "Int"
  },
  "外层模具左实际值": {
    "address": "VW342",
    "value": 182,
    "unit": "",
    "type": "Int"
  },
  "外层模具石设定值": {
    "address": "VW344",
    "value": 182,
    "unit": "℃",
    "type": "Int"
  },
  "外层模具石实际值": {
    "address": "VW344",
    "value": 182,
    "unit": "℃",
    "type": "Int"
  },
  "A组合流芯设定值": {
    "address": "VW346",
    "value": 196,
    "unit": "℃",
    "type": "Int"
  },
  "A组合流芯实际值": {
    "address": "VW346",
    "value": 196,
    "unit": "℃",
    "type": "Int"
  },
  "A组转接模设定值": {
    "address": "VW348",
    "value": 196,
    "unit": "℃",
    "type": "Int"
  },
  "A组转接模实际值": {
    "address": "VW348",
    "value": 196,
    "unit": "℃",
    "type": "Int"
  },
  "A组连接管设定值": {
    "address": "VW350",
    "value": 72,
    "unit": "℃",
    "type": "Int"
  },
  "A组连接管实际值": {
    "address": "VW350",
    "value": 72,
    "unit": "℃",
    "type": "Int"
  },
  "B组合流芯设定值": {
    "address": "VW352",
    "value": 156,
    "unit": "℃",
    "type": "Int"
  },
  "B组合流芯实际值": {
    "address": "VW352",
    "value": 156,
    "unit": "℃",
    "type": "Int"
  },
  "B组转接模设定值": {
    "address": "VW362",
    "value": 156,
    "unit": "℃",
    "type": "Int"
  },
  "B组转接模实际值": {
    "address": "VW362",
    "value": 156,
    "unit": "℃",
    "type": "Int"
  },
  "B组连接管设定值": {
    "address": "VW364",
    "value": 239,
    "unit": "℃",
    "type": "Int"
  },
  "B组连接管实际值": {
    "address": "VW364",
    "value": 239,
    "unit": "℃",
    "type": "Int"
  },
  "35A转速设定值": {
    "address": "VD508",
    "value": 0.0,
    "unit": "RPM",
    "type": "Real"
  },
  "35A转速实际值": {
    "address": "VD532",
    "value": 0.0,
    "unit": "RPM",
    "type": "Real"
  },
  "35A电流设定值": {
    "address": "VD2300",
    "value": 0.0,
    "unit": "%",
    "type": "Real"
  },
  "35A电流实际值": {
    "address": "VD556",
    "value": 0.0,
    "unit": "A",
    "type": "Real"
  },
  "35B转速设定值": {
    "address": "VD212",
    "value": 0.0,
    "unit": "RPM",
    "type": "Real"
  },
  "35B转速实际值": {
    "address": "VD236",
    "value": 0.0,
    "unit": "RPM",
    "type": "Real"
  },
  "35B电流设定值": {
    "address": "VD3308",
    "value": 0.0,
    "unit": "%",
    "type": "Real"
  },
  "35B电流实际值": {
    "address": "VD264",
    "value": 0.0,
    "unit": "A",
    "type": "Real"
  },
  "A组35机1区设定值": {
    "address": "VW116",
    "value": 145,
    "unit": "℃",
    "type": "Int"
  },
  "A组35机1区实际值": {
    "address": "VW118",
    "value": 200,
    "unit": "℃",
    "type": "Int"
  },
  "A组35机2区设定值": {
    "address": "VW316",
    "value": 144,
    "unit": "℃",
    "type": "Int"
  },
  "A组35机2区实际值": {
    "address": "VW318",
    "value": 199,
    "unit": "℃",
    "type": "Int"
  },
  "A组35机3区设定值": {
    "address": "VW368",
    "value": 196,
    "unit": "℃",
    "type": "Int"
  },
  "A组35机3区实际值": {
    "address": "VW370",
    "value": 144,
    "unit": "℃",
    "type": "Int"
  },
  "B组35机1区设定值": {
    "address": "VW118",
    "value": 200,
    "unit": "℃",
    "type": "Int"
  },
  "B组35机1区实际值": {
    "address": "VW370",
    "value": 144,
    "unit": "℃",
    "type": "Int"
  },
  "B组35机2区设定值": {
    "address": "VW120",
    "value": 155,
    "unit": "℃",
    "type": "Int"
  },
  "B组35机2区实际值": {
    "address": "VW322",
    "value": 156,
    "unit": "℃",
    "type": "Int"
  },
  "B组35机3区设定值": {
    "address": "VW112",
    "value": 150,
    "unit": "℃",
    "type": "Int"
  },
  "B组35机3区实际值": {
    "address": "VW312",
    "value": 148,
    "unit": "℃",
    "type": "Int"
  },
  "A组备用1设定值": {
    "address": "VW160",
    "value": 0,
    "unit": "℃",
    "type": "Int"
  },
  "A组备用1实际值": {
    "address": "VW312",
    "value": 148,
    "unit": "℃",
    "type": "Int"
  },
  "A组备用2设定值": {
    "address": "VW166",
    "value": 0,
    "unit": "℃",
    "type": "Int"
  },
  "A组备用2实际值": {
    "address": "VW366",
    "value": 3276,
    "unit": "℃",
    "type": "Int"
  },
  "B组备用1设定值": {
    "address": "VW156",
    "value": 0,
    "unit": "℃",
    "type": "Int"
  },
  "B组备用1实际值": {
    "address": "VW356",
    "value": 3276,
    "unit": "℃",
    "type": "Int"
  },
  "B组备用2设定值": {
    "address": "VW158",
    "value": 0,
    "unit": "℃",
    "type": "Int"
  },
  "B组备用2实际值": {
    "address": "VW358",
    "value": 3276,
    "unit": "℃",
    "type": "Int"
  },
  "25B调速故障": {
    "address": "V4550.7",
    "value": false,
    "unit": "",
    "type": "Bool"
  },
  "25B料筒冷却风机故障": {
    "address": "V4550.4",
    "value": false,
    "unit": "",
    "type": "Bool"
  },
  "25A调速故障": {
    "address": "V4551.4",
    "value": false,
    "unit": "",
    "type": "Bool"
  },
  "25A料筒冷却风机故障": {
    "address": "V4550.6",
    "value": false,
    "unit": "",
    "type": "Bool"
  },
  "25A过电流": {
    "address": "V4551.7",
    "value": false,
    "unit": "",
    "type": "Bool"
  },
  "25B转速设定值": {
    "address": "VD212",
    "value": 0.0,
    "unit": "RPM",
    "type": "Real"
  },
  "25B转速实际值": {
    "address": "VD532",
    "value": 0.0,
    "unit": "RPM",
    "type": "Real"
  },
  "25B电流设定值": {
    "address": "VD2300",
    "value": 0.0,
    "unit": "%",
    "type": "Real"
  },
  "25B电流实际值": {
    "address": "VD556",
    "value": 0.0,
    "unit": "A",
    "type": "Real"
  },
  "25A转速设定值": {
    "address": "VD208",
    "value": 4.699997901916504,
    "unit": "RPM",
    "type": "Real"
  },
  "25A转速实际值": {
    "address": "VD232",
    "value": 0.0,
    "unit": "RPM",
    "type": "Real"
  },
  "25A电流设定值": {
    "address": "VD3300",
    "value": 0.0,
    "unit": "%",
    "type": "Real"
  },
  "25A电流实际值": {
    "address": "VD256",
    "value": 0.0,
    "unit": "A",
    "type": "Real"
  },
  "B组25机1区设定值": {
    "address": "VW102",
    "value": 145,
    "unit": "℃",
    "type": "Int"
  },
  "B组25机1区实际值": {
    "address": "VW104",
    "value": 235,
    "unit": "℃",
    "type": "Int"
  },
  "B组25机2区设定值": {
    "address": "VW104",
    "value": 235,
    "unit": "℃",
    "type": "Int"
  },
  "B组25机2区实际值": {
    "address": "VW304",
    "value": 233,
    "unit": "℃",
    "type": "Int"
  },
  "B组25机3区设定值": {
    "address": "VW106",
    "value": 235,
    "unit": "℃",
    "type": "Int"
  },
  "B组25机3区实际值": {
    "address": "VW306",
    "value": 231,
    "unit": "℃",
    "type": "Int"
  },
  "A组25机1区设定值": {
    "address": "VW108",
    "value": 145,
    "unit": "℃",
    "type": "Int"
  },
  "A组25机1区实际值": {
    "address": "VW308",
    "value": 39,
    "unit": "℃",
    "type": "Int"
  },
  "A组25机2区设定值": {
    "address": "VW116",
    "value": 170,
    "unit": "℃",
    "type": "Int"
  },
  "A组25机2区实际值": {
    "address": "VW316",
    "value": 40,
    "unit": "℃",
    "type": "Int"
  },
  "A组25机3区设定值": {
    "address": "VW118",
    "value": 170,
    "unit": "℃",
    "type": "Int"
  },
  "A组25机3区实际值": {
    "address": "VW318",
    "value": 41,
    "unit": "℃",
    "type": "Int"
  },
  "25B共挤备用1设定值": {
    "address": "VW130",
    "value": 0,
    "unit": "℃",
    "type": "Int"
  },
  "25B共挤备用1实际值": {
    "address": "VW330",
    "value": 3276,
    "unit": "℃",
    "type": "Int"
  },
  "25B共挤备用2设定值": {
    "address": "VW132",
    "value": 0,
    "unit": "℃",
    "type": "Int"
  },
  "25B共挤备用2实际值": {
    "address": "VW332",
    "value": 3276,
    "unit": "℃",
    "type": "Int"
  },
  "25A共挤备用1设定值": {
    "address": "VW134",
    "value": 0,
    "unit": "℃",
    "type": "Int"
  },
  "25A共挤备用1实际值": {
    "address": "VW334",
    "value": 3276,
    "unit": "℃",
    "type": "Int"
  },
  "25A共挤备用2设定值": {
    "address": "VW136",
    "value": 0,
    "unit": "℃",
    "type": "Int"
  },
  "25A共挤备用2实际值": {
    "address": "VW336",
    "value": 3276,
    "unit": "℃",
    "type": "Int"
  }
}
详情: 机台: 默认挤出机 (ID: 1), 参数数量: 122
返回结果:
{
  "machine": {
    "id": 1,
    "name": "默认挤出机"
  },
  "parameters": {
    "主机料温过低": {
      "address": "V4551.2",
      "value": false,
      "unit": "",
      "type": "Bool",
      "is_readonly": true,
      "slot": 2
    },
    "主机料温过高": {
      "address": "V4551.1",
      "value": false,
      "unit": "",
      "type": "Bool",
      "is_readonly": true,
      "slot": 2
    },
    "主机调速故障": {
      "address": "V4551.4",
      "value": false,
      "unit": "",
      "type": "Bool",
      "is_readonly": true,
      "slot": 2
    },
    "主机过电流": {
      "address": "V4551.7",
      "value": false,
      "unit": "",
      "type": "Bool",
      "is_readonly": true,
      "slot": 2
    },
    "主机料筒冷却风机故障": {
      "address": "V4550.4",
      "value": false,
      "unit": "",
      "type": "Bool",
      "is_readonly": true,
      "slot": 2
    },
    "喂料调速器故障": {
      "address": "V4553.0",
      "value": false,
      "unit": "",
      "type": "Bool",
      "is_readonly": true,
      "slot": 2
    },
    "喂料过电流": {
      "address": "V4553.1",
      "value": false,
      "unit": "",
      "type": "Bool",
      "is_readonly": true,
      "slot": 2
    },
    "螺杆异位报警": {
      "address": "V4551.3",
      "value": false,
      "unit": "",
      "type": "Bool",
      "is_readonly": true,
      "slot": 2
    },
    "主机急停未松开": {
      "address": "V4551.0",
      "value": false,
      "unit": "",
      "type": "Bool",
      "is_readonly": true,
      "slot": 2
    },
    "35A调速故障": {
      "address": "V4550.1",
      "value": false,
      "unit": "",
      "type": "Bool",
      "is_readonly": true,
      "slot": 2
    },
    "35A过电流": {
      "address": "V4550.7",
      "value": false,
      "unit": "",
      "type": "Bool",
      "is_readonly": true,
      "slot": 2
    },
    "35A料筒冷却风机故障": {
      "address": "V4550.6",
      "value": false,
      "unit": "",
      "type": "Bool",
      "is_readonly": true,
      "slot": 2
    },
    "35B调速故障": {
      "address": "V4550.5",
      "value": false,
      "unit": "",
      "type": "Bool",
      "is_readonly": true,
      "slot": 2
    },
    "35B过电流": {
      "address": "V4550.0",
      "value": false,
      "unit": "",
      "type": "Bool",
      "is_readonly": true,
      "slot": 2
    },
    "35B料筒冷却风机故障": {
      "address": "V4553.2",
      "value": false,
      "unit": "",
      "type": "Bool",
      "is_readonly": true,
      "slot": 2
    },
    "主机转速设定值": {
      "address": "VD208",
      "value": 3.0,
      "unit": "RPM",
      "type": "Real",
      "is_readonly": false,
      "slot": 2
    },
    "主机转速实际值": {
      "address": "VD232",
      "value": 0.0,
      "unit": "RPM",
      "type": "Real",
      "is_readonly": true,
      "slot": 2
    },
    "主机电流负载占比": {
      "address": "VD3300",
      "value": 0.0,
      "unit": "%",
      "type": "Real",
      "is_readonly": true,
      "slot": 2
    },
    "主机电流值": {
      "address": "VD256",
      "value": 0.0,
      "unit": "A",
      "type": "Real",
      "is_readonly": true,
      "slot": 2
    },
    "喂料转速设定值": {
      "address": "VD32",
      "value": 6.000001907348633,
      "unit": "RPM",
      "type": "Real",
      "is_readonly": false,
      "slot": 2
    },
    "喂料转速实际值": {
      "address": "VD244",
      "value": 0.0,
      "unit": "RPM",
      "type": "Real",
      "is_readonly": true,
      "slot": 2
    },
    "喂料电流负载占比": {
      "address": "VD3304",
      "value": 0.0,
      "unit": "%",
      "type": "Real",
      "is_readonly": true,
      "slot": 2
    },
    "喂料电流值": {
      "address": "VD260",
      "value": 0.0,
      "unit": "A",
      "type": "Real",
      "is_readonly": true,
      "slot": 2
    },
    "65机筒1区设定值": {
      "address": "VW102",
      "value": 180,
      "unit": "℃",
      "type": "Int",
      "is_readonly": false,
      "slot": 2
    },
    "65机筒1区实际值": {
      "address": "VW302",
      "value": 179,
      "unit": "℃",
      "type": "Int",
      "is_readonly": true,
      "slot": 2
    },
    "65机筒2区设定值": {
      "address": "VW104",
      "value": 185,
      "unit": "℃",
      "type": "Int",
      "is_readonly": false,
      "slot": 2
    },
    "65机筒2区实际值": {
      "address": "VW304",
      "value": 183,
      "unit": "℃",
      "type": "Int",
      "is_readonly": true,
      "slot": 2
    },
    "65机筒3区设定值": {
      "address": "VW106",
      "value": 140,
      "unit": "℃",
      "type": "Int",
      "is_readonly": false,
      "slot": 2
    },
    "65机筒3区实际值": {
      "address": "VW306",
      "value": 138,
      "unit": "℃",
      "type": "Int",
      "is_readonly": true,
      "slot": 2
    },
    "65机筒4区设定值": {
      "address": "VW108",
      "value": 135,
      "unit": "℃",
      "type": "Int",
      "is_readonly": false,
      "slot": 2
    },
    "65机筒4区实际值": {
      "address": "VW308",
      "value": 136,
      "unit": "℃",
      "type": "Int",
      "is_readonly": true,
      "slot": 2
    },
    "65机合流芯设定值": {
      "address": "VW154",
      "value": 140,
      "unit": "℃",
      "type": "Int",
      "is_readonly": false,
      "slot": 2
    },
    "65机合流芯实际值": {
      "address": "VW354",
      "value": 136,
      "unit": "℃",
      "type": "Int",
      "is_readonly": true,
      "slot": 2
    },
    "芯层模具上设定值": {
      "address": "VW1130",
      "value": 135,
      "unit": "℃",
      "type": "Int",
      "is_readonly": false,
      "slot": 2
    },
    "芯层模具上实际值": {
      "address": "VW330",
      "value": 141,
      "unit": "℃",
      "type": "Int",
      "is_readonly": true,
      "slot": 2
    },
    "芯层模具下设定值": {
      "address": "VW1132",
      "value": 135,
      "unit": "℃",
      "type": "Int",
      "is_readonly": false,
      "slot": 2
    },
    "芯层模具下实际值": {
      "address": "VW332",
      "value": 142,
      "unit": "℃",
      "type": "Int",
      "is_readonly": true,
      "slot": 2
    },
    "芯层模具左设定值": {
      "address": "VW1134",
      "value": 130,
      "unit": "℃",
      "type": "Int",
      "is_readonly": false,
      "slot": 2
    },
    "芯层模具左实际值": {
      "address": "VW334",
      "value": 137,
      "unit": "℃",
      "type": "Int",
      "is_readonly": true,
      "slot": 2
    },
    "芯层模具右设定值": {
      "address": "VW1136",
      "value": 140,
      "unit": "℃",
      "type": "Int",
      "is_readonly": false,
      "slot": 2
    },
    "芯层模具右实际值": {
      "address": "VW336",
      "value": 140,
      "unit": "℃",
      "type": "Int",
      "is_readonly": true,
      "slot": 2
    },
    "外层模具上设定值": {
      "address": "VW1138",
      "value": 190,
      "unit": "℃",
      "type": "Int",
      "is_readonly": false,
      "slot": 2
    },
    "外层模具上实际值": {
      "address": "VW338",
      "value": 192,
      "unit": "℃",
      "type": "Int",
      "is_readonly": true,
      "slot": 2
    },
    "外层模具下设定值": {
      "address": "VW1140",
      "value": 180,
      "unit": "℃",
      "type": "Int",
      "is_readonly": false,
      "slot": 2
    },
    "外层模具下实际值": {
      "address": "VW340",
      "value": 182,
      "unit": "℃",
      "type": "Int",
      "is_readonly": true,
      "slot": 2
    },
    "外层模具左设定值": {
      "address": "VW1142",
      "value": 180,
      "unit": "℃",
      "type": "Int",
      "is_readonly": false,
      "slot": 2
    },
    "外层模具左实际值": {
      "address": "VW342",
      "value": 182,
      "unit": "",
      "type": "Int",
      "is_readonly": true,
      "slot": 2
    },
    "外层模具石设定值": {
      "address": "VW344",
      "value": 182,
      "unit": "℃",
      "type": "Int",
      "is_readonly": false,
      "slot": 2
    },
    "外层模具石实际值": {
      "address": "VW344",
      "value": 182,
      "unit": "℃",
      "type": "Int",
      "is_readonly": true,
      "slot": 2
    },
    "A组合流芯设定值": {
      "address": "VW346",
      "value": 196,
      "unit": "℃",
      "type": "Int",
      "is_readonly": false,
      "slot": 2
    },
    "A组合流芯实际值": {
      "address": "VW346",
      "value": 196,
      "unit": "℃",
      "type": "Int",
      "is_readonly": true,
      "slot": 2
    },
    "A组转接模设定值": {
      "address": "VW348",
      "value": 196,
      "unit": "℃",
      "type": "Int",
      "is_readonly": false,
      "slot": 2
    },
    "A组转接模实际值": {
      "address": "VW348",
      "value": 196,
      "unit": "℃",
      "type": "Int",
      "is_readonly": true,
      "slot": 2
    },
    "A组连接管设定值": {
      "address": "VW350",
      "value": 72,
      "unit": "℃",
      "type": "Int",
      "is_readonly": false,
      "slot": 2
    },
    "A组连接管实际值": {
      "address": "VW350",
      "value": 72,
      "unit": "℃",
      "type": "Int",
      "is_readonly": true,
      "slot": 2
    },
    "B组合流芯设定值": {
      "address": "VW352",
      "value": 156,
      "unit": "℃",
      "type": "Int",
      "is_readonly": false,
      "slot": 2
    },
    "B组合流芯实际值": {
      "address": "VW352",
      "value": 156,
      "unit": "℃",
      "type": "Int",
      "is_readonly": true,
      "slot": 2
    },
    "B组转接模设定值": {
      "address": "VW362",
      "value": 156,
      "unit": "℃",
      "type": "Int",
      "is_readonly": false,
      "slot": 2
    },
    "B组转接模实际值": {
      "address": "VW362",
      "value": 156,
      "unit": "℃",
      "type": "Int",
      "is_readonly": true,
      "slot": 2
    },
    "B组连接管设定值": {
      "address": "VW364",
      "value": 239,
      "unit": "℃",
      "type": "Int",
      "is_readonly": false,
      "slot": 2
    },
    "B组连接管实际值": {
      "address": "VW364",
      "value": 239,
      "unit": "℃",
      "type": "Int",
      "is_readonly": true,
      "slot": 2
    },
    "35A转速设定值": {
      "address": "VD508",
      "value": 0.0,
      "unit": "RPM",
      "type": "Real",
      "is_readonly": false,
      "slot": 2
    },
    "35A转速实际值": {
      "address": "VD532",
      "value": 0.0,
      "unit": "RPM",
      "type": "Real",
      "is_readonly": true,
      "slot": 2
    },
    "35A电流设定值": {
      "address": "VD2300",
      "value": 0.0,
      "unit": "%",
      "type": "Real",
      "is_readonly": false,
      "slot": 2
    },
    "35A电流实际值": {
      "address": "VD556",
      "value": 0.0,
      "unit": "A",
      "type": "Real",
      "is_readonly": true,
      "slot": 2
    },
    "35B转速设定值": {
      "address": "VD212",
      "value": 0.0,
      "unit": "RPM",
      "type": "Real",
      "is_readonly": false,
      "slot": 2
    },
    "35B转速实际值": {
      "address": "VD236",
      "value": 0.0,
      "unit": "RPM",
      "type": "Real",
      "is_readonly": true,
      "slot": 2
    },
    "35B电流设定值": {
      "address": "VD3308",
      "value": 0.0,
      "unit": "%",
      "type": "Real",
      "is_readonly": false,
      "slot": 2
    },
    "35B电流实际值": {
      "address": "VD264",
      "value": 0.0,
      "unit": "A",
      "type": "Real",
      "is_readonly": true,
      "slot": 2
    },
    "A组35机1区设定值": {
      "address": "VW116",
      "value": 145,
      "unit": "℃",
      "type": "Int",
      "is_readonly": false,
      "slot": 2
    },
    "A组35机1区实际值": {
      "address": "VW118",
      "value": 200,
      "unit": "℃",
      "type": "Int",
      "is_readonly": true,
      "slot": 2
    },
    "A组35机2区设定值": {
      "address": "VW316",
      "value": 144,
      "unit": "℃",
      "type": "Int",
      "is_readonly": false,
      "slot": 2
    },
    "A组35机2区实际值": {
      "address": "VW318",
      "value": 199,
      "unit": "℃",
      "type": "Int",
      "is_readonly": true,
      "slot": 2
    },
    "A组35机3区设定值": {
      "address": "VW368",
      "value": 196,
      "unit": "℃",
      "type": "Int",
      "is_readonly": false,
      "slot": 2
    },
    "A组35机3区实际值": {
      "address": "VW370",
      "value": 144,
      "unit": "℃",
      "type": "Int",
      "is_readonly": true,
      "slot": 2
    },
    "B组35机1区设定值": {
      "address": "VW118",
      "value": 200,
      "unit": "℃",
      "type": "Int",
      "is_readonly": false,
      "slot": 2
    },
    "B组35机1区实际值": {
      "address": "VW370",
      "value": 144,
      "unit": "℃",
      "type": "Int",
      "is_readonly": true,
      "slot": 2
    },
    "B组35机2区设定值": {
      "address": "VW120",
      "value": 155,
      "unit": "℃",
      "type": "Int",
      "is_readonly": false,
      "slot": 2
    },
    "B组35机2区实际值": {
      "address": "VW322",
      "value": 156,
      "unit": "℃",
      "type": "Int",
      "is_readonly": true,
      "slot": 2
    },
    "B组35机3区设定值": {
      "address": "VW112",
      "value": 150,
      "unit": "℃",
      "type": "Int",
      "is_readonly": false,
      "slot": 2
    },
    "B组35机3区实际值": {
      "address": "VW312",
      "value": 148,
      "unit": "℃",
      "type": "Int",
      "is_readonly": true,
      "slot": 2
    },
    "A组备用1设定值": {
      "address": "VW160",
      "value": 0,
      "unit": "℃",
      "type": "Int",
      "is_readonly": false,
      "slot": 2
    },
    "A组备用1实际值": {
      "address": "VW312",
      "value": 148,
      "unit": "℃",
      "type": "Int",
      "is_readonly": true,
      "slot": 2
    },
    "A组备用2设定值": {
      "address": "VW166",
      "value": 0,
      "unit": "℃",
      "type": "Int",
      "is_readonly": false,
      "slot": 2
    },
    "A组备用2实际值": {
      "address": "VW366",
      "value": 3276,
      "unit": "℃",
      "type": "Int",
      "is_readonly": true,
      "slot": 2
    },
    "B组备用1设定值": {
      "address": "VW156",
      "value": 0,
      "unit": "℃",
      "type": "Int",
      "is_readonly": false,
      "slot": 2
    },
    "B组备用1实际值": {
      "address": "VW356",
      "value": 3276,
      "unit": "℃",
      "type": "Int",
      "is_readonly": true,
      "slot": 2
    },
    "B组备用2设定值": {
      "address": "VW158",
      "value": 0,
      "unit": "℃",
      "type": "Int",
      "is_readonly": false,
      "slot": 2
    },
    "B组备用2实际值": {
      "address": "VW358",
      "value": 3276,
      "unit": "℃",
      "type": "Int",
      "is_readonly": true,
      "slot": 2
    },
    "25B调速故障": {
      "address": "V4550.7",
      "value": false,
      "unit": "",
      "type": "Bool",
      "is_readonly": true,
      "slot": 3
    },
    "25B料筒冷却风机故障": {
      "address": "V4550.4",
      "value": false,
      "unit": "",
      "type": "Bool",
      "is_readonly": false,
      "slot": 3
    },
    "25A调速故障": {
      "address": "V4551.4",
      "value": false,
      "unit": "",
      "type": "Bool",
      "is_readonly": true,
      "slot": 3
    },
    "25A料筒冷却风机故障": {
      "address": "V4550.6",
      "value": false,
      "unit": "",
      "type": "Bool",
      "is_readonly": true,
      "slot": 3
    },
    "25A过电流": {
      "address": "V4551.7",
      "value": false,
      "unit": "",
      "type": "Bool",
      "is_readonly": false,
      "slot": 3
    },
    "25B转速设定值": {
      "address": "VD212",
      "value": 0.0,
      "unit": "RPM",
      "type": "Real",
      "is_readonly": false,
      "slot": 3
    },
    "25B转速实际值": {
      "address": "VD532",
      "value": 0.0,
      "unit": "RPM",
      "type": "Real",
      "is_readonly": true,
      "slot": 3
    },
    "25B电流设定值": {
      "address": "VD2300",
      "value": 0.0,
      "unit": "%",
      "type": "Real",
      "is_readonly": false,
      "slot": 3
    },
    "25B电流实际值": {
      "address": "VD556",
      "value": 0.0,
      "unit": "A",
      "type": "Real",
      "is_readonly": true,
      "slot": 3
    },
    "25A转速设定值": {
      "address": "VD208",
      "value": 4.699997901916504,
      "unit": "RPM",
      "type": "Real",
      "is_readonly": false,
      "slot": 3
    },
    "25A转速实际值": {
      "address": "VD232",
      "value": 0.0,
      "unit": "RPM",
      "type": "Real",
      "is_readonly": true,
      "slot": 3
    },
    "25A电流设定值": {
      "address": "VD3300",
      "value": 0.0,
      "unit": "%",
      "type": "Real",
      "is_readonly": false,
      "slot": 3
    },
    "25A电流实际值": {
      "address": "VD256",
      "value": 0.0,
      "unit": "A",
      "type": "Real",
      "is_readonly": true,
      "slot": 3
    },
    "B组25机1区设定值": {
      "address": "VW102",
      "value": 145,
      "unit": "℃",
      "type": "Int",
      "is_readonly": false,
      "slot": 3
    },
    "B组25机1区实际值": {
      "address": "VW104",
      "value": 235,
      "unit": "℃",
      "type": "Int",
      "is_readonly": true,
      "slot": 3
    },
    "B组25机2区设定值": {
      "address": "VW104",
      "value": 235,
      "unit": "℃",
      "type": "Int",
      "is_readonly": false,
      "slot": 3
    },
    "B组25机2区实际值": {
      "address": "VW304",
      "value": 233,
      "unit": "℃",
      "type": "Int",
      "is_readonly": true,
      "slot": 3
    },
    "B组25机3区设定值": {
      "address": "VW106",
      "value": 235,
      "unit": "℃",
      "type": "Int",
      "is_readonly": false,
      "slot": 3
    },
    "B组25机3区实际值": {
      "address": "VW306",
      "value": 231,
      "unit": "℃",
      "type": "Int",
      "is_readonly": true,
      "slot": 3
    },
    "A组25机1区设定值": {
      "address": "VW108",
      "value": 145,
      "unit": "℃",
      "type": "Int",
      "is_readonly": false,
      "slot": 3
    },
    "A组25机1区实际值": {
      "address": "VW308",
      "value": 39,
      "unit": "℃",
      "type": "Int",
      "is_readonly": true,
      "slot": 3
    },
    "A组25机2区设定值": {
      "address": "VW116",
      "value": 170,
      "unit": "℃",
      "type": "Int",
      "is_readonly": false,
      "slot": 3
    },
    "A组25机2区实际值": {
      "address": "VW316",
      "value": 40,
      "unit": "℃",
      "type": "Int",
      "is_readonly": true,
      "slot": 3
    },
    "A组25机3区设定值": {
      "address": "VW118",
      "value": 170,
      "unit": "℃",
      "type": "Int",
      "is_readonly": false,
      "slot": 3
    },
    "A组25机3区实际值": {
      "address": "VW318",
      "value": 41,
      "unit": "℃",
      "type": "Int",
      "is_readonly": true,
      "slot": 3
    },
    "25B共挤备用1设定值": {
      "address": "VW130",
      "value": 0,
      "unit": "℃",
      "type": "Int",
      "is_readonly": false,
      "slot": 3
    },
    "25B共挤备用1实际值": {
      "address": "VW330",
      "value": 3276,
      "unit": "℃",
      "type": "Int",
      "is_readonly": true,
      "slot": 3
    },
    "25B共挤备用2设定值": {
      "address": "VW132",
      "value": 0,
      "unit": "℃",
      "type": "Int",
      "is_readonly": false,
      "slot": 3
    },
    "25B共挤备用2实际值": {
      "address": "VW332",
      "value": 3276,
      "unit": "℃",
      "type": "Int",
      "is_readonly": true,
      "slot": 3
    },
    "25A共挤备用1设定值": {
      "address": "VW134",
      "value": 0,
      "unit": "℃",
      "type": "Int",
      "is_readonly": false,
      "slot": 3
    },
    "25A共挤备用1实际值": {
      "address": "VW334",
      "value": 3276,
      "unit": "℃",
      "type": "Int",
      "is_readonly": true,
      "slot": 3
    },
    "25A共挤备用2设定值": {
      "address": "VW136",
      "value": 0,
      "unit": "℃",
      "type": "Int",
      "is_readonly": false,
      "slot": 3
    },
    "25A共挤备用2实际值": {
      "address": "VW336",
      "value": 3276,
      "unit": "℃",
      "type": "Int",
      "is_readonly": true,
      "slot": 3
    }
  }
}
------------------------------------------------------------
2026-05-09 15:02:26 | 读取PLC | 机台 | 用户ID:1
请求参数:
{
  "主机料温过低": {
    "address": "V4551.2",
    "value": false,
    "unit": "",
    "type": "Bool"
  },
  "主机料温过高": {
    "address": "V4551.1",
    "value": false,
    "unit": "",
    "type": "Bool"
  },
  "主机调速故障": {
    "address": "V4551.4",
    "value": false,
    "unit": "",
    "type": "Bool"
  },
  "主机过电流": {
    "address": "V4551.7",
    "value": false,
    "unit": "",
    "type": "Bool"
  },
  "主机料筒冷却风机故障": {
    "address": "V4550.4",
    "value": false,
    "unit": "",
    "type": "Bool"
  },
  "喂料调速器故障": {
    "address": "V4553.0",
    "value": false,
    "unit": "",
    "type": "Bool"
  },
  "喂料过电流": {
    "address": "V4553.1",
    "value": false,
    "unit": "",
    "type": "Bool"
  },
  "螺杆异位报警": {
    "address": "V4551.3",
    "value": false,
    "unit": "",
    "type": "Bool"
  },
  "主机急停未松开": {
    "address": "V4551.0",
    "value": false,
    "unit": "",
    "type": "Bool"
  },
  "35A调速故障": {
    "address": "V4550.1",
    "value": false,
    "unit": "",
    "type": "Bool"
  },
  "35A过电流": {
    "address": "V4550.7",
    "value": false,
    "unit": "",
    "type": "Bool"
  },
  "35A料筒冷却风机故障": {
    "address": "V4550.6",
    "value": false,
    "unit": "",
    "type": "Bool"
  },
  "35B调速故障": {
    "address": "V4550.5",
    "value": false,
    "unit": "",
    "type": "Bool"
  },
  "35B过电流": {
    "address": "V4550.0",
    "value": false,
    "unit": "",
    "type": "Bool"
  },
  "35B料筒冷却风机故障": {
    "address": "V4553.2",
    "value": false,
    "unit": "",
    "type": "Bool"
  },
  "主机转速设定值": {
    "address": "VD208",
    "value": 3.0,
    "unit": "RPM",
    "type": "Real"
  },
  "主机转速实际值": {
    "address": "VD232",
    "value": 0.0,
    "unit": "RPM",
    "type": "Real"
  },
  "主机电流负载占比": {
    "address": "VD3300",
    "value": 0.0,
    "unit": "%",
    "type": "Real"
  },
  "主机电流值": {
    "address": "VD256",
    "value": 0.0,
    "unit": "A",
    "type": "Real"
  },
  "喂料转速设定值": {
    "address": "VD32",
    "value": 6.000001907348633,
    "unit": "RPM",
    "type": "Real"
  },
  "喂料转速实际值": {
    "address": "VD244",
    "value": 0.0,
    "unit": "RPM",
    "type": "Real"
  },
  "喂料电流负载占比": {
    "address": "VD3304",
    "value": 0.0,
    "unit": "%",
    "type": "Real"
  },
  "喂料电流值": {
    "address": "VD260",
    "value": 0.0,
    "unit": "A",
    "type": "Real"
  },
  "65机筒1区设定值": {
    "address": "VW102",
    "value": 180,
    "unit": "℃",
    "type": "Int"
  },
  "65机筒1区实际值": {
    "address": "VW302",
    "value": 179,
    "unit": "℃",
    "type": "Int"
  },
  "65机筒2区设定值": {
    "address": "VW104",
    "value": 185,
    "unit": "℃",
    "type": "Int"
  },
  "65机筒2区实际值": {
    "address": "VW304",
    "value": 184,
    "unit": "℃",
    "type": "Int"
  },
  "65机筒3区设定值": {
    "address": "VW106",
    "value": 140,
    "unit": "℃",
    "type": "Int"
  },
  "65机筒3区实际值": {
    "address": "VW306",
    "value": 138,
    "unit": "℃",
    "type": "Int"
  },
  "65机筒4区设定值": {
    "address": "VW108",
    "value": 135,
    "unit": "℃",
    "type": "Int"
  },
  "65机筒4区实际值": {
    "address": "VW308",
    "value": 132,
    "unit": "℃",
    "type": "Int"
  },
  "65机合流芯设定值": {
    "address": "VW154",
    "value": 140,
    "unit": "℃",
    "type": "Int"
  },
  "65机合流芯实际值": {
    "address": "VW354",
    "value": 136,
    "unit": "℃",
    "type": "Int"
  },
  "芯层模具上设定值": {
    "address": "VW1130",
    "value": 135,
    "unit": "℃",
    "type": "Int"
  },
  "芯层模具上实际值": {
    "address": "VW330",
    "value": 142,
    "unit": "℃",
    "type": "Int"
  },
  "芯层模具下设定值": {
    "address": "VW1132",
    "value": 135,
    "unit": "℃",
    "type": "Int"
  },
  "芯层模具下实际值": {
    "address": "VW332",
    "value": 142,
    "unit": "℃",
    "type": "Int"
  },
  "芯层模具左设定值": {
    "address": "VW1134",
    "value": 130,
    "unit": "℃",
    "type": "Int"
  },
  "芯层模具左实际值": {
    "address": "VW334",
    "value": 137,
    "unit": "℃",
    "type": "Int"
  },
  "芯层模具右设定值": {
    "address": "VW1136",
    "value": 140,
    "unit": "℃",
    "type": "Int"
  },
  "芯层模具右实际值": {
    "address": "VW336",
    "value": 139,
    "unit": "℃",
    "type": "Int"
  },
  "外层模具上设定值": {
    "address": "VW1138",
    "value": 190,
    "unit": "℃",
    "type": "Int"
  },
  "外层模具上实际值": {
    "address": "VW338",
    "value": 193,
    "unit": "℃",
    "type": "Int"
  },
  "外层模具下设定值": {
    "address": "VW1140",
    "value": 180,
    "unit": "℃",
    "type": "Int"
  },
  "外层模具下实际值": {
    "address": "VW340",
    "value": 184,
    "unit": "℃",
    "type": "Int"
  },
  "外层模具左设定值": {
    "address": "VW1142",
    "value": 180,
    "unit": "℃",
    "type": "Int"
  },
  "外层模具左实际值": {
    "address": "VW342",
    "value": 181,
    "unit": "",
    "type": "Int"
  },
  "外层模具石设定值": {
    "address": "VW344",
    "value": 182,
    "unit": "℃",
    "type": "Int"
  },
  "外层模具石实际值": {
    "address": "VW344",
    "value": 182,
    "unit": "℃",
    "type": "Int"
  },
  "A组合流芯设定值": {
    "address": "VW346",
    "value": 197,
    "unit": "℃",
    "type": "Int"
  },
  "A组合流芯实际值": {
    "address": "VW346",
    "value": 197,
    "unit": "℃",
    "type": "Int"
  },
  "A组转接模设定值": {
    "address": "VW348",
    "value": 200,
    "unit": "℃",
    "type": "Int"
  },
  "A组转接模实际值": {
    "address": "VW348",
    "value": 200,
    "unit": "℃",
    "type": "Int"
  },
  "A组连接管设定值": {
    "address": "VW350",
    "value": 81,
    "unit": "℃",
    "type": "Int"
  },
  "A组连接管实际值": {
    "address": "VW350",
    "value": 81,
    "unit": "℃",
    "type": "Int"
  },
  "B组合流芯设定值": {
    "address": "VW352",
    "value": 150,
    "unit": "℃",
    "type": "Int"
  },
  "B组合流芯实际值": {
    "address": "VW352",
    "value": 150,
    "unit": "℃",
    "type": "Int"
  },
  "B组转接模设定值": {
    "address": "VW362",
    "value": 151,
    "unit": "℃",
    "type": "Int"
  },
  "B组转接模实际值": {
    "address": "VW362",
    "value": 151,
    "unit": "℃",
    "type": "Int"
  },
  "B组连接管设定值": {
    "address": "VW364",
    "value": 244,
    "unit": "℃",
    "type": "Int"
  },
  "B组连接管实际值": {
    "address": "VW364",
    "value": 244,
    "unit": "℃",
    "type": "Int"
  },
  "35A转速设定值": {
    "address": "VD508",
    "value": 0.0,
    "unit": "RPM",
    "type": "Real"
  },
  "35A转速实际值": {
    "address": "VD532",
    "value": 0.0,
    "unit": "RPM",
    "type": "Real"
  },
  "35A电流设定值": {
    "address": "VD2300",
    "value": 0.0,
    "unit": "%",
    "type": "Real"
  },
  "35A电流实际值": {
    "address": "VD556",
    "value": 0.0,
    "unit": "A",
    "type": "Real"
  },
  "35B转速设定值": {
    "address": "VD212",
    "value": 0.0,
    "unit": "RPM",
    "type": "Real"
  },
  "35B转速实际值": {
    "address": "VD236",
    "value": 0.0,
    "unit": "RPM",
    "type": "Real"
  },
  "35B电流设定值": {
    "address": "VD3308",
    "value": 0.0,
    "unit": "%",
    "type": "Real"
  },
  "35B电流实际值": {
    "address": "VD264",
    "value": 0.0,
    "unit": "A",
    "type": "Real"
  },
  "A组35机1区设定值": {
    "address": "VW116",
    "value": 145,
    "unit": "℃",
    "type": "Int"
  },
  "A组35机1区实际值": {
    "address": "VW118",
    "value": 200,
    "unit": "℃",
    "type": "Int"
  },
  "A组35机2区设定值": {
    "address": "VW316",
    "value": 144,
    "unit": "℃",
    "type": "Int"
  },
  "A组35机2区实际值": {
    "address": "VW318",
    "value": 199,
    "unit": "℃",
    "type": "Int"
  },
  "A组35机3区设定值": {
    "address": "VW368",
    "value": 196,
    "unit": "℃",
    "type": "Int"
  },
  "A组35机3区实际值": {
    "address": "VW370",
    "value": 143,
    "unit": "℃",
    "type": "Int"
  },
  "B组35机1区设定值": {
    "address": "VW118",
    "value": 200,
    "unit": "℃",
    "type": "Int"
  },
  "B组35机1区实际值": {
    "address": "VW370",
    "value": 143,
    "unit": "℃",
    "type": "Int"
  },
  "B组35机2区设定值": {
    "address": "VW120",
    "value": 155,
    "unit": "℃",
    "type": "Int"
  },
  "B组35机2区实际值": {
    "address": "VW322",
    "value": 154,
    "unit": "℃",
    "type": "Int"
  },
  "B组35机3区设定值": {
    "address": "VW112",
    "value": 150,
    "unit": "℃",
    "type": "Int"
  },
  "B组35机3区实际值": {
    "address": "VW312",
    "value": 148,
    "unit": "℃",
    "type": "Int"
  },
  "A组备用1设定值": {
    "address": "VW160",
    "value": 0,
    "unit": "℃",
    "type": "Int"
  },
  "A组备用1实际值": {
    "address": "VW312",
    "value": 148,
    "unit": "℃",
    "type": "Int"
  },
  "A组备用2设定值": {
    "address": "VW166",
    "value": 0,
    "unit": "℃",
    "type": "Int"
  },
  "A组备用2实际值": {
    "address": "VW366",
    "value": 3276,
    "unit": "℃",
    "type": "Int"
  },
  "B组备用1设定值": {
    "address": "VW156",
    "value": 0,
    "unit": "℃",
    "type": "Int"
  },
  "B组备用1实际值": {
    "address": "VW356",
    "value": 3276,
    "unit": "℃",
    "type": "Int"
  },
  "B组备用2设定值": {
    "address": "VW158",
    "value": 0,
    "unit": "℃",
    "type": "Int"
  },
  "B组备用2实际值": {
    "address": "VW358",
    "value": 3276,
    "unit": "℃",
    "type": "Int"
  },
  "25B调速故障": {
    "address": "V4550.7",
    "value": false,
    "unit": "",
    "type": "Bool"
  },
  "25B料筒冷却风机故障": {
    "address": "V4550.4",
    "value": false,
    "unit": "",
    "type": "Bool"
  },
  "25A调速故障": {
    "address": "V4551.4",
    "value": false,
    "unit": "",
    "type": "Bool"
  },
  "25A料筒冷却风机故障": {
    "address": "V4550.6",
    "value": false,
    "unit": "",
    "type": "Bool"
  },
  "25A过电流": {
    "address": "V4551.7",
    "value": false,
    "unit": "",
    "type": "Bool"
  },
  "25B转速设定值": {
    "address": "VD212",
    "value": 0.0,
    "unit": "RPM",
    "type": "Real"
  },
  "25B转速实际值": {
    "address": "VD532",
    "value": 0.0,
    "unit": "RPM",
    "type": "Real"
  },
  "25B电流设定值": {
    "address": "VD2300",
    "value": 0.0,
    "unit": "%",
    "type": "Real"
  },
  "25B电流实际值": {
    "address": "VD556",
    "value": 0.0,
    "unit": "A",
    "type": "Real"
  },
  "25A转速设定值": {
    "address": "VD208",
    "value": 4.699997901916504,
    "unit": "RPM",
    "type": "Real"
  },
  "25A转速实际值": {
    "address": "VD232",
    "value": 0.0,
    "unit": "RPM",
    "type": "Real"
  },
  "25A电流设定值": {
    "address": "VD3300",
    "value": 0.0,
    "unit": "%",
    "type": "Real"
  },
  "25A电流实际值": {
    "address": "VD256",
    "value": 0.0,
    "unit": "A",
    "type": "Real"
  },
  "B组25机1区设定值": {
    "address": "VW102",
    "value": 145,
    "unit": "℃",
    "type": "Int"
  },
  "B组25机1区实际值": {
    "address": "VW104",
    "value": 235,
    "unit": "℃",
    "type": "Int"
  },
  "B组25机2区设定值": {
    "address": "VW104",
    "value": 235,
    "unit": "℃",
    "type": "Int"
  },
  "B组25机2区实际值": {
    "address": "VW304",
    "value": 233,
    "unit": "℃",
    "type": "Int"
  },
  "B组25机3区设定值": {
    "address": "VW106",
    "value": 235,
    "unit": "℃",
    "type": "Int"
  },
  "B组25机3区实际值": {
    "address": "VW306",
    "value": 230,
    "unit": "℃",
    "type": "Int"
  },
  "A组25机1区设定值": {
    "address": "VW108",
    "value": 145,
    "unit": "℃",
    "type": "Int"
  },
  "A组25机1区实际值": {
    "address": "VW308",
    "value": 40,
    "unit": "℃",
    "type": "Int"
  },
  "A组25机2区设定值": {
    "address": "VW116",
    "value": 170,
    "unit": "℃",
    "type": "Int"
  },
  "A组25机2区实际值": {
    "address": "VW316",
    "value": 41,
    "unit": "℃",
    "type": "Int"
  },
  "A组25机3区设定值": {
    "address": "VW118",
    "value": 170,
    "unit": "℃",
    "type": "Int"
  },
  "A组25机3区实际值": {
    "address": "VW318",
    "value": 44,
    "unit": "℃",
    "type": "Int"
  },
  "25B共挤备用1设定值": {
    "address": "VW130",
    "value": 0,
    "unit": "℃",
    "type": "Int"
  },
  "25B共挤备用1实际值": {
    "address": "VW330",
    "value": 3276,
    "unit": "℃",
    "type": "Int"
  },
  "25B共挤备用2设定值": {
    "address": "VW132",
    "value": 0,
    "unit": "℃",
    "type": "Int"
  },
  "25B共挤备用2实际值": {
    "address": "VW332",
    "value": 3276,
    "unit": "℃",
    "type": "Int"
  },
  "25A共挤备用1设定值": {
    "address": "VW134",
    "value": 0,
    "unit": "℃",
    "type": "Int"
  },
  "25A共挤备用1实际值": {
    "address": "VW334",
    "value": 3276,
    "unit": "℃",
    "type": "Int"
  },
  "25A共挤备用2设定值": {
    "address": "VW136",
    "value": 0,
    "unit": "℃",
    "type": "Int"
  },
  "25A共挤备用2实际值": {
    "address": "VW336",
    "value": 3276,
    "unit": "℃",
    "type": "Int"
  }
}
详情: 机台: 默认挤出机 (ID: 1), 参数数量: 122
返回结果:
{
  "machine": {
    "id": 1,
    "name": "默认挤出机"
  },
  "parameters": {
    "主机料温过低": {
      "address": "V4551.2",
      "value": false,
      "unit": "",
      "type": "Bool",
      "is_readonly": true,
      "slot": 2
    },
    "主机料温过高": {
      "address": "V4551.1",
      "value": false,
      "unit": "",
      "type": "Bool",
      "is_readonly": true,
      "slot": 2
    },
    "主机调速故障": {
      "address": "V4551.4",
      "value": false,
      "unit": "",
      "type": "Bool",
      "is_readonly": true,
      "slot": 2
    },
    "主机过电流": {
      "address": "V4551.7",
      "value": false,
      "unit": "",
      "type": "Bool",
      "is_readonly": true,
      "slot": 2
    },
    "主机料筒冷却风机故障": {
      "address": "V4550.4",
      "value": false,
      "unit": "",
      "type": "Bool",
      "is_readonly": true,
      "slot": 2
    },
    "喂料调速器故障": {
      "address": "V4553.0",
      "value": false,
      "unit": "",
      "type": "Bool",
      "is_readonly": true,
      "slot": 2
    },
    "喂料过电流": {
      "address": "V4553.1",
      "value": false,
      "unit": "",
      "type": "Bool",
      "is_readonly": true,
      "slot": 2
    },
    "螺杆异位报警": {
      "address": "V4551.3",
      "value": false,
      "unit": "",
      "type": "Bool",
      "is_readonly": true,
      "slot": 2
    },
    "主机急停未松开": {
      "address": "V4551.0",
      "value": false,
      "unit": "",
      "type": "Bool",
      "is_readonly": true,
      "slot": 2
    },
    "35A调速故障": {
      "address": "V4550.1",
      "value": false,
      "unit": "",
      "type": "Bool",
      "is_readonly": true,
      "slot": 2
    },
    "35A过电流": {
      "address": "V4550.7",
      "value": false,
      "unit": "",
      "type": "Bool",
      "is_readonly": true,
      "slot": 2
    },
    "35A料筒冷却风机故障": {
      "address": "V4550.6",
      "value": false,
      "unit": "",
      "type": "Bool",
      "is_readonly": true,
      "slot": 2
    },
    "35B调速故障": {
      "address": "V4550.5",
      "value": false,
      "unit": "",
      "type": "Bool",
      "is_readonly": true,
      "slot": 2
    },
    "35B过电流": {
      "address": "V4550.0",
      "value": false,
      "unit": "",
      "type": "Bool",
      "is_readonly": true,
      "slot": 2
    },
    "35B料筒冷却风机故障": {
      "address": "V4553.2",
      "value": false,
      "unit": "",
      "type": "Bool",
      "is_readonly": true,
      "slot": 2
    },
    "主机转速设定值": {
      "address": "VD208",
      "value": 3.0,
      "unit": "RPM",
      "type": "Real",
      "is_readonly": false,
      "slot": 2
    },
    "主机转速实际值": {
      "address": "VD232",
      "value": 0.0,
      "unit": "RPM",
      "type": "Real",
      "is_readonly": true,
      "slot": 2
    },
    "主机电流负载占比": {
      "address": "VD3300",
      "value": 0.0,
      "unit": "%",
      "type": "Real",
      "is_readonly": true,
      "slot": 2
    },
    "主机电流值": {
      "address": "VD256",
      "value": 0.0,
      "unit": "A",
      "type": "Real",
      "is_readonly": true,
      "slot": 2
    },
    "喂料转速设定值": {
      "address": "VD32",
      "value": 6.000001907348633,
      "unit": "RPM",
      "type": "Real",
      "is_readonly": false,
      "slot": 2
    },
    "喂料转速实际值": {
      "address": "VD244",
      "value": 0.0,
      "unit": "RPM",
      "type": "Real",
      "is_readonly": true,
      "slot": 2
    },
    "喂料电流负载占比": {
      "address": "VD3304",
      "value": 0.0,
      "unit": "%",
      "type": "Real",
      "is_readonly": true,
      "slot": 2
    },
    "喂料电流值": {
      "address": "VD260",
      "value": 0.0,
      "unit": "A",
      "type": "Real",
      "is_readonly": true,
      "slot": 2
    },
    "65机筒1区设定值": {
      "address": "VW102",
      "value": 180,
      "unit": "℃",
      "type": "Int",
      "is_readonly": false,
      "slot": 2
    },
    "65机筒1区实际值": {
      "address": "VW302",
      "value": 179,
      "unit": "℃",
      "type": "Int",
      "is_readonly": true,
      "slot": 2
    },
    "65机筒2区设定值": {
      "address": "VW104",
      "value": 185,
      "unit": "℃",
      "type": "Int",
      "is_readonly": false,
      "slot": 2
    },
    "65机筒2区实际值": {
      "address": "VW304",
      "value": 184,
      "unit": "℃",
      "type": "Int",
      "is_readonly": true,
      "slot": 2
    },
    "65机筒3区设定值": {
      "address": "VW106",
      "value": 140,
      "unit": "℃",
      "type": "Int",
      "is_readonly": false,
      "slot": 2
    },
    "65机筒3区实际值": {
      "address": "VW306",
      "value": 138,
      "unit": "℃",
      "type": "Int",
      "is_readonly": true,
      "slot": 2
    },
    "65机筒4区设定值": {
      "address": "VW108",
      "value": 135,
      "unit": "℃",
      "type": "Int",
      "is_readonly": false,
      "slot": 2
    },
    "65机筒4区实际值": {
      "address": "VW308",
      "value": 132,
      "unit": "℃",
      "type": "Int",
      "is_readonly": true,
      "slot": 2
    },
    "65机合流芯设定值": {
      "address": "VW154",
      "value": 140,
      "unit": "℃",
      "type": "Int",
      "is_readonly": false,
      "slot": 2
    },
    "65机合流芯实际值": {
      "address": "VW354",
      "value": 136,
      "unit": "℃",
      "type": "Int",
      "is_readonly": true,
      "slot": 2
    },
    "芯层模具上设定值": {
      "address": "VW1130",
      "value": 135,
      "unit": "℃",
      "type": "Int",
      "is_readonly": false,
      "slot": 2
    },
    "芯层模具上实际值": {
      "address": "VW330",
      "value": 142,
      "unit": "℃",
      "type": "Int",
      "is_readonly": true,
      "slot": 2
    },
    "芯层模具下设定值": {
      "address": "VW1132",
      "value": 135,
      "unit": "℃",
      "type": "Int",
      "is_readonly": false,
      "slot": 2
    },
    "芯层模具下实际值": {
      "address": "VW332",
      "value": 142,
      "unit": "℃",
      "type": "Int",
      "is_readonly": true,
      "slot": 2
    },
    "芯层模具左设定值": {
      "address": "VW1134",
      "value": 130,
      "unit": "℃",
      "type": "Int",
      "is_readonly": false,
      "slot": 2
    },
    "芯层模具左实际值": {
      "address": "VW334",
      "value": 137,
      "unit": "℃",
      "type": "Int",
      "is_readonly": true,
      "slot": 2
    },
    "芯层模具右设定值": {
      "address": "VW1136",
      "value": 140,
      "unit": "℃",
      "type": "Int",
      "is_readonly": false,
      "slot": 2
    },
    "芯层模具右实际值": {
      "address": "VW336",
      "value": 139,
      "unit": "℃",
      "type": "Int",
      "is_readonly": true,
      "slot": 2
    },
    "外层模具上设定值": {
      "address": "VW1138",
      "value": 190,
      "unit": "℃",
      "type": "Int",
      "is_readonly": false,
      "slot": 2
    },
    "外层模具上实际值": {
      "address": "VW338",
      "value": 193,
      "unit": "℃",
      "type": "Int",
      "is_readonly": true,
      "slot": 2
    },
    "外层模具下设定值": {
      "address": "VW1140",
      "value": 180,
      "unit": "℃",
      "type": "Int",
      "is_readonly": false,
      "slot": 2
    },
    "外层模具下实际值": {
      "address": "VW340",
      "value": 184,
      "unit": "℃",
      "type": "Int",
      "is_readonly": true,
      "slot": 2
    },
    "外层模具左设定值": {
      "address": "VW1142",
      "value": 180,
      "unit": "℃",
      "type": "Int",
      "is_readonly": false,
      "slot": 2
    },
    "外层模具左实际值": {
      "address": "VW342",
      "value": 181,
      "unit": "",
      "type": "Int",
      "is_readonly": true,
      "slot": 2
    },
    "外层模具石设定值": {
      "address": "VW344",
      "value": 182,
      "unit": "℃",
      "type": "Int",
      "is_readonly": false,
      "slot": 2
    },
    "外层模具石实际值": {
      "address": "VW344",
      "value": 182,
      "unit": "℃",
      "type": "Int",
      "is_readonly": true,
      "slot": 2
    },
    "A组合流芯设定值": {
      "address": "VW346",
      "value": 197,
      "unit": "℃",
      "type": "Int",
      "is_readonly": false,
      "slot": 2
    },
    "A组合流芯实际值": {
      "address": "VW346",
      "value": 197,
      "unit": "℃",
      "type": "Int",
      "is_readonly": true,
      "slot": 2
    },
    "A组转接模设定值": {
      "address": "VW348",
      "value": 200,
      "unit": "℃",
      "type": "Int",
      "is_readonly": false,
      "slot": 2
    },
    "A组转接模实际值": {
      "address": "VW348",
      "value": 200,
      "unit": "℃",
      "type": "Int",
      "is_readonly": true,
      "slot": 2
    },
    "A组连接管设定值": {
      "address": "VW350",
      "value": 81,
      "unit": "℃",
      "type": "Int",
      "is_readonly": false,
      "slot": 2
    },
    "A组连接管实际值": {
      "address": "VW350",
      "value": 81,
      "unit": "℃",
      "type": "Int",
      "is_readonly": true,
      "slot": 2
    },
    "B组合流芯设定值": {
      "address": "VW352",
      "value": 150,
      "unit": "℃",
      "type": "Int",
      "is_readonly": false,
      "slot": 2
    },
    "B组合流芯实际值": {
      "address": "VW352",
      "value": 150,
      "unit": "℃",
      "type": "Int",
      "is_readonly": true,
      "slot": 2
    },
    "B组转接模设定值": {
      "address": "VW362",
      "value": 151,
      "unit": "℃",
      "type": "Int",
      "is_readonly": false,
      "slot": 2
    },
    "B组转接模实际值": {
      "address": "VW362",
      "value": 151,
      "unit": "℃",
      "type": "Int",
      "is_readonly": true,
      "slot": 2
    },
    "B组连接管设定值": {
      "address": "VW364",
      "value": 244,
      "unit": "℃",
      "type": "Int",
      "is_readonly": false,
      "slot": 2
    },
    "B组连接管实际值": {
      "address": "VW364",
      "value": 244,
      "unit": "℃",
      "type": "Int",
      "is_readonly": true,
      "slot": 2
    },
    "35A转速设定值": {
      "address": "VD508",
      "value": 0.0,
      "unit": "RPM",
      "type": "Real",
      "is_readonly": false,
      "slot": 2
    },
    "35A转速实际值": {
      "address": "VD532",
      "value": 0.0,
      "unit": "RPM",
      "type": "Real",
      "is_readonly": true,
      "slot": 2
    },
    "35A电流设定值": {
      "address": "VD2300",
      "value": 0.0,
      "unit": "%",
      "type": "Real",
      "is_readonly": false,
      "slot": 2
    },
    "35A电流实际值": {
      "address": "VD556",
      "value": 0.0,
      "unit": "A",
      "type": "Real",
      "is_readonly": true,
      "slot": 2
    },
    "35B转速设定值": {
      "address": "VD212",
      "value": 0.0,
      "unit": "RPM",
      "type": "Real",
      "is_readonly": false,
      "slot": 2
    },
    "35B转速实际值": {
      "address": "VD236",
      "value": 0.0,
      "unit": "RPM",
      "type": "Real",
      "is_readonly": true,
      "slot": 2
    },
    "35B电流设定值": {
      "address": "VD3308",
      "value": 0.0,
      "unit": "%",
      "type": "Real",
      "is_readonly": false,
      "slot": 2
    },
    "35B电流实际值": {
      "address": "VD264",
      "value": 0.0,
      "unit": "A",
      "type": "Real",
      "is_readonly": true,
      "slot": 2
    },
    "A组35机1区设定值": {
      "address": "VW116",
      "value": 145,
      "unit": "℃",
      "type": "Int",
      "is_readonly": false,
      "slot": 2
    },
    "A组35机1区实际值": {
      "address": "VW118",
      "value": 200,
      "unit": "℃",
      "type": "Int",
      "is_readonly": true,
      "slot": 2
    },
    "A组35机2区设定值": {
      "address": "VW316",
      "value": 144,
      "unit": "℃",
      "type": "Int",
      "is_readonly": false,
      "slot": 2
    },
    "A组35机2区实际值": {
      "address": "VW318",
      "value": 199,
      "unit": "℃",
      "type": "Int",
      "is_readonly": true,
      "slot": 2
    },
    "A组35机3区设定值": {
      "address": "VW368",
      "value": 196,
      "unit": "℃",
      "type": "Int",
      "is_readonly": false,
      "slot": 2
    },
    "A组35机3区实际值": {
      "address": "VW370",
      "value": 143,
      "unit": "℃",
      "type": "Int",
      "is_readonly": true,
      "slot": 2
    },
    "B组35机1区设定值": {
      "address": "VW118",
      "value": 200,
      "unit": "℃",
      "type": "Int",
      "is_readonly": false,
      "slot": 2
    },
    "B组35机1区实际值": {
      "address": "VW370",
      "value": 143,
      "unit": "℃",
      "type": "Int",
      "is_readonly": true,
      "slot": 2
    },
    "B组35机2区设定值": {
      "address": "VW120",
      "value": 155,
      "unit": "℃",
      "type": "Int",
      "is_readonly": false,
      "slot": 2
    },
    "B组35机2区实际值": {
      "address": "VW322",
      "value": 154,
      "unit": "℃",
      "type": "Int",
      "is_readonly": true,
      "slot": 2
    },
    "B组35机3区设定值": {
      "address": "VW112",
      "value": 150,
      "unit": "℃",
      "type": "Int",
      "is_readonly": false,
      "slot": 2
    },
    "B组35机3区实际值": {
      "address": "VW312",
      "value": 148,
      "unit": "℃",
      "type": "Int",
      "is_readonly": true,
      "slot": 2
    },
    "A组备用1设定值": {
      "address": "VW160",
      "value": 0,
      "unit": "℃",
      "type": "Int",
      "is_readonly": false,
      "slot": 2
    },
    "A组备用1实际值": {
      "address": "VW312",
      "value": 148,
      "unit": "℃",
      "type": "Int",
      "is_readonly": true,
      "slot": 2
    },
    "A组备用2设定值": {
      "address": "VW166",
      "value": 0,
      "unit": "℃",
      "type": "Int",
      "is_readonly": false,
      "slot": 2
    },
    "A组备用2实际值": {
      "address": "VW366",
      "value": 3276,
      "unit": "℃",
      "type": "Int",
      "is_readonly": true,
      "slot": 2
    },
    "B组备用1设定值": {
      "address": "VW156",
      "value": 0,
      "unit": "℃",
      "type": "Int",
      "is_readonly": false,
      "slot": 2
    },
    "B组备用1实际值": {
      "address": "VW356",
      "value": 3276,
      "unit": "℃",
      "type": "Int",
      "is_readonly": true,
      "slot": 2
    },
    "B组备用2设定值": {
      "address": "VW158",
      "value": 0,
      "unit": "℃",
      "type": "Int",
      "is_readonly": false,
      "slot": 2
    },
    "B组备用2实际值": {
      "address": "VW358",
      "value": 3276,
      "unit": "℃",
      "type": "Int",
      "is_readonly": true,
      "slot": 2
    },
    "25B调速故障": {
      "address": "V4550.7",
      "value": false,
      "unit": "",
      "type": "Bool",
      "is_readonly": true,
      "slot": 3
    },
    "25B料筒冷却风机故障": {
      "address": "V4550.4",
      "value": false,
      "unit": "",
      "type": "Bool",
      "is_readonly": false,
      "slot": 3
    },
    "25A调速故障": {
      "address": "V4551.4",
      "value": false,
      "unit": "",
      "type": "Bool",
      "is_readonly": true,
      "slot": 3
    },
    "25A料筒冷却风机故障": {
      "address": "V4550.6",
      "value": false,
      "unit": "",
      "type": "Bool",
      "is_readonly": true,
      "slot": 3
    },
    "25A过电流": {
      "address": "V4551.7",
      "value": false,
      "unit": "",
      "type": "Bool",
      "is_readonly": false,
      "slot": 3
    },
    "25B转速设定值": {
      "address": "VD212",
      "value": 0.0,
      "unit": "RPM",
      "type": "Real",
      "is_readonly": false,
      "slot": 3
    },
    "25B转速实际值": {
      "address": "VD532",
      "value": 0.0,
      "unit": "RPM",
      "type": "Real",
      "is_readonly": true,
      "slot": 3
    },
    "25B电流设定值": {
      "address": "VD2300",
      "value": 0.0,
      "unit": "%",
      "type": "Real",
      "is_readonly": false,
      "slot": 3
    },
    "25B电流实际值": {
      "address": "VD556",
      "value": 0.0,
      "unit": "A",
      "type": "Real",
      "is_readonly": true,
      "slot": 3
    },
    "25A转速设定值": {
      "address": "VD208",
      "value": 4.699997901916504,
      "unit": "RPM",
      "type": "Real",
      "is_readonly": false,
      "slot": 3
    },
    "25A转速实际值": {
      "address": "VD232",
      "value": 0.0,
      "unit": "RPM",
      "type": "Real",
      "is_readonly": true,
      "slot": 3
    },
    "25A电流设定值": {
      "address": "VD3300",
      "value": 0.0,
      "unit": "%",
      "type": "Real",
      "is_readonly": false,
      "slot": 3
    },
    "25A电流实际值": {
      "address": "VD256",
      "value": 0.0,
      "unit": "A",
      "type": "Real",
      "is_readonly": true,
      "slot": 3
    },
    "B组25机1区设定值": {
      "address": "VW102",
      "value": 145,
      "unit": "℃",
      "type": "Int",
      "is_readonly": false,
      "slot": 3
    },
    "B组25机1区实际值": {
      "address": "VW104",
      "value": 235,
      "unit": "℃",
      "type": "Int",
      "is_readonly": true,
      "slot": 3
    },
    "B组25机2区设定值": {
      "address": "VW104",
      "value": 235,
      "unit": "℃",
      "type": "Int",
      "is_readonly": false,
      "slot": 3
    },
    "B组25机2区实际值": {
      "address": "VW304",
      "value": 233,
      "unit": "℃",
      "type": "Int",
      "is_readonly": true,
      "slot": 3
    },
    "B组25机3区设定值": {
      "address": "VW106",
      "value": 235,
      "unit": "℃",
      "type": "Int",
      "is_readonly": false,
      "slot": 3
    },
    "B组25机3区实际值": {
      "address": "VW306",
      "value": 230,
      "unit": "℃",
      "type": "Int",
      "is_readonly": true,
      "slot": 3
    },
    "A组25机1区设定值": {
      "address": "VW108",
      "value": 145,
      "unit": "℃",
      "type": "Int",
      "is_readonly": false,
      "slot": 3
    },
    "A组25机1区实际值": {
      "address": "VW308",
      "value": 40,
      "unit": "℃",
      "type": "Int",
      "is_readonly": true,
      "slot": 3
    },
    "A组25机2区设定值": {
      "address": "VW116",
      "value": 170,
      "unit": "℃",
      "type": "Int",
      "is_readonly": false,
      "slot": 3
    },
    "A组25机2区实际值": {
      "address": "VW316",
      "value": 41,
      "unit": "℃",
      "type": "Int",
      "is_readonly": true,
      "slot": 3
    },
    "A组25机3区设定值": {
      "address": "VW118",
      "value": 170,
      "unit": "℃",
      "type": "Int",
      "is_readonly": false,
      "slot": 3
    },
    "A组25机3区实际值": {
      "address": "VW318",
      "value": 44,
      "unit": "℃",
      "type": "Int",
      "is_readonly": true,
      "slot": 3
    },
    "25B共挤备用1设定值": {
      "address": "VW130",
      "value": 0,
      "unit": "℃",
      "type": "Int",
      "is_readonly": false,
      "slot": 3
    },
    "25B共挤备用1实际值": {
      "address": "VW330",
      "value": 3276,
      "unit": "℃",
      "type": "Int",
      "is_readonly": true,
      "slot": 3
    },
    "25B共挤备用2设定值": {
      "address": "VW132",
      "value": 0,
      "unit": "℃",
      "type": "Int",
      "is_readonly": false,
      "slot": 3
    },
    "25B共挤备用2实际值": {
      "address": "VW332",
      "value": 3276,
      "unit": "℃",
      "type": "Int",
      "is_readonly": true,
      "slot": 3
    },
    "25A共挤备用1设定值": {
      "address": "VW134",
      "value": 0,
      "unit": "℃",
      "type": "Int",
      "is_readonly": false,
      "slot": 3
    },
    "25A共挤备用1实际值": {
      "address": "VW334",
      "value": 3276,
      "unit": "℃",
      "type": "Int",
      "is_readonly": true,
      "slot": 3
    },
    "25A共挤备用2设定值": {
      "address": "VW136",
      "value": 0,
      "unit": "℃",
      "type": "Int",
      "is_readonly": false,
      "slot": 3
    },
    "25A共挤备用2实际值": {
      "address": "VW336",
      "value": 3276,
      "unit": "℃",
      "type": "Int",
      "is_readonly": true,
      "slot": 3
    }
  }
}
------------------------------------------------------------
2026-05-09 15:23:58 | 读取PLC | 机台 | 用户ID:1
请求参数:
{
  "主机料温过低": {
    "address": "V4551.2",
    "value": false,
    "unit": "",
    "type": "Bool"
  },
  "主机料温过高": {
    "address": "V4551.1",
    "value": false,
    "unit": "",
    "type": "Bool"
  },
  "主机调速故障": {
    "address": "V4551.4",
    "value": false,
    "unit": "",
    "type": "Bool"
  },
  "主机过电流": {
    "address": "V4551.7",
    "value": false,
    "unit": "",
    "type": "Bool"
  },
  "主机料筒冷却风机故障": {
    "address": "V4550.4",
    "value": false,
    "unit": "",
    "type": "Bool"
  },
  "喂料调速器故障": {
    "address": "V4553.0",
    "value": false,
    "unit": "",
    "type": "Bool"
  },
  "喂料过电流": {
    "address": "V4553.1",
    "value": false,
    "unit": "",
    "type": "Bool"
  },
  "螺杆异位报警": {
    "address": "V4551.3",
    "value": false,
    "unit": "",
    "type": "Bool"
  },
  "主机急停未松开": {
    "address": "V4551.0",
    "value": false,
    "unit": "",
    "type": "Bool"
  },
  "35A调速故障": {
    "address": "V4550.1",
    "value": false,
    "unit": "",
    "type": "Bool"
  },
  "35A过电流": {
    "address": "V4550.7",
    "value": false,
    "unit": "",
    "type": "Bool"
  },
  "35A料筒冷却风机故障": {
    "address": "V4550.6",
    "value": false,
    "unit": "",
    "type": "Bool"
  },
  "35B调速故障": {
    "address": "V4550.5",
    "value": false,
    "unit": "",
    "type": "Bool"
  },
  "35B过电流": {
    "address": "V4550.0",
    "value": false,
    "unit": "",
    "type": "Bool"
  },
  "35B料筒冷却风机故障": {
    "address": "V4553.2",
    "value": false,
    "unit": "",
    "type": "Bool"
  },
  "主机转速设定值": {
    "address": "VD208",
    "value": 3.0,
    "unit": "RPM",
    "type": "Real"
  },
  "主机转速实际值": {
    "address": "VD232",
    "value": 0.0,
    "unit": "RPM",
    "type": "Real"
  },
  "主机电流负载占比": {
    "address": "VD3300",
    "value": 0.0,
    "unit": "%",
    "type": "Real"
  },
  "主机电流值": {
    "address": "VD256",
    "value": 0.0,
    "unit": "A",
    "type": "Real"
  },
  "喂料转速设定值": {
    "address": "VD32",
    "value": 6.000001907348633,
    "unit": "RPM",
    "type": "Real"
  },
  "喂料转速实际值": {
    "address": "VD244",
    "value": 0.0,
    "unit": "RPM",
    "type": "Real"
  },
  "喂料电流负载占比": {
    "address": "VD3304",
    "value": 0.0,
    "unit": "%",
    "type": "Real"
  },
  "喂料电流值": {
    "address": "VD260",
    "value": 0.0,
    "unit": "A",
    "type": "Real"
  },
  "65机筒1区设定值": {
    "address": "VW102",
    "value": 180,
    "unit": "℃",
    "type": "Int"
  },
  "65机筒1区实际值": {
    "address": "VW302",
    "value": 179,
    "unit": "℃",
    "type": "Int"
  },
  "65机筒2区设定值": {
    "address": "VW104",
    "value": 185,
    "unit": "℃",
    "type": "Int"
  },
  "65机筒2区实际值": {
    "address": "VW304",
    "value": 183,
    "unit": "℃",
    "type": "Int"
  },
  "65机筒3区设定值": {
    "address": "VW106",
    "value": 140,
    "unit": "℃",
    "type": "Int"
  },
  "65机筒3区实际值": {
    "address": "VW306",
    "value": 141,
    "unit": "℃",
    "type": "Int"
  },
  "65机筒4区设定值": {
    "address": "VW108",
    "value": 135,
    "unit": "℃",
    "type": "Int"
  },
  "65机筒4区实际值": {
    "address": "VW308",
    "value": 133,
    "unit": "℃",
    "type": "Int"
  },
  "65机合流芯设定值": {
    "address": "VW154",
    "value": 140,
    "unit": "℃",
    "type": "Int"
  },
  "65机合流芯实际值": {
    "address": "VW354",
    "value": 136,
    "unit": "℃",
    "type": "Int"
  },
  "芯层模具上设定值": {
    "address": "VW1130",
    "value": 135,
    "unit": "℃",
    "type": "Int"
  },
  "芯层模具上实际值": {
    "address": "VW330",
    "value": 142,
    "unit": "℃",
    "type": "Int"
  },
  "芯层模具下设定值": {
    "address": "VW1132",
    "value": 135,
    "unit": "℃",
    "type": "Int"
  },
  "芯层模具下实际值": {
    "address": "VW332",
    "value": 142,
    "unit": "℃",
    "type": "Int"
  },
  "芯层模具左设定值": {
    "address": "VW1134",
    "value": 130,
    "unit": "℃",
    "type": "Int"
  },
  "芯层模具左实际值": {
    "address": "VW334",
    "value": 137,
    "unit": "℃",
    "type": "Int"
  },
  "芯层模具右设定值": {
    "address": "VW1136",
    "value": 140,
    "unit": "℃",
    "type": "Int"
  },
  "芯层模具右实际值": {
    "address": "VW336",
    "value": 139,
    "unit": "℃",
    "type": "Int"
  },
  "外层模具上设定值": {
    "address": "VW1138",
    "value": 190,
    "unit": "℃",
    "type": "Int"
  },
  "外层模具上实际值": {
    "address": "VW338",
    "value": 193,
    "unit": "℃",
    "type": "Int"
  },
  "外层模具下设定值": {
    "address": "VW1140",
    "value": 180,
    "unit": "℃",
    "type": "Int"
  },
  "外层模具下实际值": {
    "address": "VW340",
    "value": 183,
    "unit": "℃",
    "type": "Int"
  },
  "外层模具左设定值": {
    "address": "VW1142",
    "value": 180,
    "unit": "℃",
    "type": "Int"
  },
  "外层模具左实际值": {
    "address": "VW342",
    "value": 181,
    "unit": "",
    "type": "Int"
  },
  "外层模具石设定值": {
    "address": "VW344",
    "value": 182,
    "unit": "℃",
    "type": "Int"
  },
  "外层模具石实际值": {
    "address": "VW344",
    "value": 182,
    "unit": "℃",
    "type": "Int"
  },
  "A组合流芯设定值": {
    "address": "VW346",
    "value": 196,
    "unit": "℃",
    "type": "Int"
  },
  "A组合流芯实际值": {
    "address": "VW346",
    "value": 196,
    "unit": "℃",
    "type": "Int"
  },
  "A组转接模设定值": {
    "address": "VW348",
    "value": 196,
    "unit": "℃",
    "type": "Int"
  },
  "A组转接模实际值": {
    "address": "VW348",
    "value": 196,
    "unit": "℃",
    "type": "Int"
  },
  "A组连接管设定值": {
    "address": "VW350",
    "value": 80,
    "unit": "℃",
    "type": "Int"
  },
  "A组连接管实际值": {
    "address": "VW350",
    "value": 80,
    "unit": "℃",
    "type": "Int"
  },
  "B组合流芯设定值": {
    "address": "VW352",
    "value": 151,
    "unit": "℃",
    "type": "Int"
  },
  "B组合流芯实际值": {
    "address": "VW352",
    "value": 151,
    "unit": "℃",
    "type": "Int"
  },
  "B组转接模设定值": {
    "address": "VW362",
    "value": 152,
    "unit": "℃",
    "type": "Int"
  },
  "B组转接模实际值": {
    "address": "VW362",
    "value": 152,
    "unit": "℃",
    "type": "Int"
  },
  "B组连接管设定值": {
    "address": "VW364",
    "value": 243,
    "unit": "℃",
    "type": "Int"
  },
  "B组连接管实际值": {
    "address": "VW364",
    "value": 243,
    "unit": "℃",
    "type": "Int"
  },
  "35A转速设定值": {
    "address": "VD508",
    "value": 0.0,
    "unit": "RPM",
    "type": "Real"
  },
  "35A转速实际值": {
    "address": "VD532",
    "value": 0.0,
    "unit": "RPM",
    "type": "Real"
  },
  "35A电流设定值": {
    "address": "VD2300",
    "value": 0.0,
    "unit": "%",
    "type": "Real"
  },
  "35A电流实际值": {
    "address": "VD556",
    "value": 0.0,
    "unit": "A",
    "type": "Real"
  },
  "35B转速设定值": {
    "address": "VD212",
    "value": 0.0,
    "unit": "RPM",
    "type": "Real"
  },
  "35B转速实际值": {
    "address": "VD236",
    "value": 0.0,
    "unit": "RPM",
    "type": "Real"
  },
  "35B电流设定值": {
    "address": "VD3308",
    "value": 0.0,
    "unit": "%",
    "type": "Real"
  },
  "35B电流实际值": {
    "address": "VD264",
    "value": 0.0,
    "unit": "A",
    "type": "Real"
  },
  "A组35机1区设定值": {
    "address": "VW116",
    "value": 145,
    "unit": "℃",
    "type": "Int"
  },
  "A组35机1区实际值": {
    "address": "VW118",
    "value": 200,
    "unit": "℃",
    "type": "Int"
  },
  "A组35机2区设定值": {
    "address": "VW316",
    "value": 143,
    "unit": "℃",
    "type": "Int"
  },
  "A组35机2区实际值": {
    "address": "VW318",
    "value": 198,
    "unit": "℃",
    "type": "Int"
  },
  "A组35机3区设定值": {
    "address": "VW368",
    "value": 196,
    "unit": "℃",
    "type": "Int"
  },
  "A组35机3区实际值": {
    "address": "VW370",
    "value": 143,
    "unit": "℃",
    "type": "Int"
  },
  "B组35机1区设定值": {
    "address": "VW118",
    "value": 200,
    "unit": "℃",
    "type": "Int"
  },
  "B组35机1区实际值": {
    "address": "VW370",
    "value": 143,
    "unit": "℃",
    "type": "Int"
  },
  "B组35机2区设定值": {
    "address": "VW120",
    "value": 155,
    "unit": "℃",
    "type": "Int"
  },
  "B组35机2区实际值": {
    "address": "VW322",
    "value": 153,
    "unit": "℃",
    "type": "Int"
  },
  "B组35机3区设定值": {
    "address": "VW112",
    "value": 150,
    "unit": "℃",
    "type": "Int"
  },
  "B组35机3区实际值": {
    "address": "VW312",
    "value": 148,
    "unit": "℃",
    "type": "Int"
  },
  "A组备用1设定值": {
    "address": "VW160",
    "value": 0,
    "unit": "℃",
    "type": "Int"
  },
  "A组备用1实际值": {
    "address": "VW312",
    "value": 148,
    "unit": "℃",
    "type": "Int"
  },
  "A组备用2设定值": {
    "address": "VW166",
    "value": 0,
    "unit": "℃",
    "type": "Int"
  },
  "A组备用2实际值": {
    "address": "VW366",
    "value": 3276,
    "unit": "℃",
    "type": "Int"
  },
  "B组备用1设定值": {
    "address": "VW156",
    "value": 0,
    "unit": "℃",
    "type": "Int"
  },
  "B组备用1实际值": {
    "address": "VW356",
    "value": 3276,
    "unit": "℃",
    "type": "Int"
  },
  "B组备用2设定值": {
    "address": "VW158",
    "value": 0,
    "unit": "℃",
    "type": "Int"
  },
  "B组备用2实际值": {
    "address": "VW358",
    "value": 3276,
    "unit": "℃",
    "type": "Int"
  },
  "25B调速故障": {
    "address": "V4550.7",
    "value": false,
    "unit": "",
    "type": "Bool"
  },
  "25B料筒冷却风机故障": {
    "address": "V4550.4",
    "value": false,
    "unit": "",
    "type": "Bool"
  },
  "25A调速故障": {
    "address": "V4551.4",
    "value": false,
    "unit": "",
    "type": "Bool"
  },
  "25A料筒冷却风机故障": {
    "address": "V4550.6",
    "value": false,
    "unit": "",
    "type": "Bool"
  },
  "25A过电流": {
    "address": "V4551.7",
    "value": false,
    "unit": "",
    "type": "Bool"
  },
  "25B转速设定值": {
    "address": "VD212",
    "value": 0.0,
    "unit": "RPM",
    "type": "Real"
  },
  "25B转速实际值": {
    "address": "VD532",
    "value": 0.0,
    "unit": "RPM",
    "type": "Real"
  },
  "25B电流设定值": {
    "address": "VD2300",
    "value": 0.0,
    "unit": "%",
    "type": "Real"
  },
  "25B电流实际值": {
    "address": "VD556",
    "value": 0.0,
    "unit": "A",
    "type": "Real"
  },
  "25A转速设定值": {
    "address": "VD208",
    "value": 4.699997901916504,
    "unit": "RPM",
    "type": "Real"
  },
  "25A转速实际值": {
    "address": "VD232",
    "value": 0.0,
    "unit": "RPM",
    "type": "Real"
  },
  "25A电流设定值": {
    "address": "VD3300",
    "value": 0.0,
    "unit": "%",
    "type": "Real"
  },
  "25A电流实际值": {
    "address": "VD256",
    "value": 0.0,
    "unit": "A",
    "type": "Real"
  },
  "B组25机1区设定值": {
    "address": "VW102",
    "value": 145,
    "unit": "℃",
    "type": "Int"
  },
  "B组25机1区实际值": {
    "address": "VW104",
    "value": 235,
    "unit": "℃",
    "type": "Int"
  },
  "B组25机2区设定值": {
    "address": "VW104",
    "value": 235,
    "unit": "℃",
    "type": "Int"
  },
  "B组25机2区实际值": {
    "address": "VW304",
    "value": 233,
    "unit": "℃",
    "type": "Int"
  },
  "B组25机3区设定值": {
    "address": "VW106",
    "value": 235,
    "unit": "℃",
    "type": "Int"
  },
  "B组25机3区实际值": {
    "address": "VW306",
    "value": 231,
    "unit": "℃",
    "type": "Int"
  },
  "A组25机1区设定值": {
    "address": "VW108",
    "value": 145,
    "unit": "℃",
    "type": "Int"
  },
  "A组25机1区实际值": {
    "address": "VW308",
    "value": 40,
    "unit": "℃",
    "type": "Int"
  },
  "A组25机2区设定值": {
    "address": "VW116",
    "value": 170,
    "unit": "℃",
    "type": "Int"
  },
  "A组25机2区实际值": {
    "address": "VW316",
    "value": 42,
    "unit": "℃",
    "type": "Int"
  },
  "A组25机3区设定值": {
    "address": "VW118",
    "value": 170,
    "unit": "℃",
    "type": "Int"
  },
  "A组25机3区实际值": {
    "address": "VW318",
    "value": 44,
    "unit": "℃",
    "type": "Int"
  },
  "25B共挤备用1设定值": {
    "address": "VW130",
    "value": 0,
    "unit": "℃",
    "type": "Int"
  },
  "25B共挤备用1实际值": {
    "address": "VW330",
    "value": 3276,
    "unit": "℃",
    "type": "Int"
  },
  "25B共挤备用2设定值": {
    "address": "VW132",
    "value": 0,
    "unit": "℃",
    "type": "Int"
  },
  "25B共挤备用2实际值": {
    "address": "VW332",
    "value": 3276,
    "unit": "℃",
    "type": "Int"
  },
  "25A共挤备用1设定值": {
    "address": "VW134",
    "value": 0,
    "unit": "℃",
    "type": "Int"
  },
  "25A共挤备用1实际值": {
    "address": "VW334",
    "value": 3276,
    "unit": "℃",
    "type": "Int"
  },
  "25A共挤备用2设定值": {
    "address": "VW136",
    "value": 0,
    "unit": "℃",
    "type": "Int"
  },
  "25A共挤备用2实际值": {
    "address": "VW336",
    "value": 3276,
    "unit": "℃",
    "type": "Int"
  }
}
详情: 机台: 默认挤出机 (ID: 1), 参数数量: 122
返回结果:
{
  "machine": {
    "id": 1,
    "name": "默认挤出机"
  },
  "parameters": {
    "主机料温过低": {
      "address": "V4551.2",
      "value": false,
      "unit": "",
      "type": "Bool",
      "is_readonly": true,
      "slot": 2
    },
    "主机料温过高": {
      "address": "V4551.1",
      "value": false,
      "unit": "",
      "type": "Bool",
      "is_readonly": true,
      "slot": 2
    },
    "主机调速故障": {
      "address": "V4551.4",
      "value": false,
      "unit": "",
      "type": "Bool",
      "is_readonly": true,
      "slot": 2
    },
    "主机过电流": {
      "address": "V4551.7",
      "value": false,
      "unit": "",
      "type": "Bool",
      "is_readonly": true,
      "slot": 2
    },
    "主机料筒冷却风机故障": {
      "address": "V4550.4",
      "value": false,
      "unit": "",
      "type": "Bool",
      "is_readonly": true,
      "slot": 2
    },
    "喂料调速器故障": {
      "address": "V4553.0",
      "value": false,
      "unit": "",
      "type": "Bool",
      "is_readonly": true,
      "slot": 2
    },
    "喂料过电流": {
      "address": "V4553.1",
      "value": false,
      "unit": "",
      "type": "Bool",
      "is_readonly": true,
      "slot": 2
    },
    "螺杆异位报警": {
      "address": "V4551.3",
      "value": false,
      "unit": "",
      "type": "Bool",
      "is_readonly": true,
      "slot": 2
    },
    "主机急停未松开": {
      "address": "V4551.0",
      "value": false,
      "unit": "",
      "type": "Bool",
      "is_readonly": true,
      "slot": 2
    },
    "35A调速故障": {
      "address": "V4550.1",
      "value": false,
      "unit": "",
      "type": "Bool",
      "is_readonly": true,
      "slot": 2
    },
    "35A过电流": {
      "address": "V4550.7",
      "value": false,
      "unit": "",
      "type": "Bool",
      "is_readonly": true,
      "slot": 2
    },
    "35A料筒冷却风机故障": {
      "address": "V4550.6",
      "value": false,
      "unit": "",
      "type": "Bool",
      "is_readonly": true,
      "slot": 2
    },
    "35B调速故障": {
      "address": "V4550.5",
      "value": false,
      "unit": "",
      "type": "Bool",
      "is_readonly": true,
      "slot": 2
    },
    "35B过电流": {
      "address": "V4550.0",
      "value": false,
      "unit": "",
      "type": "Bool",
      "is_readonly": true,
      "slot": 2
    },
    "35B料筒冷却风机故障": {
      "address": "V4553.2",
      "value": false,
      "unit": "",
      "type": "Bool",
      "is_readonly": true,
      "slot": 2
    },
    "主机转速设定值": {
      "address": "VD208",
      "value": 3.0,
      "unit": "RPM",
      "type": "Real",
      "is_readonly": false,
      "slot": 2
    },
    "主机转速实际值": {
      "address": "VD232",
      "value": 0.0,
      "unit": "RPM",
      "type": "Real",
      "is_readonly": true,
      "slot": 2
    },
    "主机电流负载占比": {
      "address": "VD3300",
      "value": 0.0,
      "unit": "%",
      "type": "Real",
      "is_readonly": true,
      "slot": 2
    },
    "主机电流值": {
      "address": "VD256",
      "value": 0.0,
      "unit": "A",
      "type": "Real",
      "is_readonly": true,
      "slot": 2
    },
    "喂料转速设定值": {
      "address": "VD32",
      "value": 6.000001907348633,
      "unit": "RPM",
      "type": "Real",
      "is_readonly": false,
      "slot": 2
    },
    "喂料转速实际值": {
      "address": "VD244",
      "value": 0.0,
      "unit": "RPM",
      "type": "Real",
      "is_readonly": true,
      "slot": 2
    },
    "喂料电流负载占比": {
      "address": "VD3304",
      "value": 0.0,
      "unit": "%",
      "type": "Real",
      "is_readonly": true,
      "slot": 2
    },
    "喂料电流值": {
      "address": "VD260",
      "value": 0.0,
      "unit": "A",
      "type": "Real",
      "is_readonly": true,
      "slot": 2
    },
    "65机筒1区设定值": {
      "address": "VW102",
      "value": 180,
      "unit": "℃",
      "type": "Int",
      "is_readonly": false,
      "slot": 2
    },
    "65机筒1区实际值": {
      "address": "VW302",
      "value": 179,
      "unit": "℃",
      "type": "Int",
      "is_readonly": true,
      "slot": 2
    },
    "65机筒2区设定值": {
      "address": "VW104",
      "value": 185,
      "unit": "℃",
      "type": "Int",
      "is_readonly": false,
      "slot": 2
    },
    "65机筒2区实际值": {
      "address": "VW304",
      "value": 183,
      "unit": "℃",
      "type": "Int",
      "is_readonly": true,
      "slot": 2
    },
    "65机筒3区设定值": {
      "address": "VW106",
      "value": 140,
      "unit": "℃",
      "type": "Int",
      "is_readonly": false,
      "slot": 2
    },
    "65机筒3区实际值": {
      "address": "VW306",
      "value": 141,
      "unit": "℃",
      "type": "Int",
      "is_readonly": true,
      "slot": 2
    },
    "65机筒4区设定值": {
      "address": "VW108",
      "value": 135,
      "unit": "℃",
      "type": "Int",
      "is_readonly": false,
      "slot": 2
    },
    "65机筒4区实际值": {
      "address": "VW308",
      "value": 133,
      "unit": "℃",
      "type": "Int",
      "is_readonly": true,
      "slot": 2
    },
    "65机合流芯设定值": {
      "address": "VW154",
      "value": 140,
      "unit": "℃",
      "type": "Int",
      "is_readonly": false,
      "slot": 2
    },
    "65机合流芯实际值": {
      "address": "VW354",
      "value": 136,
      "unit": "℃",
      "type": "Int",
      "is_readonly": true,
      "slot": 2
    },
    "芯层模具上设定值": {
      "address": "VW1130",
      "value": 135,
      "unit": "℃",
      "type": "Int",
      "is_readonly": false,
      "slot": 2
    },
    "芯层模具上实际值": {
      "address": "VW330",
      "value": 142,
      "unit": "℃",
      "type": "Int",
      "is_readonly": true,
      "slot": 2
    },
    "芯层模具下设定值": {
      "address": "VW1132",
      "value": 135,
      "unit": "℃",
      "type": "Int",
      "is_readonly": false,
      "slot": 2
    },
    "芯层模具下实际值": {
      "address": "VW332",
      "value": 142,
      "unit": "℃",
      "type": "Int",
      "is_readonly": true,
      "slot": 2
    },
    "芯层模具左设定值": {
      "address": "VW1134",
      "value": 130,
      "unit": "℃",
      "type": "Int",
      "is_readonly": false,
      "slot": 2
    },
    "芯层模具左实际值": {
      "address": "VW334",
      "value": 137,
      "unit": "℃",
      "type": "Int",
      "is_readonly": true,
      "slot": 2
    },
    "芯层模具右设定值": {
      "address": "VW1136",
      "value": 140,
      "unit": "℃",
      "type": "Int",
      "is_readonly": false,
      "slot": 2
    },
    "芯层模具右实际值": {
      "address": "VW336",
      "value": 139,
      "unit": "℃",
      "type": "Int",
      "is_readonly": true,
      "slot": 2
    },
    "外层模具上设定值": {
      "address": "VW1138",
      "value": 190,
      "unit": "℃",
      "type": "Int",
      "is_readonly": false,
      "slot": 2
    },
    "外层模具上实际值": {
      "address": "VW338",
      "value": 193,
      "unit": "℃",
      "type": "Int",
      "is_readonly": true,
      "slot": 2
    },
    "外层模具下设定值": {
      "address": "VW1140",
      "value": 180,
      "unit": "℃",
      "type": "Int",
      "is_readonly": false,
      "slot": 2
    },
    "外层模具下实际值": {
      "address": "VW340",
      "value": 183,
      "unit": "℃",
      "type": "Int",
      "is_readonly": true,
      "slot": 2
    },
    "外层模具左设定值": {
      "address": "VW1142",
      "value": 180,
      "unit": "℃",
      "type": "Int",
      "is_readonly": false,
      "slot": 2
    },
    "外层模具左实际值": {
      "address": "VW342",
      "value": 181,
      "unit": "",
      "type": "Int",
      "is_readonly": true,
      "slot": 2
    },
    "外层模具石设定值": {
      "address": "VW344",
      "value": 182,
      "unit": "℃",
      "type": "Int",
      "is_readonly": false,
      "slot": 2
    },
    "外层模具石实际值": {
      "address": "VW344",
      "value": 182,
      "unit": "℃",
      "type": "Int",
      "is_readonly": true,
      "slot": 2
    },
    "A组合流芯设定值": {
      "address": "VW346",
      "value": 196,
      "unit": "℃",
      "type": "Int",
      "is_readonly": false,
      "slot": 2
    },
    "A组合流芯实际值": {
      "address": "VW346",
      "value": 196,
      "unit": "℃",
      "type": "Int",
      "is_readonly": true,
      "slot": 2
    },
    "A组转接模设定值": {
      "address": "VW348",
      "value": 196,
      "unit": "℃",
      "type": "Int",
      "is_readonly": false,
      "slot": 2
    },
    "A组转接模实际值": {
      "address": "VW348",
      "value": 196,
      "unit": "℃",
      "type": "Int",
      "is_readonly": true,
      "slot": 2
    },
    "A组连接管设定值": {
      "address": "VW350",
      "value": 80,
      "unit": "℃",
      "type": "Int",
      "is_readonly": false,
      "slot": 2
    },
    "A组连接管实际值": {
      "address": "VW350",
      "value": 80,
      "unit": "℃",
      "type": "Int",
      "is_readonly": true,
      "slot": 2
    },
    "B组合流芯设定值": {
      "address": "VW352",
      "value": 151,
      "unit": "℃",
      "type": "Int",
      "is_readonly": false,
      "slot": 2
    },
    "B组合流芯实际值": {
      "address": "VW352",
      "value": 151,
      "unit": "℃",
      "type": "Int",
      "is_readonly": true,
      "slot": 2
    },
    "B组转接模设定值": {
      "address": "VW362",
      "value": 152,
      "unit": "℃",
      "type": "Int",
      "is_readonly": false,
      "slot": 2
    },
    "B组转接模实际值": {
      "address": "VW362",
      "value": 152,
      "unit": "℃",
      "type": "Int",
      "is_readonly": true,
      "slot": 2
    },
    "B组连接管设定值": {
      "address": "VW364",
      "value": 243,
      "unit": "℃",
      "type": "Int",
      "is_readonly": false,
      "slot": 2
    },
    "B组连接管实际值": {
      "address": "VW364",
      "value": 243,
      "unit": "℃",
      "type": "Int",
      "is_readonly": true,
      "slot": 2
    },
    "35A转速设定值": {
      "address": "VD508",
      "value": 0.0,
      "unit": "RPM",
      "type": "Real",
      "is_readonly": false,
      "slot": 2
    },
    "35A转速实际值": {
      "address": "VD532",
      "value": 0.0,
      "unit": "RPM",
      "type": "Real",
      "is_readonly": true,
      "slot": 2
    },
    "35A电流设定值": {
      "address": "VD2300",
      "value": 0.0,
      "unit": "%",
      "type": "Real",
      "is_readonly": false,
      "slot": 2
    },
    "35A电流实际值": {
      "address": "VD556",
      "value": 0.0,
      "unit": "A",
      "type": "Real",
      "is_readonly": true,
      "slot": 2
    },
    "35B转速设定值": {
      "address": "VD212",
      "value": 0.0,
      "unit": "RPM",
      "type": "Real",
      "is_readonly": false,
      "slot": 2
    },
    "35B转速实际值": {
      "address": "VD236",
      "value": 0.0,
      "unit": "RPM",
      "type": "Real",
      "is_readonly": true,
      "slot": 2
    },
    "35B电流设定值": {
      "address": "VD3308",
      "value": 0.0,
      "unit": "%",
      "type": "Real",
      "is_readonly": false,
      "slot": 2
    },
    "35B电流实际值": {
      "address": "VD264",
      "value": 0.0,
      "unit": "A",
      "type": "Real",
      "is_readonly": true,
      "slot": 2
    },
    "A组35机1区设定值": {
      "address": "VW116",
      "value": 145,
      "unit": "℃",
      "type": "Int",
      "is_readonly": false,
      "slot": 2
    },
    "A组35机1区实际值": {
      "address": "VW118",
      "value": 200,
      "unit": "℃",
      "type": "Int",
      "is_readonly": true,
      "slot": 2
    },
    "A组35机2区设定值": {
      "address": "VW316",
      "value": 143,
      "unit": "℃",
      "type": "Int",
      "is_readonly": false,
      "slot": 2
    },
    "A组35机2区实际值": {
      "address": "VW318",
      "value": 198,
      "unit": "℃",
      "type": "Int",
      "is_readonly": true,
      "slot": 2
    },
    "A组35机3区设定值": {
      "address": "VW368",
      "value": 196,
      "unit": "℃",
      "type": "Int",
      "is_readonly": false,
      "slot": 2
    },
    "A组35机3区实际值": {
      "address": "VW370",
      "value": 143,
      "unit": "℃",
      "type": "Int",
      "is_readonly": true,
      "slot": 2
    },
    "B组35机1区设定值": {
      "address": "VW118",
      "value": 200,
      "unit": "℃",
      "type": "Int",
      "is_readonly": false,
      "slot": 2
    },
    "B组35机1区实际值": {
      "address": "VW370",
      "value": 143,
      "unit": "℃",
      "type": "Int",
      "is_readonly": true,
      "slot": 2
    },
    "B组35机2区设定值": {
      "address": "VW120",
      "value": 155,
      "unit": "℃",
      "type": "Int",
      "is_readonly": false,
      "slot": 2
    },
    "B组35机2区实际值": {
      "address": "VW322",
      "value": 153,
      "unit": "℃",
      "type": "Int",
      "is_readonly": true,
      "slot": 2
    },
    "B组35机3区设定值": {
      "address": "VW112",
      "value": 150,
      "unit": "℃",
      "type": "Int",
      "is_readonly": false,
      "slot": 2
    },
    "B组35机3区实际值": {
      "address": "VW312",
      "value": 148,
      "unit": "℃",
      "type": "Int",
      "is_readonly": true,
      "slot": 2
    },
    "A组备用1设定值": {
      "address": "VW160",
      "value": 0,
      "unit": "℃",
      "type": "Int",
      "is_readonly": false,
      "slot": 2
    },
    "A组备用1实际值": {
      "address": "VW312",
      "value": 148,
      "unit": "℃",
      "type": "Int",
      "is_readonly": true,
      "slot": 2
    },
    "A组备用2设定值": {
      "address": "VW166",
      "value": 0,
      "unit": "℃",
      "type": "Int",
      "is_readonly": false,
      "slot": 2
    },
    "A组备用2实际值": {
      "address": "VW366",
      "value": 3276,
      "unit": "℃",
      "type": "Int",
      "is_readonly": true,
      "slot": 2
    },
    "B组备用1设定值": {
      "address": "VW156",
      "value": 0,
      "unit": "℃",
      "type": "Int",
      "is_readonly": false,
      "slot": 2
    },
    "B组备用1实际值": {
      "address": "VW356",
      "value": 3276,
      "unit": "℃",
      "type": "Int",
      "is_readonly": true,
      "slot": 2
    },
    "B组备用2设定值": {
      "address": "VW158",
      "value": 0,
      "unit": "℃",
      "type": "Int",
      "is_readonly": false,
      "slot": 2
    },
    "B组备用2实际值": {
      "address": "VW358",
      "value": 3276,
      "unit": "℃",
      "type": "Int",
      "is_readonly": true,
      "slot": 2
    },
    "25B调速故障": {
      "address": "V4550.7",
      "value": false,
      "unit": "",
      "type": "Bool",
      "is_readonly": true,
      "slot": 3
    },
    "25B料筒冷却风机故障": {
      "address": "V4550.4",
      "value": false,
      "unit": "",
      "type": "Bool",
      "is_readonly": false,
      "slot": 3
    },
    "25A调速故障": {
      "address": "V4551.4",
      "value": false,
      "unit": "",
      "type": "Bool",
      "is_readonly": true,
      "slot": 3
    },
    "25A料筒冷却风机故障": {
      "address": "V4550.6",
      "value": false,
      "unit": "",
      "type": "Bool",
      "is_readonly": true,
      "slot": 3
    },
    "25A过电流": {
      "address": "V4551.7",
      "value": false,
      "unit": "",
      "type": "Bool",
      "is_readonly": false,
      "slot": 3
    },
    "25B转速设定值": {
      "address": "VD212",
      "value": 0.0,
      "unit": "RPM",
      "type": "Real",
      "is_readonly": false,
      "slot": 3
    },
    "25B转速实际值": {
      "address": "VD532",
      "value": 0.0,
      "unit": "RPM",
      "type": "Real",
      "is_readonly": true,
      "slot": 3
    },
    "25B电流设定值": {
      "address": "VD2300",
      "value": 0.0,
      "unit": "%",
      "type": "Real",
      "is_readonly": false,
      "slot": 3
    },
    "25B电流实际值": {
      "address": "VD556",
      "value": 0.0,
      "unit": "A",
      "type": "Real",
      "is_readonly": true,
      "slot": 3
    },
    "25A转速设定值": {
      "address": "VD208",
      "value": 4.699997901916504,
      "unit": "RPM",
      "type": "Real",
      "is_readonly": false,
      "slot": 3
    },
    "25A转速实际值": {
      "address": "VD232",
      "value": 0.0,
      "unit": "RPM",
      "type": "Real",
      "is_readonly": true,
      "slot": 3
    },
    "25A电流设定值": {
      "address": "VD3300",
      "value": 0.0,
      "unit": "%",
      "type": "Real",
      "is_readonly": false,
      "slot": 3
    },
    "25A电流实际值": {
      "address": "VD256",
      "value": 0.0,
      "unit": "A",
      "type": "Real",
      "is_readonly": true,
      "slot": 3
    },
    "B组25机1区设定值": {
      "address": "VW102",
      "value": 145,
      "unit": "℃",
      "type": "Int",
      "is_readonly": false,
      "slot": 3
    },
    "B组25机1区实际值": {
      "address": "VW104",
      "value": 235,
      "unit": "℃",
      "type": "Int",
      "is_readonly": true,
      "slot": 3
    },
    "B组25机2区设定值": {
      "address": "VW104",
      "value": 235,
      "unit": "℃",
      "type": "Int",
      "is_readonly": false,
      "slot": 3
    },
    "B组25机2区实际值": {
      "address": "VW304",
      "value": 233,
      "unit": "℃",
      "type": "Int",
      "is_readonly": true,
      "slot": 3
    },
    "B组25机3区设定值": {
      "address": "VW106",
      "value": 235,
      "unit": "℃",
      "type": "Int",
      "is_readonly": false,
      "slot": 3
    },
    "B组25机3区实际值": {
      "address": "VW306",
      "value": 231,
      "unit": "℃",
      "type": "Int",
      "is_readonly": true,
      "slot": 3
    },
    "A组25机1区设定值": {
      "address": "VW108",
      "value": 145,
      "unit": "℃",
      "type": "Int",
      "is_readonly": false,
      "slot": 3
    },
    "A组25机1区实际值": {
      "address": "VW308",
      "value": 40,
      "unit": "℃",
      "type": "Int",
      "is_readonly": true,
      "slot": 3
    },
    "A组25机2区设定值": {
      "address": "VW116",
      "value": 170,
      "unit": "℃",
      "type": "Int",
      "is_readonly": false,
      "slot": 3
    },
    "A组25机2区实际值": {
      "address": "VW316",
      "value": 42,
      "unit": "℃",
      "type": "Int",
      "is_readonly": true,
      "slot": 3
    },
    "A组25机3区设定值": {
      "address": "VW118",
      "value": 170,
      "unit": "℃",
      "type": "Int",
      "is_readonly": false,
      "slot": 3
    },
    "A组25机3区实际值": {
      "address": "VW318",
      "value": 44,
      "unit": "℃",
      "type": "Int",
      "is_readonly": true,
      "slot": 3
    },
    "25B共挤备用1设定值": {
      "address": "VW130",
      "value": 0,
      "unit": "℃",
      "type": "Int",
      "is_readonly": false,
      "slot": 3
    },
    "25B共挤备用1实际值": {
      "address": "VW330",
      "value": 3276,
      "unit": "℃",
      "type": "Int",
      "is_readonly": true,
      "slot": 3
    },
    "25B共挤备用2设定值": {
      "address": "VW132",
      "value": 0,
      "unit": "℃",
      "type": "Int",
      "is_readonly": false,
      "slot": 3
    },
    "25B共挤备用2实际值": {
      "address": "VW332",
      "value": 3276,
      "unit": "℃",
      "type": "Int",
      "is_readonly": true,
      "slot": 3
    },
    "25A共挤备用1设定值": {
      "address": "VW134",
      "value": 0,
      "unit": "℃",
      "type": "Int",
      "is_readonly": false,
      "slot": 3
    },
    "25A共挤备用1实际值": {
      "address": "VW334",
      "value": 3276,
      "unit": "℃",
      "type": "Int",
      "is_readonly": true,
      "slot": 3
    },
    "25A共挤备用2设定值": {
      "address": "VW136",
      "value": 0,
      "unit": "℃",
      "type": "Int",
      "is_readonly": false,
      "slot": 3
    },
    "25A共挤备用2实际值": {
      "address": "VW336",
      "value": 3276,
      "unit": "℃",
      "type": "Int",
      "is_readonly": true,
      "slot": 3
    }
  }
}
------------------------------------------------------------
2026-05-09 15:27:37 | 读取PLC | 机台 | 用户ID:1
请求参数:
{
  "主机料温过低": {
    "address": "V4551.2",
    "value": false,
    "unit": "",
    "type": "Bool"
  },
  "主机料温过高": {
    "address": "V4551.1",
    "value": false,
    "unit": "",
    "type": "Bool"
  },
  "主机调速故障": {
    "address": "V4551.4",
    "value": false,
    "unit": "",
    "type": "Bool"
  },
  "主机过电流": {
    "address": "V4551.7",
    "value": false,
    "unit": "",
    "type": "Bool"
  },
  "主机料筒冷却风机故障": {
    "address": "V4550.4",
    "value": false,
    "unit": "",
    "type": "Bool"
  },
  "喂料调速器故障": {
    "address": "V4553.0",
    "value": false,
    "unit": "",
    "type": "Bool"
  },
  "喂料过电流": {
    "address": "V4553.1",
    "value": false,
    "unit": "",
    "type": "Bool"
  },
  "螺杆异位报警": {
    "address": "V4551.3",
    "value": false,
    "unit": "",
    "type": "Bool"
  },
  "主机急停未松开": {
    "address": "V4551.0",
    "value": false,
    "unit": "",
    "type": "Bool"
  },
  "35A调速故障": {
    "address": "V4550.1",
    "value": false,
    "unit": "",
    "type": "Bool"
  },
  "35A过电流": {
    "address": "V4550.7",
    "value": false,
    "unit": "",
    "type": "Bool"
  },
  "35A料筒冷却风机故障": {
    "address": "V4550.6",
    "value": false,
    "unit": "",
    "type": "Bool"
  },
  "35B调速故障": {
    "address": "V4550.5",
    "value": false,
    "unit": "",
    "type": "Bool"
  },
  "35B过电流": {
    "address": "V4550.0",
    "value": false,
    "unit": "",
    "type": "Bool"
  },
  "35B料筒冷却风机故障": {
    "address": "V4553.2",
    "value": false,
    "unit": "",
    "type": "Bool"
  },
  "主机转速设定值": {
    "address": "VD208",
    "value": 3.0,
    "unit": "RPM",
    "type": "Real"
  },
  "主机转速实际值": {
    "address": "VD232",
    "value": 0.0,
    "unit": "RPM",
    "type": "Real"
  },
  "主机电流负载占比": {
    "address": "VD3300",
    "value": 0.0,
    "unit": "%",
    "type": "Real"
  },
  "主机电流值": {
    "address": "VD256",
    "value": 0.0,
    "unit": "A",
    "type": "Real"
  },
  "喂料转速设定值": {
    "address": "VD32",
    "value": 6.000001907348633,
    "unit": "RPM",
    "type": "Real"
  },
  "喂料转速实际值": {
    "address": "VD244",
    "value": 0.0,
    "unit": "RPM",
    "type": "Real"
  },
  "喂料电流负载占比": {
    "address": "VD3304",
    "value": 0.0,
    "unit": "%",
    "type": "Real"
  },
  "喂料电流值": {
    "address": "VD260",
    "value": 0.0,
    "unit": "A",
    "type": "Real"
  },
  "65机筒1区设定值": {
    "address": "VW102",
    "value": 180,
    "unit": "℃",
    "type": "Int"
  },
  "65机筒1区实际值": {
    "address": "VW302",
    "value": 179,
    "unit": "℃",
    "type": "Int"
  },
  "65机筒2区设定值": {
    "address": "VW104",
    "value": 185,
    "unit": "℃",
    "type": "Int"
  },
  "65机筒2区实际值": {
    "address": "VW304",
    "value": 183,
    "unit": "℃",
    "type": "Int"
  },
  "65机筒3区设定值": {
    "address": "VW106",
    "value": 140,
    "unit": "℃",
    "type": "Int"
  },
  "65机筒3区实际值": {
    "address": "VW306",
    "value": 139,
    "unit": "℃",
    "type": "Int"
  },
  "65机筒4区设定值": {
    "address": "VW108",
    "value": 135,
    "unit": "℃",
    "type": "Int"
  },
  "65机筒4区实际值": {
    "address": "VW308",
    "value": 134,
    "unit": "℃",
    "type": "Int"
  },
  "65机合流芯设定值": {
    "address": "VW154",
    "value": 140,
    "unit": "℃",
    "type": "Int"
  },
  "65机合流芯实际值": {
    "address": "VW354",
    "value": 136,
    "unit": "℃",
    "type": "Int"
  },
  "芯层模具上设定值": {
    "address": "VW1130",
    "value": 135,
    "unit": "℃",
    "type": "Int"
  },
  "芯层模具上实际值": {
    "address": "VW330",
    "value": 141,
    "unit": "℃",
    "type": "Int"
  },
  "芯层模具下设定值": {
    "address": "VW1132",
    "value": 135,
    "unit": "℃",
    "type": "Int"
  },
  "芯层模具下实际值": {
    "address": "VW332",
    "value": 142,
    "unit": "℃",
    "type": "Int"
  },
  "芯层模具左设定值": {
    "address": "VW1134",
    "value": 130,
    "unit": "℃",
    "type": "Int"
  },
  "芯层模具左实际值": {
    "address": "VW334",
    "value": 136,
    "unit": "℃",
    "type": "Int"
  },
  "芯层模具右设定值": {
    "address": "VW1136",
    "value": 140,
    "unit": "℃",
    "type": "Int"
  },
  "芯层模具右实际值": {
    "address": "VW336",
    "value": 139,
    "unit": "℃",
    "type": "Int"
  },
  "外层模具上设定值": {
    "address": "VW1138",
    "value": 190,
    "unit": "℃",
    "type": "Int"
  },
  "外层模具上实际值": {
    "address": "VW338",
    "value": 191,
    "unit": "℃",
    "type": "Int"
  },
  "外层模具下设定值": {
    "address": "VW1140",
    "value": 180,
    "unit": "℃",
    "type": "Int"
  },
  "外层模具下实际值": {
    "address": "VW340",
    "value": 180,
    "unit": "℃",
    "type": "Int"
  },
  "外层模具左设定值": {
    "address": "VW1142",
    "value": 180,
    "unit": "℃",
    "type": "Int"
  },
  "外层模具左实际值": {
    "address": "VW342",
    "value": 182,
    "unit": "",
    "type": "Int"
  },
  "外层模具石设定值": {
    "address": "VW344",
    "value": 182,
    "unit": "℃",
    "type": "Int"
  },
  "外层模具石实际值": {
    "address": "VW344",
    "value": 182,
    "unit": "℃",
    "type": "Int"
  },
  "A组合流芯设定值": {
    "address": "VW346",
    "value": 197,
    "unit": "℃",
    "type": "Int"
  },
  "A组合流芯实际值": {
    "address": "VW346",
    "value": 197,
    "unit": "℃",
    "type": "Int"
  },
  "A组转接模设定值": {
    "address": "VW348",
    "value": 201,
    "unit": "℃",
    "type": "Int"
  },
  "A组转接模实际值": {
    "address": "VW348",
    "value": 201,
    "unit": "℃",
    "type": "Int"
  },
  "A组连接管设定值": {
    "address": "VW350",
    "value": 80,
    "unit": "℃",
    "type": "Int"
  },
  "A组连接管实际值": {
    "address": "VW350",
    "value": 80,
    "unit": "℃",
    "type": "Int"
  },
  "B组合流芯设定值": {
    "address": "VW352",
    "value": 154,
    "unit": "℃",
    "type": "Int"
  },
  "B组合流芯实际值": {
    "address": "VW352",
    "value": 154,
    "unit": "℃",
    "type": "Int"
  },
  "B组转接模设定值": {
    "address": "VW362",
    "value": 150,
    "unit": "℃",
    "type": "Int"
  },
  "B组转接模实际值": {
    "address": "VW362",
    "value": 150,
    "unit": "℃",
    "type": "Int"
  },
  "B组连接管设定值": {
    "address": "VW364",
    "value": 222,
    "unit": "℃",
    "type": "Int"
  },
  "B组连接管实际值": {
    "address": "VW364",
    "value": 222,
    "unit": "℃",
    "type": "Int"
  },
  "35A转速设定值": {
    "address": "VD508",
    "value": 0.0,
    "unit": "RPM",
    "type": "Real"
  },
  "35A转速实际值": {
    "address": "VD532",
    "value": 0.0,
    "unit": "RPM",
    "type": "Real"
  },
  "35A电流设定值": {
    "address": "VD2300",
    "value": 0.0,
    "unit": "%",
    "type": "Real"
  },
  "35A电流实际值": {
    "address": "VD556",
    "value": 0.0,
    "unit": "A",
    "type": "Real"
  },
  "35B转速设定值": {
    "address": "VD212",
    "value": 0.0,
    "unit": "RPM",
    "type": "Real"
  },
  "35B转速实际值": {
    "address": "VD236",
    "value": 0.0,
    "unit": "RPM",
    "type": "Real"
  },
  "35B电流设定值": {
    "address": "VD3308",
    "value": 0.0,
    "unit": "%",
    "type": "Real"
  },
  "35B电流实际值": {
    "address": "VD264",
    "value": 0.0,
    "unit": "A",
    "type": "Real"
  },
  "A组35机1区设定值": {
    "address": "VW116",
    "value": 145,
    "unit": "℃",
    "type": "Int"
  },
  "A组35机1区实际值": {
    "address": "VW118",
    "value": 200,
    "unit": "℃",
    "type": "Int"
  },
  "A组35机2区设定值": {
    "address": "VW316",
    "value": 144,
    "unit": "℃",
    "type": "Int"
  },
  "A组35机2区实际值": {
    "address": "VW318",
    "value": 199,
    "unit": "℃",
    "type": "Int"
  },
  "A组35机3区设定值": {
    "address": "VW368",
    "value": 196,
    "unit": "℃",
    "type": "Int"
  },
  "A组35机3区实际值": {
    "address": "VW370",
    "value": 144,
    "unit": "℃",
    "type": "Int"
  },
  "B组35机1区设定值": {
    "address": "VW118",
    "value": 200,
    "unit": "℃",
    "type": "Int"
  },
  "B组35机1区实际值": {
    "address": "VW370",
    "value": 144,
    "unit": "℃",
    "type": "Int"
  },
  "B组35机2区设定值": {
    "address": "VW120",
    "value": 155,
    "unit": "℃",
    "type": "Int"
  },
  "B组35机2区实际值": {
    "address": "VW322",
    "value": 154,
    "unit": "℃",
    "type": "Int"
  },
  "B组35机3区设定值": {
    "address": "VW112",
    "value": 150,
    "unit": "℃",
    "type": "Int"
  },
  "B组35机3区实际值": {
    "address": "VW312",
    "value": 148,
    "unit": "℃",
    "type": "Int"
  },
  "A组备用1设定值": {
    "address": "VW160",
    "value": 0,
    "unit": "℃",
    "type": "Int"
  },
  "A组备用1实际值": {
    "address": "VW312",
    "value": 148,
    "unit": "℃",
    "type": "Int"
  },
  "A组备用2设定值": {
    "address": "VW166",
    "value": 0,
    "unit": "℃",
    "type": "Int"
  },
  "A组备用2实际值": {
    "address": "VW366",
    "value": 3276,
    "unit": "℃",
    "type": "Int"
  },
  "B组备用1设定值": {
    "address": "VW156",
    "value": 0,
    "unit": "℃",
    "type": "Int"
  },
  "B组备用1实际值": {
    "address": "VW356",
    "value": 3276,
    "unit": "℃",
    "type": "Int"
  },
  "B组备用2设定值": {
    "address": "VW158",
    "value": 0,
    "unit": "℃",
    "type": "Int"
  },
  "B组备用2实际值": {
    "address": "VW358",
    "value": 3276,
    "unit": "℃",
    "type": "Int"
  },
  "25B调速故障": {
    "address": "V4550.7",
    "value": false,
    "unit": "",
    "type": "Bool"
  },
  "25B料筒冷却风机故障": {
    "address": "V4550.4",
    "value": false,
    "unit": "",
    "type": "Bool"
  },
  "25A调速故障": {
    "address": "V4551.4",
    "value": false,
    "unit": "",
    "type": "Bool"
  },
  "25A料筒冷却风机故障": {
    "address": "V4550.6",
    "value": false,
    "unit": "",
    "type": "Bool"
  },
  "25A过电流": {
    "address": "V4551.7",
    "value": false,
    "unit": "",
    "type": "Bool"
  },
  "25B转速设定值": {
    "address": "VD212",
    "value": 0.0,
    "unit": "RPM",
    "type": "Real"
  },
  "25B转速实际值": {
    "address": "VD532",
    "value": 0.0,
    "unit": "RPM",
    "type": "Real"
  },
  "25B电流设定值": {
    "address": "VD2300",
    "value": 0.0,
    "unit": "%",
    "type": "Real"
  },
  "25B电流实际值": {
    "address": "VD556",
    "value": 0.0,
    "unit": "A",
    "type": "Real"
  },
  "25A转速设定值": {
    "address": "VD208",
    "value": 4.699997901916504,
    "unit": "RPM",
    "type": "Real"
  },
  "25A转速实际值": {
    "address": "VD232",
    "value": 0.0,
    "unit": "RPM",
    "type": "Real"
  },
  "25A电流设定值": {
    "address": "VD3300",
    "value": 0.0,
    "unit": "%",
    "type": "Real"
  },
  "25A电流实际值": {
    "address": "VD256",
    "value": 0.0,
    "unit": "A",
    "type": "Real"
  },
  "B组25机1区设定值": {
    "address": "VW102",
    "value": 145,
    "unit": "℃",
    "type": "Int"
  },
  "B组25机1区实际值": {
    "address": "VW104",
    "value": 235,
    "unit": "℃",
    "type": "Int"
  },
  "B组25机2区设定值": {
    "address": "VW104",
    "value": 235,
    "unit": "℃",
    "type": "Int"
  },
  "B组25机2区实际值": {
    "address": "VW304",
    "value": 232,
    "unit": "℃",
    "type": "Int"
  },
  "B组25机3区设定值": {
    "address": "VW106",
    "value": 235,
    "unit": "℃",
    "type": "Int"
  },
  "B组25机3区实际值": {
    "address": "VW306",
    "value": 230,
    "unit": "℃",
    "type": "Int"
  },
  "A组25机1区设定值": {
    "address": "VW108",
    "value": 145,
    "unit": "℃",
    "type": "Int"
  },
  "A组25机1区实际值": {
    "address": "VW308",
    "value": 40,
    "unit": "℃",
    "type": "Int"
  },
  "A组25机2区设定值": {
    "address": "VW116",
    "value": 170,
    "unit": "℃",
    "type": "Int"
  },
  "A组25机2区实际值": {
    "address": "VW316",
    "value": 42,
    "unit": "℃",
    "type": "Int"
  },
  "A组25机3区设定值": {
    "address": "VW118",
    "value": 170,
    "unit": "℃",
    "type": "Int"
  },
  "A组25机3区实际值": {
    "address": "VW318",
    "value": 45,
    "unit": "℃",
    "type": "Int"
  },
  "25B共挤备用1设定值": {
    "address": "VW130",
    "value": 0,
    "unit": "℃",
    "type": "Int"
  },
  "25B共挤备用1实际值": {
    "address": "VW330",
    "value": 3276,
    "unit": "℃",
    "type": "Int"
  },
  "25B共挤备用2设定值": {
    "address": "VW132",
    "value": 0,
    "unit": "℃",
    "type": "Int"
  },
  "25B共挤备用2实际值": {
    "address": "VW332",
    "value": 3276,
    "unit": "℃",
    "type": "Int"
  },
  "25A共挤备用1设定值": {
    "address": "VW134",
    "value": 0,
    "unit": "℃",
    "type": "Int"
  },
  "25A共挤备用1实际值": {
    "address": "VW334",
    "value": 3276,
    "unit": "℃",
    "type": "Int"
  },
  "25A共挤备用2设定值": {
    "address": "VW136",
    "value": 0,
    "unit": "℃",
    "type": "Int"
  },
  "25A共挤备用2实际值": {
    "address": "VW336",
    "value": 3276,
    "unit": "℃",
    "type": "Int"
  }
}
详情: 机台: 默认挤出机 (ID: 1), 参数数量: 122
返回结果:
{
  "machine": {
    "id": 1,
    "name": "默认挤出机"
  },
  "parameters": {
    "主机料温过低": {
      "address": "V4551.2",
      "value": false,
      "unit": "",
      "type": "Bool",
      "is_readonly": true,
      "slot": 2
    },
    "主机料温过高": {
      "address": "V4551.1",
      "value": false,
      "unit": "",
      "type": "Bool",
      "is_readonly": true,
      "slot": 2
    },
    "主机调速故障": {
      "address": "V4551.4",
      "value": false,
      "unit": "",
      "type": "Bool",
      "is_readonly": true,
      "slot": 2
    },
    "主机过电流": {
      "address": "V4551.7",
      "value": false,
      "unit": "",
      "type": "Bool",
      "is_readonly": true,
      "slot": 2
    },
    "主机料筒冷却风机故障": {
      "address": "V4550.4",
      "value": false,
      "unit": "",
      "type": "Bool",
      "is_readonly": true,
      "slot": 2
    },
    "喂料调速器故障": {
      "address": "V4553.0",
      "value": false,
      "unit": "",
      "type": "Bool",
      "is_readonly": true,
      "slot": 2
    },
    "喂料过电流": {
      "address": "V4553.1",
      "value": false,
      "unit": "",
      "type": "Bool",
      "is_readonly": true,
      "slot": 2
    },
    "螺杆异位报警": {
      "address": "V4551.3",
      "value": false,
      "unit": "",
      "type": "Bool",
      "is_readonly": true,
      "slot": 2
    },
    "主机急停未松开": {
      "address": "V4551.0",
      "value": false,
      "unit": "",
      "type": "Bool",
      "is_readonly": true,
      "slot": 2
    },
    "35A调速故障": {
      "address": "V4550.1",
      "value": false,
      "unit": "",
      "type": "Bool",
      "is_readonly": true,
      "slot": 2
    },
    "35A过电流": {
      "address": "V4550.7",
      "value": false,
      "unit": "",
      "type": "Bool",
      "is_readonly": true,
      "slot": 2
    },
    "35A料筒冷却风机故障": {
      "address": "V4550.6",
      "value": false,
      "unit": "",
      "type": "Bool",
      "is_readonly": true,
      "slot": 2
    },
    "35B调速故障": {
      "address": "V4550.5",
      "value": false,
      "unit": "",
      "type": "Bool",
      "is_readonly": true,
      "slot": 2
    },
    "35B过电流": {
      "address": "V4550.0",
      "value": false,
      "unit": "",
      "type": "Bool",
      "is_readonly": true,
      "slot": 2
    },
    "35B料筒冷却风机故障": {
      "address": "V4553.2",
      "value": false,
      "unit": "",
      "type": "Bool",
      "is_readonly": true,
      "slot": 2
    },
    "主机转速设定值": {
      "address": "VD208",
      "value": 3.0,
      "unit": "RPM",
      "type": "Real",
      "is_readonly": false,
      "slot": 2
    },
    "主机转速实际值": {
      "address": "VD232",
      "value": 0.0,
      "unit": "RPM",
      "type": "Real",
      "is_readonly": true,
      "slot": 2
    },
    "主机电流负载占比": {
      "address": "VD3300",
      "value": 0.0,
      "unit": "%",
      "type": "Real",
      "is_readonly": true,
      "slot": 2
    },
    "主机电流值": {
      "address": "VD256",
      "value": 0.0,
      "unit": "A",
      "type": "Real",
      "is_readonly": true,
      "slot": 2
    },
    "喂料转速设定值": {
      "address": "VD32",
      "value": 6.000001907348633,
      "unit": "RPM",
      "type": "Real",
      "is_readonly": false,
      "slot": 2
    },
    "喂料转速实际值": {
      "address": "VD244",
      "value": 0.0,
      "unit": "RPM",
      "type": "Real",
      "is_readonly": true,
      "slot": 2
    },
    "喂料电流负载占比": {
      "address": "VD3304",
      "value": 0.0,
      "unit": "%",
      "type": "Real",
      "is_readonly": true,
      "slot": 2
    },
    "喂料电流值": {
      "address": "VD260",
      "value": 0.0,
      "unit": "A",
      "type": "Real",
      "is_readonly": true,
      "slot": 2
    },
    "65机筒1区设定值": {
      "address": "VW102",
      "value": 180,
      "unit": "℃",
      "type": "Int",
      "is_readonly": false,
      "slot": 2
    },
    "65机筒1区实际值": {
      "address": "VW302",
      "value": 179,
      "unit": "℃",
      "type": "Int",
      "is_readonly": true,
      "slot": 2
    },
    "65机筒2区设定值": {
      "address": "VW104",
      "value": 185,
      "unit": "℃",
      "type": "Int",
      "is_readonly": false,
      "slot": 2
    },
    "65机筒2区实际值": {
      "address": "VW304",
      "value": 183,
      "unit": "℃",
      "type": "Int",
      "is_readonly": true,
      "slot": 2
    },
    "65机筒3区设定值": {
      "address": "VW106",
      "value": 140,
      "unit": "℃",
      "type": "Int",
      "is_readonly": false,
      "slot": 2
    },
    "65机筒3区实际值": {
      "address": "VW306",
      "value": 139,
      "unit": "℃",
      "type": "Int",
      "is_readonly": true,
      "slot": 2
    },
    "65机筒4区设定值": {
      "address": "VW108",
      "value": 135,
      "unit": "℃",
      "type": "Int",
      "is_readonly": false,
      "slot": 2
    },
    "65机筒4区实际值": {
      "address": "VW308",
      "value": 134,
      "unit": "℃",
      "type": "Int",
      "is_readonly": true,
      "slot": 2
    },
    "65机合流芯设定值": {
      "address": "VW154",
      "value": 140,
      "unit": "℃",
      "type": "Int",
      "is_readonly": false,
      "slot": 2
    },
    "65机合流芯实际值": {
      "address": "VW354",
      "value": 136,
      "unit": "℃",
      "type": "Int",
      "is_readonly": true,
      "slot": 2
    },
    "芯层模具上设定值": {
      "address": "VW1130",
      "value": 135,
      "unit": "℃",
      "type": "Int",
      "is_readonly": false,
      "slot": 2
    },
    "芯层模具上实际值": {
      "address": "VW330",
      "value": 141,
      "unit": "℃",
      "type": "Int",
      "is_readonly": true,
      "slot": 2
    },
    "芯层模具下设定值": {
      "address": "VW1132",
      "value": 135,
      "unit": "℃",
      "type": "Int",
      "is_readonly": false,
      "slot": 2
    },
    "芯层模具下实际值": {
      "address": "VW332",
      "value": 142,
      "unit": "℃",
      "type": "Int",
      "is_readonly": true,
      "slot": 2
    },
    "芯层模具左设定值": {
      "address": "VW1134",
      "value": 130,
      "unit": "℃",
      "type": "Int",
      "is_readonly": false,
      "slot": 2
    },
    "芯层模具左实际值": {
      "address": "VW334",
      "value": 136,
      "unit": "℃",
      "type": "Int",
      "is_readonly": true,
      "slot": 2
    },
    "芯层模具右设定值": {
      "address": "VW1136",
      "value": 140,
      "unit": "℃",
      "type": "Int",
      "is_readonly": false,
      "slot": 2
    },
    "芯层模具右实际值": {
      "address": "VW336",
      "value": 139,
      "unit": "℃",
      "type": "Int",
      "is_readonly": true,
      "slot": 2
    },
    "外层模具上设定值": {
      "address": "VW1138",
      "value": 190,
      "unit": "℃",
      "type": "Int",
      "is_readonly": false,
      "slot": 2
    },
    "外层模具上实际值": {
      "address": "VW338",
      "value": 191,
      "unit": "℃",
      "type": "Int",
      "is_readonly": true,
      "slot": 2
    },
    "外层模具下设定值": {
      "address": "VW1140",
      "value": 180,
      "unit": "℃",
      "type": "Int",
      "is_readonly": false,
      "slot": 2
    },
    "外层模具下实际值": {
      "address": "VW340",
      "value": 180,
      "unit": "℃",
      "type": "Int",
      "is_readonly": true,
      "slot": 2
    },
    "外层模具左设定值": {
      "address": "VW1142",
      "value": 180,
      "unit": "℃",
      "type": "Int",
      "is_readonly": false,
      "slot": 2
    },
    "外层模具左实际值": {
      "address": "VW342",
      "value": 182,
      "unit": "",
      "type": "Int",
      "is_readonly": true,
      "slot": 2
    },
    "外层模具石设定值": {
      "address": "VW344",
      "value": 182,
      "unit": "℃",
      "type": "Int",
      "is_readonly": false,
      "slot": 2
    },
    "外层模具石实际值": {
      "address": "VW344",
      "value": 182,
      "unit": "℃",
      "type": "Int",
      "is_readonly": true,
      "slot": 2
    },
    "A组合流芯设定值": {
      "address": "VW346",
      "value": 197,
      "unit": "℃",
      "type": "Int",
      "is_readonly": false,
      "slot": 2
    },
    "A组合流芯实际值": {
      "address": "VW346",
      "value": 197,
      "unit": "℃",
      "type": "Int",
      "is_readonly": true,
      "slot": 2
    },
    "A组转接模设定值": {
      "address": "VW348",
      "value": 201,
      "unit": "℃",
      "type": "Int",
      "is_readonly": false,
      "slot": 2
    },
    "A组转接模实际值": {
      "address": "VW348",
      "value": 201,
      "unit": "℃",
      "type": "Int",
      "is_readonly": true,
      "slot": 2
    },
    "A组连接管设定值": {
      "address": "VW350",
      "value": 80,
      "unit": "℃",
      "type": "Int",
      "is_readonly": false,
      "slot": 2
    },
    "A组连接管实际值": {
      "address": "VW350",
      "value": 80,
      "unit": "℃",
      "type": "Int",
      "is_readonly": true,
      "slot": 2
    },
    "B组合流芯设定值": {
      "address": "VW352",
      "value": 154,
      "unit": "℃",
      "type": "Int",
      "is_readonly": false,
      "slot": 2
    },
    "B组合流芯实际值": {
      "address": "VW352",
      "value": 154,
      "unit": "℃",
      "type": "Int",
      "is_readonly": true,
      "slot": 2
    },
    "B组转接模设定值": {
      "address": "VW362",
      "value": 150,
      "unit": "℃",
      "type": "Int",
      "is_readonly": false,
      "slot": 2
    },
    "B组转接模实际值": {
      "address": "VW362",
      "value": 150,
      "unit": "℃",
      "type": "Int",
      "is_readonly": true,
      "slot": 2
    },
    "B组连接管设定值": {
      "address": "VW364",
      "value": 222,
      "unit": "℃",
      "type": "Int",
      "is_readonly": false,
      "slot": 2
    },
    "B组连接管实际值": {
      "address": "VW364",
      "value": 222,
      "unit": "℃",
      "type": "Int",
      "is_readonly": true,
      "slot": 2
    },
    "35A转速设定值": {
      "address": "VD508",
      "value": 0.0,
      "unit": "RPM",
      "type": "Real",
      "is_readonly": false,
      "slot": 2
    },
    "35A转速实际值": {
      "address": "VD532",
      "value": 0.0,
      "unit": "RPM",
      "type": "Real",
      "is_readonly": true,
      "slot": 2
    },
    "35A电流设定值": {
      "address": "VD2300",
      "value": 0.0,
      "unit": "%",
      "type": "Real",
      "is_readonly": false,
      "slot": 2
    },
    "35A电流实际值": {
      "address": "VD556",
      "value": 0.0,
      "unit": "A",
      "type": "Real",
      "is_readonly": true,
      "slot": 2
    },
    "35B转速设定值": {
      "address": "VD212",
      "value": 0.0,
      "unit": "RPM",
      "type": "Real",
      "is_readonly": false,
      "slot": 2
    },
    "35B转速实际值": {
      "address": "VD236",
      "value": 0.0,
      "unit": "RPM",
      "type": "Real",
      "is_readonly": true,
      "slot": 2
    },
    "35B电流设定值": {
      "address": "VD3308",
      "value": 0.0,
      "unit": "%",
      "type": "Real",
      "is_readonly": false,
      "slot": 2
    },
    "35B电流实际值": {
      "address": "VD264",
      "value": 0.0,
      "unit": "A",
      "type": "Real",
      "is_readonly": true,
      "slot": 2
    },
    "A组35机1区设定值": {
      "address": "VW116",
      "value": 145,
      "unit": "℃",
      "type": "Int",
      "is_readonly": false,
      "slot": 2
    },
    "A组35机1区实际值": {
      "address": "VW118",
      "value": 200,
      "unit": "℃",
      "type": "Int",
      "is_readonly": true,
      "slot": 2
    },
    "A组35机2区设定值": {
      "address": "VW316",
      "value": 144,
      "unit": "℃",
      "type": "Int",
      "is_readonly": false,
      "slot": 2
    },
    "A组35机2区实际值": {
      "address": "VW318",
      "value": 199,
      "unit": "℃",
      "type": "Int",
      "is_readonly": true,
      "slot": 2
    },
    "A组35机3区设定值": {
      "address": "VW368",
      "value": 196,
      "unit": "℃",
      "type": "Int",
      "is_readonly": false,
      "slot": 2
    },
    "A组35机3区实际值": {
      "address": "VW370",
      "value": 144,
      "unit": "℃",
      "type": "Int",
      "is_readonly": true,
      "slot": 2
    },
    "B组35机1区设定值": {
      "address": "VW118",
      "value": 200,
      "unit": "℃",
      "type": "Int",
      "is_readonly": false,
      "slot": 2
    },
    "B组35机1区实际值": {
      "address": "VW370",
      "value": 144,
      "unit": "℃",
      "type": "Int",
      "is_readonly": true,
      "slot": 2
    },
    "B组35机2区设定值": {
      "address": "VW120",
      "value": 155,
      "unit": "℃",
      "type": "Int",
      "is_readonly": false,
      "slot": 2
    },
    "B组35机2区实际值": {
      "address": "VW322",
      "value": 154,
      "unit": "℃",
      "type": "Int",
      "is_readonly": true,
      "slot": 2
    },
    "B组35机3区设定值": {
      "address": "VW112",
      "value": 150,
      "unit": "℃",
      "type": "Int",
      "is_readonly": false,
      "slot": 2
    },
    "B组35机3区实际值": {
      "address": "VW312",
      "value": 148,
      "unit": "℃",
      "type": "Int",
      "is_readonly": true,
      "slot": 2
    },
    "A组备用1设定值": {
      "address": "VW160",
      "value": 0,
      "unit": "℃",
      "type": "Int",
      "is_readonly": false,
      "slot": 2
    },
    "A组备用1实际值": {
      "address": "VW312",
      "value": 148,
      "unit": "℃",
      "type": "Int",
      "is_readonly": true,
      "slot": 2
    },
    "A组备用2设定值": {
      "address": "VW166",
      "value": 0,
      "unit": "℃",
      "type": "Int",
      "is_readonly": false,
      "slot": 2
    },
    "A组备用2实际值": {
      "address": "VW366",
      "value": 3276,
      "unit": "℃",
      "type": "Int",
      "is_readonly": true,
      "slot": 2
    },
    "B组备用1设定值": {
      "address": "VW156",
      "value": 0,
      "unit": "℃",
      "type": "Int",
      "is_readonly": false,
      "slot": 2
    },
    "B组备用1实际值": {
      "address": "VW356",
      "value": 3276,
      "unit": "℃",
      "type": "Int",
      "is_readonly": true,
      "slot": 2
    },
    "B组备用2设定值": {
      "address": "VW158",
      "value": 0,
      "unit": "℃",
      "type": "Int",
      "is_readonly": false,
      "slot": 2
    },
    "B组备用2实际值": {
      "address": "VW358",
      "value": 3276,
      "unit": "℃",
      "type": "Int",
      "is_readonly": true,
      "slot": 2
    },
    "25B调速故障": {
      "address": "V4550.7",
      "value": false,
      "unit": "",
      "type": "Bool",
      "is_readonly": true,
      "slot": 3
    },
    "25B料筒冷却风机故障": {
      "address": "V4550.4",
      "value": false,
      "unit": "",
      "type": "Bool",
      "is_readonly": false,
      "slot": 3
    },
    "25A调速故障": {
      "address": "V4551.4",
      "value": false,
      "unit": "",
      "type": "Bool",
      "is_readonly": true,
      "slot": 3
    },
    "25A料筒冷却风机故障": {
      "address": "V4550.6",
      "value": false,
      "unit": "",
      "type": "Bool",
      "is_readonly": true,
      "slot": 3
    },
    "25A过电流": {
      "address": "V4551.7",
      "value": false,
      "unit": "",
      "type": "Bool",
      "is_readonly": false,
      "slot": 3
    },
    "25B转速设定值": {
      "address": "VD212",
      "value": 0.0,
      "unit": "RPM",
      "type": "Real",
      "is_readonly": false,
      "slot": 3
    },
    "25B转速实际值": {
      "address": "VD532",
      "value": 0.0,
      "unit": "RPM",
      "type": "Real",
      "is_readonly": true,
      "slot": 3
    },
    "25B电流设定值": {
      "address": "VD2300",
      "value": 0.0,
      "unit": "%",
      "type": "Real",
      "is_readonly": false,
      "slot": 3
    },
    "25B电流实际值": {
      "address": "VD556",
      "value": 0.0,
      "unit": "A",
      "type": "Real",
      "is_readonly": true,
      "slot": 3
    },
    "25A转速设定值": {
      "address": "VD208",
      "value": 4.699997901916504,
      "unit": "RPM",
      "type": "Real",
      "is_readonly": false,
      "slot": 3
    },
    "25A转速实际值": {
      "address": "VD232",
      "value": 0.0,
      "unit": "RPM",
      "type": "Real",
      "is_readonly": true,
      "slot": 3
    },
    "25A电流设定值": {
      "address": "VD3300",
      "value": 0.0,
      "unit": "%",
      "type": "Real",
      "is_readonly": false,
      "slot": 3
    },
    "25A电流实际值": {
      "address": "VD256",
      "value": 0.0,
      "unit": "A",
      "type": "Real",
      "is_readonly": true,
      "slot": 3
    },
    "B组25机1区设定值": {
      "address": "VW102",
      "value": 145,
      "unit": "℃",
      "type": "Int",
      "is_readonly": false,
      "slot": 3
    },
    "B组25机1区实际值": {
      "address": "VW104",
      "value": 235,
      "unit": "℃",
      "type": "Int",
      "is_readonly": true,
      "slot": 3
    },
    "B组25机2区设定值": {
      "address": "VW104",
      "value": 235,
      "unit": "℃",
      "type": "Int",
      "is_readonly": false,
      "slot": 3
    },
    "B组25机2区实际值": {
      "address": "VW304",
      "value": 232,
      "unit": "℃",
      "type": "Int",
      "is_readonly": true,
      "slot": 3
    },
    "B组25机3区设定值": {
      "address": "VW106",
      "value": 235,
      "unit": "℃",
      "type": "Int",
      "is_readonly": false,
      "slot": 3
    },
    "B组25机3区实际值": {
      "address": "VW306",
      "value": 230,
      "unit": "℃",
      "type": "Int",
      "is_readonly": true,
      "slot": 3
    },
    "A组25机1区设定值": {
      "address": "VW108",
      "value": 145,
      "unit": "℃",
      "type": "Int",
      "is_readonly": false,
      "slot": 3
    },
    "A组25机1区实际值": {
      "address": "VW308",
      "value": 40,
      "unit": "℃",
      "type": "Int",
      "is_readonly": true,
      "slot": 3
    },
    "A组25机2区设定值": {
      "address": "VW116",
      "value": 170,
      "unit": "℃",
      "type": "Int",
      "is_readonly": false,
      "slot": 3
    },
    "A组25机2区实际值": {
      "address": "VW316",
      "value": 42,
      "unit": "℃",
      "type": "Int",
      "is_readonly": true,
      "slot": 3
    },
    "A组25机3区设定值": {
      "address": "VW118",
      "value": 170,
      "unit": "℃",
      "type": "Int",
      "is_readonly": false,
      "slot": 3
    },
    "A组25机3区实际值": {
      "address": "VW318",
      "value": 45,
      "unit": "℃",
      "type": "Int",
      "is_readonly": true,
      "slot": 3
    },
    "25B共挤备用1设定值": {
      "address": "VW130",
      "value": 0,
      "unit": "℃",
      "type": "Int",
      "is_readonly": false,
      "slot": 3
    },
    "25B共挤备用1实际值": {
      "address": "VW330",
      "value": 3276,
      "unit": "℃",
      "type": "Int",
      "is_readonly": true,
      "slot": 3
    },
    "25B共挤备用2设定值": {
      "address": "VW132",
      "value": 0,
      "unit": "℃",
      "type": "Int",
      "is_readonly": false,
      "slot": 3
    },
    "25B共挤备用2实际值": {
      "address": "VW332",
      "value": 3276,
      "unit": "℃",
      "type": "Int",
      "is_readonly": true,
      "slot": 3
    },
    "25A共挤备用1设定值": {
      "address": "VW134",
      "value": 0,
      "unit": "℃",
      "type": "Int",
      "is_readonly": false,
      "slot": 3
    },
    "25A共挤备用1实际值": {
      "address": "VW334",
      "value": 3276,
      "unit": "℃",
      "type": "Int",
      "is_readonly": true,
      "slot": 3
    },
    "25A共挤备用2设定值": {
      "address": "VW136",
      "value": 0,
      "unit": "℃",
      "type": "Int",
      "is_readonly": false,
      "slot": 3
    },
    "25A共挤备用2实际值": {
      "address": "VW336",
      "value": 3276,
      "unit": "℃",
      "type": "Int",
      "is_readonly": true,
      "slot": 3
    }
  }
}
------------------------------------------------------------
2026-05-09 15:29:42 | 读取PLC | 机台 | 用户ID:1
请求参数:
{
  "主机料温过低": {
    "address": "V4551.2",
    "value": false,
    "unit": "",
    "type": "Bool"
  },
  "主机料温过高": {
    "address": "V4551.1",
    "value": false,
    "unit": "",
    "type": "Bool"
  },
  "主机调速故障": {
    "address": "V4551.4",
    "value": false,
    "unit": "",
    "type": "Bool"
  },
  "主机过电流": {
    "address": "V4551.7",
    "value": false,
    "unit": "",
    "type": "Bool"
  },
  "主机料筒冷却风机故障": {
    "address": "V4550.4",
    "value": false,
    "unit": "",
    "type": "Bool"
  },
  "喂料调速器故障": {
    "address": "V4553.0",
    "value": false,
    "unit": "",
    "type": "Bool"
  },
  "喂料过电流": {
    "address": "V4553.1",
    "value": false,
    "unit": "",
    "type": "Bool"
  },
  "螺杆异位报警": {
    "address": "V4551.3",
    "value": false,
    "unit": "",
    "type": "Bool"
  },
  "主机急停未松开": {
    "address": "V4551.0",
    "value": false,
    "unit": "",
    "type": "Bool"
  },
  "35A调速故障": {
    "address": "V4550.1",
    "value": false,
    "unit": "",
    "type": "Bool"
  },
  "35A过电流": {
    "address": "V4550.7",
    "value": false,
    "unit": "",
    "type": "Bool"
  },
  "35A料筒冷却风机故障": {
    "address": "V4550.6",
    "value": false,
    "unit": "",
    "type": "Bool"
  },
  "35B调速故障": {
    "address": "V4550.5",
    "value": false,
    "unit": "",
    "type": "Bool"
  },
  "35B过电流": {
    "address": "V4550.0",
    "value": false,
    "unit": "",
    "type": "Bool"
  },
  "35B料筒冷却风机故障": {
    "address": "V4553.2",
    "value": false,
    "unit": "",
    "type": "Bool"
  },
  "主机转速设定值": {
    "address": "VD208",
    "value": 3.0,
    "unit": "RPM",
    "type": "Real"
  },
  "主机转速实际值": {
    "address": "VD232",
    "value": 0.0,
    "unit": "RPM",
    "type": "Real"
  },
  "主机电流负载占比": {
    "address": "VD3300",
    "value": 0.0,
    "unit": "%",
    "type": "Real"
  },
  "主机电流值": {
    "address": "VD256",
    "value": 0.0,
    "unit": "A",
    "type": "Real"
  },
  "喂料转速设定值": {
    "address": "VD32",
    "value": 6.000001907348633,
    "unit": "RPM",
    "type": "Real"
  },
  "喂料转速实际值": {
    "address": "VD244",
    "value": 0.0,
    "unit": "RPM",
    "type": "Real"
  },
  "喂料电流负载占比": {
    "address": "VD3304",
    "value": 0.0,
    "unit": "%",
    "type": "Real"
  },
  "喂料电流值": {
    "address": "VD260",
    "value": 0.0,
    "unit": "A",
    "type": "Real"
  },
  "65机筒1区设定值": {
    "address": "VW102",
    "value": 180,
    "unit": "℃",
    "type": "Int"
  },
  "65机筒1区实际值": {
    "address": "VW302",
    "value": 179,
    "unit": "℃",
    "type": "Int"
  },
  "65机筒2区设定值": {
    "address": "VW104",
    "value": 185,
    "unit": "℃",
    "type": "Int"
  },
  "65机筒2区实际值": {
    "address": "VW304",
    "value": 183,
    "unit": "℃",
    "type": "Int"
  },
  "65机筒3区设定值": {
    "address": "VW106",
    "value": 140,
    "unit": "℃",
    "type": "Int"
  },
  "65机筒3区实际值": {
    "address": "VW306",
    "value": 141,
    "unit": "℃",
    "type": "Int"
  },
  "65机筒4区设定值": {
    "address": "VW108",
    "value": 135,
    "unit": "℃",
    "type": "Int"
  },
  "65机筒4区实际值": {
    "address": "VW308",
    "value": 136,
    "unit": "℃",
    "type": "Int"
  },
  "65机合流芯设定值": {
    "address": "VW154",
    "value": 140,
    "unit": "℃",
    "type": "Int"
  },
  "65机合流芯实际值": {
    "address": "VW354",
    "value": 136,
    "unit": "℃",
    "type": "Int"
  },
  "芯层模具上设定值": {
    "address": "VW1130",
    "value": 135,
    "unit": "℃",
    "type": "Int"
  },
  "芯层模具上实际值": {
    "address": "VW330",
    "value": 142,
    "unit": "℃",
    "type": "Int"
  },
  "芯层模具下设定值": {
    "address": "VW1132",
    "value": 135,
    "unit": "℃",
    "type": "Int"
  },
  "芯层模具下实际值": {
    "address": "VW332",
    "value": 142,
    "unit": "℃",
    "type": "Int"
  },
  "芯层模具左设定值": {
    "address": "VW1134",
    "value": 130,
    "unit": "℃",
    "type": "Int"
  },
  "芯层模具左实际值": {
    "address": "VW334",
    "value": 136,
    "unit": "℃",
    "type": "Int"
  },
  "芯层模具右设定值": {
    "address": "VW1136",
    "value": 140,
    "unit": "℃",
    "type": "Int"
  },
  "芯层模具右实际值": {
    "address": "VW336",
    "value": 139,
    "unit": "℃",
    "type": "Int"
  },
  "外层模具上设定值": {
    "address": "VW1138",
    "value": 190,
    "unit": "℃",
    "type": "Int"
  },
  "外层模具上实际值": {
    "address": "VW338",
    "value": 190,
    "unit": "℃",
    "type": "Int"
  },
  "外层模具下设定值": {
    "address": "VW1140",
    "value": 180,
    "unit": "℃",
    "type": "Int"
  },
  "外层模具下实际值": {
    "address": "VW340",
    "value": 180,
    "unit": "℃",
    "type": "Int"
  },
  "外层模具左设定值": {
    "address": "VW1142",
    "value": 180,
    "unit": "℃",
    "type": "Int"
  },
  "外层模具左实际值": {
    "address": "VW342",
    "value": 181,
    "unit": "",
    "type": "Int"
  },
  "外层模具石设定值": {
    "address": "VW344",
    "value": 180,
    "unit": "℃",
    "type": "Int"
  },
  "外层模具石实际值": {
    "address": "VW344",
    "value": 180,
    "unit": "℃",
    "type": "Int"
  },
  "A组合流芯设定值": {
    "address": "VW346",
    "value": 197,
    "unit": "℃",
    "type": "Int"
  },
  "A组合流芯实际值": {
    "address": "VW346",
    "value": 197,
    "unit": "℃",
    "type": "Int"
  },
  "A组转接模设定值": {
    "address": "VW348",
    "value": 198,
    "unit": "℃",
    "type": "Int"
  },
  "A组转接模实际值": {
    "address": "VW348",
    "value": 198,
    "unit": "℃",
    "type": "Int"
  },
  "A组连接管设定值": {
    "address": "VW350",
    "value": 80,
    "unit": "℃",
    "type": "Int"
  },
  "A组连接管实际值": {
    "address": "VW350",
    "value": 80,
    "unit": "℃",
    "type": "Int"
  },
  "B组合流芯设定值": {
    "address": "VW352",
    "value": 150,
    "unit": "℃",
    "type": "Int"
  },
  "B组合流芯实际值": {
    "address": "VW352",
    "value": 150,
    "unit": "℃",
    "type": "Int"
  },
  "B组转接模设定值": {
    "address": "VW362",
    "value": 150,
    "unit": "℃",
    "type": "Int"
  },
  "B组转接模实际值": {
    "address": "VW362",
    "value": 150,
    "unit": "℃",
    "type": "Int"
  },
  "B组连接管设定值": {
    "address": "VW364",
    "value": 224,
    "unit": "℃",
    "type": "Int"
  },
  "B组连接管实际值": {
    "address": "VW364",
    "value": 224,
    "unit": "℃",
    "type": "Int"
  },
  "35A转速设定值": {
    "address": "VD508",
    "value": 0.0,
    "unit": "RPM",
    "type": "Real"
  },
  "35A转速实际值": {
    "address": "VD532",
    "value": 0.0,
    "unit": "RPM",
    "type": "Real"
  },
  "35A电流设定值": {
    "address": "VD2300",
    "value": 0.0,
    "unit": "%",
    "type": "Real"
  },
  "35A电流实际值": {
    "address": "VD556",
    "value": 0.0,
    "unit": "A",
    "type": "Real"
  },
  "35B转速设定值": {
    "address": "VD212",
    "value": 0.0,
    "unit": "RPM",
    "type": "Real"
  },
  "35B转速实际值": {
    "address": "VD236",
    "value": 0.0,
    "unit": "RPM",
    "type": "Real"
  },
  "35B电流设定值": {
    "address": "VD3308",
    "value": 0.0,
    "unit": "%",
    "type": "Real"
  },
  "35B电流实际值": {
    "address": "VD264",
    "value": 0.0,
    "unit": "A",
    "type": "Real"
  },
  "A组35机1区设定值": {
    "address": "VW116",
    "value": 145,
    "unit": "℃",
    "type": "Int"
  },
  "A组35机1区实际值": {
    "address": "VW118",
    "value": 200,
    "unit": "℃",
    "type": "Int"
  },
  "A组35机2区设定值": {
    "address": "VW316",
    "value": 145,
    "unit": "℃",
    "type": "Int"
  },
  "A组35机2区实际值": {
    "address": "VW318",
    "value": 199,
    "unit": "℃",
    "type": "Int"
  },
  "A组35机3区设定值": {
    "address": "VW368",
    "value": 196,
    "unit": "℃",
    "type": "Int"
  },
  "A组35机3区实际值": {
    "address": "VW370",
    "value": 144,
    "unit": "℃",
    "type": "Int"
  },
  "B组35机1区设定值": {
    "address": "VW118",
    "value": 200,
    "unit": "℃",
    "type": "Int"
  },
  "B组35机1区实际值": {
    "address": "VW370",
    "value": 144,
    "unit": "℃",
    "type": "Int"
  },
  "B组35机2区设定值": {
    "address": "VW120",
    "value": 155,
    "unit": "℃",
    "type": "Int"
  },
  "B组35机2区实际值": {
    "address": "VW322",
    "value": 154,
    "unit": "℃",
    "type": "Int"
  },
  "B组35机3区设定值": {
    "address": "VW112",
    "value": 150,
    "unit": "℃",
    "type": "Int"
  },
  "B组35机3区实际值": {
    "address": "VW312",
    "value": 148,
    "unit": "℃",
    "type": "Int"
  },
  "A组备用1设定值": {
    "address": "VW160",
    "value": 0,
    "unit": "℃",
    "type": "Int"
  },
  "A组备用1实际值": {
    "address": "VW312",
    "value": 148,
    "unit": "℃",
    "type": "Int"
  },
  "A组备用2设定值": {
    "address": "VW166",
    "value": 0,
    "unit": "℃",
    "type": "Int"
  },
  "A组备用2实际值": {
    "address": "VW366",
    "value": 3276,
    "unit": "℃",
    "type": "Int"
  },
  "B组备用1设定值": {
    "address": "VW156",
    "value": 0,
    "unit": "℃",
    "type": "Int"
  },
  "B组备用1实际值": {
    "address": "VW356",
    "value": 3276,
    "unit": "℃",
    "type": "Int"
  },
  "B组备用2设定值": {
    "address": "VW158",
    "value": 0,
    "unit": "℃",
    "type": "Int"
  },
  "B组备用2实际值": {
    "address": "VW358",
    "value": 3276,
    "unit": "℃",
    "type": "Int"
  },
  "25B调速故障": {
    "address": "V4550.7",
    "value": false,
    "unit": "",
    "type": "Bool"
  },
  "25B料筒冷却风机故障": {
    "address": "V4550.4",
    "value": false,
    "unit": "",
    "type": "Bool"
  },
  "25A调速故障": {
    "address": "V4551.4",
    "value": false,
    "unit": "",
    "type": "Bool"
  },
  "25A料筒冷却风机故障": {
    "address": "V4550.6",
    "value": false,
    "unit": "",
    "type": "Bool"
  },
  "25A过电流": {
    "address": "V4551.7",
    "value": false,
    "unit": "",
    "type": "Bool"
  },
  "25B转速设定值": {
    "address": "VD212",
    "value": 0.0,
    "unit": "RPM",
    "type": "Real"
  },
  "25B转速实际值": {
    "address": "VD532",
    "value": 0.0,
    "unit": "RPM",
    "type": "Real"
  },
  "25B电流设定值": {
    "address": "VD2300",
    "value": 0.0,
    "unit": "%",
    "type": "Real"
  },
  "25B电流实际值": {
    "address": "VD556",
    "value": 0.0,
    "unit": "A",
    "type": "Real"
  },
  "25A转速设定值": {
    "address": "VD208",
    "value": 4.699997901916504,
    "unit": "RPM",
    "type": "Real"
  },
  "25A转速实际值": {
    "address": "VD232",
    "value": 0.0,
    "unit": "RPM",
    "type": "Real"
  },
  "25A电流设定值": {
    "address": "VD3300",
    "value": 0.0,
    "unit": "%",
    "type": "Real"
  },
  "25A电流实际值": {
    "address": "VD256",
    "value": 0.0,
    "unit": "A",
    "type": "Real"
  },
  "B组25机1区设定值": {
    "address": "VW102",
    "value": 145,
    "unit": "℃",
    "type": "Int"
  },
  "B组25机1区实际值": {
    "address": "VW104",
    "value": 235,
    "unit": "℃",
    "type": "Int"
  },
  "B组25机2区设定值": {
    "address": "VW104",
    "value": 235,
    "unit": "℃",
    "type": "Int"
  },
  "B组25机2区实际值": {
    "address": "VW304",
    "value": 232,
    "unit": "℃",
    "type": "Int"
  },
  "B组25机3区设定值": {
    "address": "VW106",
    "value": 235,
    "unit": "℃",
    "type": "Int"
  },
  "B组25机3区实际值": {
    "address": "VW306",
    "value": 230,
    "unit": "℃",
    "type": "Int"
  },
  "A组25机1区设定值": {
    "address": "VW108",
    "value": 145,
    "unit": "℃",
    "type": "Int"
  },
  "A组25机1区实际值": {
    "address": "VW308",
    "value": 40,
    "unit": "℃",
    "type": "Int"
  },
  "A组25机2区设定值": {
    "address": "VW116",
    "value": 170,
    "unit": "℃",
    "type": "Int"
  },
  "A组25机2区实际值": {
    "address": "VW316",
    "value": 42,
    "unit": "℃",
    "type": "Int"
  },
  "A组25机3区设定值": {
    "address": "VW118",
    "value": 170,
    "unit": "℃",
    "type": "Int"
  },
  "A组25机3区实际值": {
    "address": "VW318",
    "value": 45,
    "unit": "℃",
    "type": "Int"
  },
  "25B共挤备用1设定值": {
    "address": "VW130",
    "value": 0,
    "unit": "℃",
    "type": "Int"
  },
  "25B共挤备用1实际值": {
    "address": "VW330",
    "value": 3276,
    "unit": "℃",
    "type": "Int"
  },
  "25B共挤备用2设定值": {
    "address": "VW132",
    "value": 0,
    "unit": "℃",
    "type": "Int"
  },
  "25B共挤备用2实际值": {
    "address": "VW332",
    "value": 3276,
    "unit": "℃",
    "type": "Int"
  },
  "25A共挤备用1设定值": {
    "address": "VW134",
    "value": 0,
    "unit": "℃",
    "type": "Int"
  },
  "25A共挤备用1实际值": {
    "address": "VW334",
    "value": 3276,
    "unit": "℃",
    "type": "Int"
  },
  "25A共挤备用2设定值": {
    "address": "VW136",
    "value": 0,
    "unit": "℃",
    "type": "Int"
  },
  "25A共挤备用2实际值": {
    "address": "VW336",
    "value": 3276,
    "unit": "℃",
    "type": "Int"
  }
}
详情: 机台: 默认挤出机 (ID: 1), 参数数量: 122
返回结果:
{
  "machine": {
    "id": 1,
    "name": "默认挤出机"
  },
  "parameters": {
    "主机料温过低": {
      "address": "V4551.2",
      "value": false,
      "unit": "",
      "type": "Bool",
      "is_readonly": true,
      "slot": 2
    },
    "主机料温过高": {
      "address": "V4551.1",
      "value": false,
      "unit": "",
      "type": "Bool",
      "is_readonly": true,
      "slot": 2
    },
    "主机调速故障": {
      "address": "V4551.4",
      "value": false,
      "unit": "",
      "type": "Bool",
      "is_readonly": true,
      "slot": 2
    },
    "主机过电流": {
      "address": "V4551.7",
      "value": false,
      "unit": "",
      "type": "Bool",
      "is_readonly": true,
      "slot": 2
    },
    "主机料筒冷却风机故障": {
      "address": "V4550.4",
      "value": false,
      "unit": "",
      "type": "Bool",
      "is_readonly": true,
      "slot": 2
    },
    "喂料调速器故障": {
      "address": "V4553.0",
      "value": false,
      "unit": "",
      "type": "Bool",
      "is_readonly": true,
      "slot": 2
    },
    "喂料过电流": {
      "address": "V4553.1",
      "value": false,
      "unit": "",
      "type": "Bool",
      "is_readonly": true,
      "slot": 2
    },
    "螺杆异位报警": {
      "address": "V4551.3",
      "value": false,
      "unit": "",
      "type": "Bool",
      "is_readonly": true,
      "slot": 2
    },
    "主机急停未松开": {
      "address": "V4551.0",
      "value": false,
      "unit": "",
      "type": "Bool",
      "is_readonly": true,
      "slot": 2
    },
    "35A调速故障": {
      "address": "V4550.1",
      "value": false,
      "unit": "",
      "type": "Bool",
      "is_readonly": true,
      "slot": 2
    },
    "35A过电流": {
      "address": "V4550.7",
      "value": false,
      "unit": "",
      "type": "Bool",
      "is_readonly": true,
      "slot": 2
    },
    "35A料筒冷却风机故障": {
      "address": "V4550.6",
      "value": false,
      "unit": "",
      "type": "Bool",
      "is_readonly": true,
      "slot": 2
    },
    "35B调速故障": {
      "address": "V4550.5",
      "value": false,
      "unit": "",
      "type": "Bool",
      "is_readonly": true,
      "slot": 2
    },
    "35B过电流": {
      "address": "V4550.0",
      "value": false,
      "unit": "",
      "type": "Bool",
      "is_readonly": true,
      "slot": 2
    },
    "35B料筒冷却风机故障": {
      "address": "V4553.2",
      "value": false,
      "unit": "",
      "type": "Bool",
      "is_readonly": true,
      "slot": 2
    },
    "主机转速设定值": {
      "address": "VD208",
      "value": 3.0,
      "unit": "RPM",
      "type": "Real",
      "is_readonly": false,
      "slot": 2
    },
    "主机转速实际值": {
      "address": "VD232",
      "value": 0.0,
      "unit": "RPM",
      "type": "Real",
      "is_readonly": true,
      "slot": 2
    },
    "主机电流负载占比": {
      "address": "VD3300",
      "value": 0.0,
      "unit": "%",
      "type": "Real",
      "is_readonly": true,
      "slot": 2
    },
    "主机电流值": {
      "address": "VD256",
      "value": 0.0,
      "unit": "A",
      "type": "Real",
      "is_readonly": true,
      "slot": 2
    },
    "喂料转速设定值": {
      "address": "VD32",
      "value": 6.000001907348633,
      "unit": "RPM",
      "type": "Real",
      "is_readonly": false,
      "slot": 2
    },
    "喂料转速实际值": {
      "address": "VD244",
      "value": 0.0,
      "unit": "RPM",
      "type": "Real",
      "is_readonly": true,
      "slot": 2
    },
    "喂料电流负载占比": {
      "address": "VD3304",
      "value": 0.0,
      "unit": "%",
      "type": "Real",
      "is_readonly": true,
      "slot": 2
    },
    "喂料电流值": {
      "address": "VD260",
      "value": 0.0,
      "unit": "A",
      "type": "Real",
      "is_readonly": true,
      "slot": 2
    },
    "65机筒1区设定值": {
      "address": "VW102",
      "value": 180,
      "unit": "℃",
      "type": "Int",
      "is_readonly": false,
      "slot": 2
    },
    "65机筒1区实际值": {
      "address": "VW302",
      "value": 179,
      "unit": "℃",
      "type": "Int",
      "is_readonly": true,
      "slot": 2
    },
    "65机筒2区设定值": {
      "address": "VW104",
      "value": 185,
      "unit": "℃",
      "type": "Int",
      "is_readonly": false,
      "slot": 2
    },
    "65机筒2区实际值": {
      "address": "VW304",
      "value": 183,
      "unit": "℃",
      "type": "Int",
      "is_readonly": true,
      "slot": 2
    },
    "65机筒3区设定值": {
      "address": "VW106",
      "value": 140,
      "unit": "℃",
      "type": "Int",
      "is_readonly": false,
      "slot": 2
    },
    "65机筒3区实际值": {
      "address": "VW306",
      "value": 141,
      "unit": "℃",
      "type": "Int",
      "is_readonly": true,
      "slot": 2
    },
    "65机筒4区设定值": {
      "address": "VW108",
      "value": 135,
      "unit": "℃",
      "type": "Int",
      "is_readonly": false,
      "slot": 2
    },
    "65机筒4区实际值": {
      "address": "VW308",
      "value": 136,
      "unit": "℃",
      "type": "Int",
      "is_readonly": true,
      "slot": 2
    },
    "65机合流芯设定值": {
      "address": "VW154",
      "value": 140,
      "unit": "℃",
      "type": "Int",
      "is_readonly": false,
      "slot": 2
    },
    "65机合流芯实际值": {
      "address": "VW354",
      "value": 136,
      "unit": "℃",
      "type": "Int",
      "is_readonly": true,
      "slot": 2
    },
    "芯层模具上设定值": {
      "address": "VW1130",
      "value": 135,
      "unit": "℃",
      "type": "Int",
      "is_readonly": false,
      "slot": 2
    },
    "芯层模具上实际值": {
      "address": "VW330",
      "value": 142,
      "unit": "℃",
      "type": "Int",
      "is_readonly": true,
      "slot": 2
    },
    "芯层模具下设定值": {
      "address": "VW1132",
      "value": 135,
      "unit": "℃",
      "type": "Int",
      "is_readonly": false,
      "slot": 2
    },
    "芯层模具下实际值": {
      "address": "VW332",
      "value": 142,
      "unit": "℃",
      "type": "Int",
      "is_readonly": true,
      "slot": 2
    },
    "芯层模具左设定值": {
      "address": "VW1134",
      "value": 130,
      "unit": "℃",
      "type": "Int",
      "is_readonly": false,
      "slot": 2
    },
    "芯层模具左实际值": {
      "address": "VW334",
      "value": 136,
      "unit": "℃",
      "type": "Int",
      "is_readonly": true,
      "slot": 2
    },
    "芯层模具右设定值": {
      "address": "VW1136",
      "value": 140,
      "unit": "℃",
      "type": "Int",
      "is_readonly": false,
      "slot": 2
    },
    "芯层模具右实际值": {
      "address": "VW336",
      "value": 139,
      "unit": "℃",
      "type": "Int",
      "is_readonly": true,
      "slot": 2
    },
    "外层模具上设定值": {
      "address": "VW1138",
      "value": 190,
      "unit": "℃",
      "type": "Int",
      "is_readonly": false,
      "slot": 2
    },
    "外层模具上实际值": {
      "address": "VW338",
      "value": 190,
      "unit": "℃",
      "type": "Int",
      "is_readonly": true,
      "slot": 2
    },
    "外层模具下设定值": {
      "address": "VW1140",
      "value": 180,
      "unit": "℃",
      "type": "Int",
      "is_readonly": false,
      "slot": 2
    },
    "外层模具下实际值": {
      "address": "VW340",
      "value": 180,
      "unit": "℃",
      "type": "Int",
      "is_readonly": true,
      "slot": 2
    },
    "外层模具左设定值": {
      "address": "VW1142",
      "value": 180,
      "unit": "℃",
      "type": "Int",
      "is_readonly": false,
      "slot": 2
    },
    "外层模具左实际值": {
      "address": "VW342",
      "value": 181,
      "unit": "",
      "type": "Int",
      "is_readonly": true,
      "slot": 2
    },
    "外层模具石设定值": {
      "address": "VW344",
      "value": 180,
      "unit": "℃",
      "type": "Int",
      "is_readonly": false,
      "slot": 2
    },
    "外层模具石实际值": {
      "address": "VW344",
      "value": 180,
      "unit": "℃",
      "type": "Int",
      "is_readonly": true,
      "slot": 2
    },
    "A组合流芯设定值": {
      "address": "VW346",
      "value": 197,
      "unit": "℃",
      "type": "Int",
      "is_readonly": false,
      "slot": 2
    },
    "A组合流芯实际值": {
      "address": "VW346",
      "value": 197,
      "unit": "℃",
      "type": "Int",
      "is_readonly": true,
      "slot": 2
    },
    "A组转接模设定值": {
      "address": "VW348",
      "value": 198,
      "unit": "℃",
      "type": "Int",
      "is_readonly": false,
      "slot": 2
    },
    "A组转接模实际值": {
      "address": "VW348",
      "value": 198,
      "unit": "℃",
      "type": "Int",
      "is_readonly": true,
      "slot": 2
    },
    "A组连接管设定值": {
      "address": "VW350",
      "value": 80,
      "unit": "℃",
      "type": "Int",
      "is_readonly": false,
      "slot": 2
    },
    "A组连接管实际值": {
      "address": "VW350",
      "value": 80,
      "unit": "℃",
      "type": "Int",
      "is_readonly": true,
      "slot": 2
    },
    "B组合流芯设定值": {
      "address": "VW352",
      "value": 150,
      "unit": "℃",
      "type": "Int",
      "is_readonly": false,
      "slot": 2
    },
    "B组合流芯实际值": {
      "address": "VW352",
      "value": 150,
      "unit": "℃",
      "type": "Int",
      "is_readonly": true,
      "slot": 2
    },
    "B组转接模设定值": {
      "address": "VW362",
      "value": 150,
      "unit": "℃",
      "type": "Int",
      "is_readonly": false,
      "slot": 2
    },
    "B组转接模实际值": {
      "address": "VW362",
      "value": 150,
      "unit": "℃",
      "type": "Int",
      "is_readonly": true,
      "slot": 2
    },
    "B组连接管设定值": {
      "address": "VW364",
      "value": 224,
      "unit": "℃",
      "type": "Int",
      "is_readonly": false,
      "slot": 2
    },
    "B组连接管实际值": {
      "address": "VW364",
      "value": 224,
      "unit": "℃",
      "type": "Int",
      "is_readonly": true,
      "slot": 2
    },
    "35A转速设定值": {
      "address": "VD508",
      "value": 0.0,
      "unit": "RPM",
      "type": "Real",
      "is_readonly": false,
      "slot": 2
    },
    "35A转速实际值": {
      "address": "VD532",
      "value": 0.0,
      "unit": "RPM",
      "type": "Real",
      "is_readonly": true,
      "slot": 2
    },
    "35A电流设定值": {
      "address": "VD2300",
      "value": 0.0,
      "unit": "%",
      "type": "Real",
      "is_readonly": false,
      "slot": 2
    },
    "35A电流实际值": {
      "address": "VD556",
      "value": 0.0,
      "unit": "A",
      "type": "Real",
      "is_readonly": true,
      "slot": 2
    },
    "35B转速设定值": {
      "address": "VD212",
      "value": 0.0,
      "unit": "RPM",
      "type": "Real",
      "is_readonly": false,
      "slot": 2
    },
    "35B转速实际值": {
      "address": "VD236",
      "value": 0.0,
      "unit": "RPM",
      "type": "Real",
      "is_readonly": true,
      "slot": 2
    },
    "35B电流设定值": {
      "address": "VD3308",
      "value": 0.0,
      "unit": "%",
      "type": "Real",
      "is_readonly": false,
      "slot": 2
    },
    "35B电流实际值": {
      "address": "VD264",
      "value": 0.0,
      "unit": "A",
      "type": "Real",
      "is_readonly": true,
      "slot": 2
    },
    "A组35机1区设定值": {
      "address": "VW116",
      "value": 145,
      "unit": "℃",
      "type": "Int",
      "is_readonly": false,
      "slot": 2
    },
    "A组35机1区实际值": {
      "address": "VW118",
      "value": 200,
      "unit": "℃",
      "type": "Int",
      "is_readonly": true,
      "slot": 2
    },
    "A组35机2区设定值": {
      "address": "VW316",
      "value": 145,
      "unit": "℃",
      "type": "Int",
      "is_readonly": false,
      "slot": 2
    },
    "A组35机2区实际值": {
      "address": "VW318",
      "value": 199,
      "unit": "℃",
      "type": "Int",
      "is_readonly": true,
      "slot": 2
    },
    "A组35机3区设定值": {
      "address": "VW368",
      "value": 196,
      "unit": "℃",
      "type": "Int",
      "is_readonly": false,
      "slot": 2
    },
    "A组35机3区实际值": {
      "address": "VW370",
      "value": 144,
      "unit": "℃",
      "type": "Int",
      "is_readonly": true,
      "slot": 2
    },
    "B组35机1区设定值": {
      "address": "VW118",
      "value": 200,
      "unit": "℃",
      "type": "Int",
      "is_readonly": false,
      "slot": 2
    },
    "B组35机1区实际值": {
      "address": "VW370",
      "value": 144,
      "unit": "℃",
      "type": "Int",
      "is_readonly": true,
      "slot": 2
    },
    "B组35机2区设定值": {
      "address": "VW120",
      "value": 155,
      "unit": "℃",
      "type": "Int",
      "is_readonly": false,
      "slot": 2
    },
    "B组35机2区实际值": {
      "address": "VW322",
      "value": 154,
      "unit": "℃",
      "type": "Int",
      "is_readonly": true,
      "slot": 2
    },
    "B组35机3区设定值": {
      "address": "VW112",
      "value": 150,
      "unit": "℃",
      "type": "Int",
      "is_readonly": false,
      "slot": 2
    },
    "B组35机3区实际值": {
      "address": "VW312",
      "value": 148,
      "unit": "℃",
      "type": "Int",
      "is_readonly": true,
      "slot": 2
    },
    "A组备用1设定值": {
      "address": "VW160",
      "value": 0,
      "unit": "℃",
      "type": "Int",
      "is_readonly": false,
      "slot": 2
    },
    "A组备用1实际值": {
      "address": "VW312",
      "value": 148,
      "unit": "℃",
      "type": "Int",
      "is_readonly": true,
      "slot": 2
    },
    "A组备用2设定值": {
      "address": "VW166",
      "value": 0,
      "unit": "℃",
      "type": "Int",
      "is_readonly": false,
      "slot": 2
    },
    "A组备用2实际值": {
      "address": "VW366",
      "value": 3276,
      "unit": "℃",
      "type": "Int",
      "is_readonly": true,
      "slot": 2
    },
    "B组备用1设定值": {
      "address": "VW156",
      "value": 0,
      "unit": "℃",
      "type": "Int",
      "is_readonly": false,
      "slot": 2
    },
    "B组备用1实际值": {
      "address": "VW356",
      "value": 3276,
      "unit": "℃",
      "type": "Int",
      "is_readonly": true,
      "slot": 2
    },
    "B组备用2设定值": {
      "address": "VW158",
      "value": 0,
      "unit": "℃",
      "type": "Int",
      "is_readonly": false,
      "slot": 2
    },
    "B组备用2实际值": {
      "address": "VW358",
      "value": 3276,
      "unit": "℃",
      "type": "Int",
      "is_readonly": true,
      "slot": 2
    },
    "25B调速故障": {
      "address": "V4550.7",
      "value": false,
      "unit": "",
      "type": "Bool",
      "is_readonly": true,
      "slot": 3
    },
    "25B料筒冷却风机故障": {
      "address": "V4550.4",
      "value": false,
      "unit": "",
      "type": "Bool",
      "is_readonly": false,
      "slot": 3
    },
    "25A调速故障": {
      "address": "V4551.4",
      "value": false,
      "unit": "",
      "type": "Bool",
      "is_readonly": true,
      "slot": 3
    },
    "25A料筒冷却风机故障": {
      "address": "V4550.6",
      "value": false,
      "unit": "",
      "type": "Bool",
      "is_readonly": true,
      "slot": 3
    },
    "25A过电流": {
      "address": "V4551.7",
      "value": false,
      "unit": "",
      "type": "Bool",
      "is_readonly": false,
      "slot": 3
    },
    "25B转速设定值": {
      "address": "VD212",
      "value": 0.0,
      "unit": "RPM",
      "type": "Real",
      "is_readonly": false,
      "slot": 3
    },
    "25B转速实际值": {
      "address": "VD532",
      "value": 0.0,
      "unit": "RPM",
      "type": "Real",
      "is_readonly": true,
      "slot": 3
    },
    "25B电流设定值": {
      "address": "VD2300",
      "value": 0.0,
      "unit": "%",
      "type": "Real",
      "is_readonly": false,
      "slot": 3
    },
    "25B电流实际值": {
      "address": "VD556",
      "value": 0.0,
      "unit": "A",
      "type": "Real",
      "is_readonly": true,
      "slot": 3
    },
    "25A转速设定值": {
      "address": "VD208",
      "value": 4.699997901916504,
      "unit": "RPM",
      "type": "Real",
      "is_readonly": false,
      "slot": 3
    },
    "25A转速实际值": {
      "address": "VD232",
      "value": 0.0,
      "unit": "RPM",
      "type": "Real",
      "is_readonly": true,
      "slot": 3
    },
    "25A电流设定值": {
      "address": "VD3300",
      "value": 0.0,
      "unit": "%",
      "type": "Real",
      "is_readonly": false,
      "slot": 3
    },
    "25A电流实际值": {
      "address": "VD256",
      "value": 0.0,
      "unit": "A",
      "type": "Real",
      "is_readonly": true,
      "slot": 3
    },
    "B组25机1区设定值": {
      "address": "VW102",
      "value": 145,
      "unit": "℃",
      "type": "Int",
      "is_readonly": false,
      "slot": 3
    },
    "B组25机1区实际值": {
      "address": "VW104",
      "value": 235,
      "unit": "℃",
      "type": "Int",
      "is_readonly": true,
      "slot": 3
    },
    "B组25机2区设定值": {
      "address": "VW104",
      "value": 235,
      "unit": "℃",
      "type": "Int",
      "is_readonly": false,
      "slot": 3
    },
    "B组25机2区实际值": {
      "address": "VW304",
      "value": 232,
      "unit": "℃",
      "type": "Int",
      "is_readonly": true,
      "slot": 3
    },
    "B组25机3区设定值": {
      "address": "VW106",
      "value": 235,
      "unit": "℃",
      "type": "Int",
      "is_readonly": false,
      "slot": 3
    },
    "B组25机3区实际值": {
      "address": "VW306",
      "value": 230,
      "unit": "℃",
      "type": "Int",
      "is_readonly": true,
      "slot": 3
    },
    "A组25机1区设定值": {
      "address": "VW108",
      "value": 145,
      "unit": "℃",
      "type": "Int",
      "is_readonly": false,
      "slot": 3
    },
    "A组25机1区实际值": {
      "address": "VW308",
      "value": 40,
      "unit": "℃",
      "type": "Int",
      "is_readonly": true,
      "slot": 3
    },
    "A组25机2区设定值": {
      "address": "VW116",
      "value": 170,
      "unit": "℃",
      "type": "Int",
      "is_readonly": false,
      "slot": 3
    },
    "A组25机2区实际值": {
      "address": "VW316",
      "value": 42,
      "unit": "℃",
      "type": "Int",
      "is_readonly": true,
      "slot": 3
    },
    "A组25机3区设定值": {
      "address": "VW118",
      "value": 170,
      "unit": "℃",
      "type": "Int",
      "is_readonly": false,
      "slot": 3
    },
    "A组25机3区实际值": {
      "address": "VW318",
      "value": 45,
      "unit": "℃",
      "type": "Int",
      "is_readonly": true,
      "slot": 3
    },
    "25B共挤备用1设定值": {
      "address": "VW130",
      "value": 0,
      "unit": "℃",
      "type": "Int",
      "is_readonly": false,
      "slot": 3
    },
    "25B共挤备用1实际值": {
      "address": "VW330",
      "value": 3276,
      "unit": "℃",
      "type": "Int",
      "is_readonly": true,
      "slot": 3
    },
    "25B共挤备用2设定值": {
      "address": "VW132",
      "value": 0,
      "unit": "℃",
      "type": "Int",
      "is_readonly": false,
      "slot": 3
    },
    "25B共挤备用2实际值": {
      "address": "VW332",
      "value": 3276,
      "unit": "℃",
      "type": "Int",
      "is_readonly": true,
      "slot": 3
    },
    "25A共挤备用1设定值": {
      "address": "VW134",
      "value": 0,
      "unit": "℃",
      "type": "Int",
      "is_readonly": false,
      "slot": 3
    },
    "25A共挤备用1实际值": {
      "address": "VW334",
      "value": 3276,
      "unit": "℃",
      "type": "Int",
      "is_readonly": true,
      "slot": 3
    },
    "25A共挤备用2设定值": {
      "address": "VW136",
      "value": 0,
      "unit": "℃",
      "type": "Int",
      "is_readonly": false,
      "slot": 3
    },
    "25A共挤备用2实际值": {
      "address": "VW336",
      "value": 3276,
      "unit": "℃",
      "type": "Int",
      "is_readonly": true,
      "slot": 3
    }
  }
}
------------------------------------------------------------
2026-05-09 15:31:08 | 读取PLC | 机台 | 用户ID:1
请求参数:
{
  "主机料温过低": {
    "address": "V4551.2",
    "value": false,
    "unit": "",
    "type": "Bool"
  },
  "主机料温过高": {
    "address": "V4551.1",
    "value": false,
    "unit": "",
    "type": "Bool"
  },
  "主机调速故障": {
    "address": "V4551.4",
    "value": false,
    "unit": "",
    "type": "Bool"
  },
  "主机过电流": {
    "address": "V4551.7",
    "value": false,
    "unit": "",
    "type": "Bool"
  },
  "主机料筒冷却风机故障": {
    "address": "V4550.4",
    "value": false,
    "unit": "",
    "type": "Bool"
  },
  "喂料调速器故障": {
    "address": "V4553.0",
    "value": false,
    "unit": "",
    "type": "Bool"
  },
  "喂料过电流": {
    "address": "V4553.1",
    "value": false,
    "unit": "",
    "type": "Bool"
  },
  "螺杆异位报警": {
    "address": "V4551.3",
    "value": false,
    "unit": "",
    "type": "Bool"
  },
  "主机急停未松开": {
    "address": "V4551.0",
    "value": false,
    "unit": "",
    "type": "Bool"
  },
  "35A调速故障": {
    "address": "V4550.1",
    "value": false,
    "unit": "",
    "type": "Bool"
  },
  "35A过电流": {
    "address": "V4550.7",
    "value": false,
    "unit": "",
    "type": "Bool"
  },
  "35A料筒冷却风机故障": {
    "address": "V4550.6",
    "value": false,
    "unit": "",
    "type": "Bool"
  },
  "35B调速故障": {
    "address": "V4550.5",
    "value": false,
    "unit": "",
    "type": "Bool"
  },
  "35B过电流": {
    "address": "V4550.0",
    "value": false,
    "unit": "",
    "type": "Bool"
  },
  "35B料筒冷却风机故障": {
    "address": "V4553.2",
    "value": false,
    "unit": "",
    "type": "Bool"
  },
  "主机转速设定值": {
    "address": "VD208",
    "value": 3.0,
    "unit": "RPM",
    "type": "Real"
  },
  "主机转速实际值": {
    "address": "VD232",
    "value": 0.0,
    "unit": "RPM",
    "type": "Real"
  },
  "主机电流负载占比": {
    "address": "VD3300",
    "value": 0.0,
    "unit": "%",
    "type": "Real"
  },
  "主机电流值": {
    "address": "VD256",
    "value": 0.0,
    "unit": "A",
    "type": "Real"
  },
  "喂料转速设定值": {
    "address": "VD32",
    "value": 6.000001907348633,
    "unit": "RPM",
    "type": "Real"
  },
  "喂料转速实际值": {
    "address": "VD244",
    "value": 0.0,
    "unit": "RPM",
    "type": "Real"
  },
  "喂料电流负载占比": {
    "address": "VD3304",
    "value": 0.0,
    "unit": "%",
    "type": "Real"
  },
  "喂料电流值": {
    "address": "VD260",
    "value": 0.0,
    "unit": "A",
    "type": "Real"
  },
  "65机筒1区设定值": {
    "address": "VW102",
    "value": 180,
    "unit": "℃",
    "type": "Int"
  },
  "65机筒1区实际值": {
    "address": "VW302",
    "value": 179,
    "unit": "℃",
    "type": "Int"
  },
  "65机筒2区设定值": {
    "address": "VW104",
    "value": 185,
    "unit": "℃",
    "type": "Int"
  },
  "65机筒2区实际值": {
    "address": "VW304",
    "value": 183,
    "unit": "℃",
    "type": "Int"
  },
  "65机筒3区设定值": {
    "address": "VW106",
    "value": 140,
    "unit": "℃",
    "type": "Int"
  },
  "65机筒3区实际值": {
    "address": "VW306",
    "value": 137,
    "unit": "℃",
    "type": "Int"
  },
  "65机筒4区设定值": {
    "address": "VW108",
    "value": 135,
    "unit": "℃",
    "type": "Int"
  },
  "65机筒4区实际值": {
    "address": "VW308",
    "value": 133,
    "unit": "℃",
    "type": "Int"
  },
  "65机合流芯设定值": {
    "address": "VW154",
    "value": 140,
    "unit": "℃",
    "type": "Int"
  },
  "65机合流芯实际值": {
    "address": "VW354",
    "value": 136,
    "unit": "℃",
    "type": "Int"
  },
  "芯层模具上设定值": {
    "address": "VW1130",
    "value": 135,
    "unit": "℃",
    "type": "Int"
  },
  "芯层模具上实际值": {
    "address": "VW330",
    "value": 142,
    "unit": "℃",
    "type": "Int"
  },
  "芯层模具下设定值": {
    "address": "VW1132",
    "value": 135,
    "unit": "℃",
    "type": "Int"
  },
  "芯层模具下实际值": {
    "address": "VW332",
    "value": 142,
    "unit": "℃",
    "type": "Int"
  },
  "芯层模具左设定值": {
    "address": "VW1134",
    "value": 130,
    "unit": "℃",
    "type": "Int"
  },
  "芯层模具左实际值": {
    "address": "VW334",
    "value": 137,
    "unit": "℃",
    "type": "Int"
  },
  "芯层模具右设定值": {
    "address": "VW1136",
    "value": 140,
    "unit": "℃",
    "type": "Int"
  },
  "芯层模具右实际值": {
    "address": "VW336",
    "value": 139,
    "unit": "℃",
    "type": "Int"
  },
  "外层模具上设定值": {
    "address": "VW1138",
    "value": 190,
    "unit": "℃",
    "type": "Int"
  },
  "外层模具上实际值": {
    "address": "VW338",
    "value": 188,
    "unit": "℃",
    "type": "Int"
  },
  "外层模具下设定值": {
    "address": "VW1140",
    "value": 180,
    "unit": "℃",
    "type": "Int"
  },
  "外层模具下实际值": {
    "address": "VW340",
    "value": 182,
    "unit": "℃",
    "type": "Int"
  },
  "外层模具左设定值": {
    "address": "VW1142",
    "value": 180,
    "unit": "℃",
    "type": "Int"
  },
  "外层模具左实际值": {
    "address": "VW342",
    "value": 180,
    "unit": "",
    "type": "Int"
  },
  "外层模具石设定值": {
    "address": "VW344",
    "value": 180,
    "unit": "℃",
    "type": "Int"
  },
  "外层模具石实际值": {
    "address": "VW344",
    "value": 180,
    "unit": "℃",
    "type": "Int"
  },
  "A组合流芯设定值": {
    "address": "VW346",
    "value": 197,
    "unit": "℃",
    "type": "Int"
  },
  "A组合流芯实际值": {
    "address": "VW346",
    "value": 197,
    "unit": "℃",
    "type": "Int"
  },
  "A组转接模设定值": {
    "address": "VW348",
    "value": 196,
    "unit": "℃",
    "type": "Int"
  },
  "A组转接模实际值": {
    "address": "VW348",
    "value": 196,
    "unit": "℃",
    "type": "Int"
  },
  "A组连接管设定值": {
    "address": "VW350",
    "value": 80,
    "unit": "℃",
    "type": "Int"
  },
  "A组连接管实际值": {
    "address": "VW350",
    "value": 80,
    "unit": "℃",
    "type": "Int"
  },
  "B组合流芯设定值": {
    "address": "VW352",
    "value": 153,
    "unit": "℃",
    "type": "Int"
  },
  "B组合流芯实际值": {
    "address": "VW352",
    "value": 153,
    "unit": "℃",
    "type": "Int"
  },
  "B组转接模设定值": {
    "address": "VW362",
    "value": 151,
    "unit": "℃",
    "type": "Int"
  },
  "B组转接模实际值": {
    "address": "VW362",
    "value": 151,
    "unit": "℃",
    "type": "Int"
  },
  "B组连接管设定值": {
    "address": "VW364",
    "value": 244,
    "unit": "℃",
    "type": "Int"
  },
  "B组连接管实际值": {
    "address": "VW364",
    "value": 244,
    "unit": "℃",
    "type": "Int"
  },
  "35A转速设定值": {
    "address": "VD508",
    "value": 0.0,
    "unit": "RPM",
    "type": "Real"
  },
  "35A转速实际值": {
    "address": "VD532",
    "value": 0.0,
    "unit": "RPM",
    "type": "Real"
  },
  "35A电流设定值": {
    "address": "VD2300",
    "value": 0.0,
    "unit": "%",
    "type": "Real"
  },
  "35A电流实际值": {
    "address": "VD556",
    "value": 0.0,
    "unit": "A",
    "type": "Real"
  },
  "35B转速设定值": {
    "address": "VD212",
    "value": 0.0,
    "unit": "RPM",
    "type": "Real"
  },
  "35B转速实际值": {
    "address": "VD236",
    "value": 0.0,
    "unit": "RPM",
    "type": "Real"
  },
  "35B电流设定值": {
    "address": "VD3308",
    "value": 0.0,
    "unit": "%",
    "type": "Real"
  },
  "35B电流实际值": {
    "address": "VD264",
    "value": 0.0,
    "unit": "A",
    "type": "Real"
  },
  "A组35机1区设定值": {
    "address": "VW116",
    "value": 145,
    "unit": "℃",
    "type": "Int"
  },
  "A组35机1区实际值": {
    "address": "VW118",
    "value": 200,
    "unit": "℃",
    "type": "Int"
  },
  "A组35机2区设定值": {
    "address": "VW316",
    "value": 145,
    "unit": "℃",
    "type": "Int"
  },
  "A组35机2区实际值": {
    "address": "VW318",
    "value": 198,
    "unit": "℃",
    "type": "Int"
  },
  "A组35机3区设定值": {
    "address": "VW368",
    "value": 195,
    "unit": "℃",
    "type": "Int"
  },
  "A组35机3区实际值": {
    "address": "VW370",
    "value": 144,
    "unit": "℃",
    "type": "Int"
  },
  "B组35机1区设定值": {
    "address": "VW118",
    "value": 200,
    "unit": "℃",
    "type": "Int"
  },
  "B组35机1区实际值": {
    "address": "VW370",
    "value": 144,
    "unit": "℃",
    "type": "Int"
  },
  "B组35机2区设定值": {
    "address": "VW120",
    "value": 155,
    "unit": "℃",
    "type": "Int"
  },
  "B组35机2区实际值": {
    "address": "VW322",
    "value": 154,
    "unit": "℃",
    "type": "Int"
  },
  "B组35机3区设定值": {
    "address": "VW112",
    "value": 150,
    "unit": "℃",
    "type": "Int"
  },
  "B组35机3区实际值": {
    "address": "VW312",
    "value": 148,
    "unit": "℃",
    "type": "Int"
  },
  "A组备用1设定值": {
    "address": "VW160",
    "value": 0,
    "unit": "℃",
    "type": "Int"
  },
  "A组备用1实际值": {
    "address": "VW312",
    "value": 148,
    "unit": "℃",
    "type": "Int"
  },
  "A组备用2设定值": {
    "address": "VW166",
    "value": 0,
    "unit": "℃",
    "type": "Int"
  },
  "A组备用2实际值": {
    "address": "VW366",
    "value": 3276,
    "unit": "℃",
    "type": "Int"
  },
  "B组备用1设定值": {
    "address": "VW156",
    "value": 0,
    "unit": "℃",
    "type": "Int"
  },
  "B组备用1实际值": {
    "address": "VW356",
    "value": 3276,
    "unit": "℃",
    "type": "Int"
  },
  "B组备用2设定值": {
    "address": "VW158",
    "value": 0,
    "unit": "℃",
    "type": "Int"
  },
  "B组备用2实际值": {
    "address": "VW358",
    "value": 3276,
    "unit": "℃",
    "type": "Int"
  },
  "25B调速故障": {
    "address": "V4550.7",
    "value": false,
    "unit": "",
    "type": "Bool"
  },
  "25B料筒冷却风机故障": {
    "address": "V4550.4",
    "value": false,
    "unit": "",
    "type": "Bool"
  },
  "25A调速故障": {
    "address": "V4551.4",
    "value": false,
    "unit": "",
    "type": "Bool"
  },
  "25A料筒冷却风机故障": {
    "address": "V4550.6",
    "value": false,
    "unit": "",
    "type": "Bool"
  },
  "25A过电流": {
    "address": "V4551.7",
    "value": false,
    "unit": "",
    "type": "Bool"
  },
  "25B转速设定值": {
    "address": "VD212",
    "value": 0.0,
    "unit": "RPM",
    "type": "Real"
  },
  "25B转速实际值": {
    "address": "VD532",
    "value": 0.0,
    "unit": "RPM",
    "type": "Real"
  },
  "25B电流设定值": {
    "address": "VD2300",
    "value": 0.0,
    "unit": "%",
    "type": "Real"
  },
  "25B电流实际值": {
    "address": "VD556",
    "value": 0.0,
    "unit": "A",
    "type": "Real"
  },
  "25A转速设定值": {
    "address": "VD208",
    "value": 4.699997901916504,
    "unit": "RPM",
    "type": "Real"
  },
  "25A转速实际值": {
    "address": "VD232",
    "value": 0.0,
    "unit": "RPM",
    "type": "Real"
  },
  "25A电流设定值": {
    "address": "VD3300",
    "value": 0.0,
    "unit": "%",
    "type": "Real"
  },
  "25A电流实际值": {
    "address": "VD256",
    "value": 0.0,
    "unit": "A",
    "type": "Real"
  },
  "B组25机1区设定值": {
    "address": "VW102",
    "value": 145,
    "unit": "℃",
    "type": "Int"
  },
  "B组25机1区实际值": {
    "address": "VW104",
    "value": 235,
    "unit": "℃",
    "type": "Int"
  },
  "B组25机2区设定值": {
    "address": "VW104",
    "value": 235,
    "unit": "℃",
    "type": "Int"
  },
  "B组25机2区实际值": {
    "address": "VW304",
    "value": 232,
    "unit": "℃",
    "type": "Int"
  },
  "B组25机3区设定值": {
    "address": "VW106",
    "value": 235,
    "unit": "℃",
    "type": "Int"
  },
  "B组25机3区实际值": {
    "address": "VW306",
    "value": 230,
    "unit": "℃",
    "type": "Int"
  },
  "A组25机1区设定值": {
    "address": "VW108",
    "value": 145,
    "unit": "℃",
    "type": "Int"
  },
  "A组25机1区实际值": {
    "address": "VW308",
    "value": 40,
    "unit": "℃",
    "type": "Int"
  },
  "A组25机2区设定值": {
    "address": "VW116",
    "value": 170,
    "unit": "℃",
    "type": "Int"
  },
  "A组25机2区实际值": {
    "address": "VW316",
    "value": 42,
    "unit": "℃",
    "type": "Int"
  },
  "A组25机3区设定值": {
    "address": "VW118",
    "value": 170,
    "unit": "℃",
    "type": "Int"
  },
  "A组25机3区实际值": {
    "address": "VW318",
    "value": 45,
    "unit": "℃",
    "type": "Int"
  },
  "25B共挤备用1设定值": {
    "address": "VW130",
    "value": 0,
    "unit": "℃",
    "type": "Int"
  },
  "25B共挤备用1实际值": {
    "address": "VW330",
    "value": 3276,
    "unit": "℃",
    "type": "Int"
  },
  "25B共挤备用2设定值": {
    "address": "VW132",
    "value": 0,
    "unit": "℃",
    "type": "Int"
  },
  "25B共挤备用2实际值": {
    "address": "VW332",
    "value": 3276,
    "unit": "℃",
    "type": "Int"
  },
  "25A共挤备用1设定值": {
    "address": "VW134",
    "value": 0,
    "unit": "℃",
    "type": "Int"
  },
  "25A共挤备用1实际值": {
    "address": "VW334",
    "value": 3276,
    "unit": "℃",
    "type": "Int"
  },
  "25A共挤备用2设定值": {
    "address": "VW136",
    "value": 0,
    "unit": "℃",
    "type": "Int"
  },
  "25A共挤备用2实际值": {
    "address": "VW336",
    "value": 3276,
    "unit": "℃",
    "type": "Int"
  }
}
详情: 机台: 默认挤出机 (ID: 1), 参数数量: 122
返回结果:
{
  "machine": {
    "id": 1,
    "name": "默认挤出机"
  },
  "parameters": {
    "主机料温过低": {
      "address": "V4551.2",
      "value": false,
      "unit": "",
      "type": "Bool",
      "is_readonly": true,
      "slot": 2
    },
    "主机料温过高": {
      "address": "V4551.1",
      "value": false,
      "unit": "",
      "type": "Bool",
      "is_readonly": true,
      "slot": 2
    },
    "主机调速故障": {
      "address": "V4551.4",
      "value": false,
      "unit": "",
      "type": "Bool",
      "is_readonly": true,
      "slot": 2
    },
    "主机过电流": {
      "address": "V4551.7",
      "value": false,
      "unit": "",
      "type": "Bool",
      "is_readonly": true,
      "slot": 2
    },
    "主机料筒冷却风机故障": {
      "address": "V4550.4",
      "value": false,
      "unit": "",
      "type": "Bool",
      "is_readonly": true,
      "slot": 2
    },
    "喂料调速器故障": {
      "address": "V4553.0",
      "value": false,
      "unit": "",
      "type": "Bool",
      "is_readonly": true,
      "slot": 2
    },
    "喂料过电流": {
      "address": "V4553.1",
      "value": false,
      "unit": "",
      "type": "Bool",
      "is_readonly": true,
      "slot": 2
    },
    "螺杆异位报警": {
      "address": "V4551.3",
      "value": false,
      "unit": "",
      "type": "Bool",
      "is_readonly": true,
      "slot": 2
    },
    "主机急停未松开": {
      "address": "V4551.0",
      "value": false,
      "unit": "",
      "type": "Bool",
      "is_readonly": true,
      "slot": 2
    },
    "35A调速故障": {
      "address": "V4550.1",
      "value": false,
      "unit": "",
      "type": "Bool",
      "is_readonly": true,
      "slot": 2
    },
    "35A过电流": {
      "address": "V4550.7",
      "value": false,
      "unit": "",
      "type": "Bool",
      "is_readonly": true,
      "slot": 2
    },
    "35A料筒冷却风机故障": {
      "address": "V4550.6",
      "value": false,
      "unit": "",
      "type": "Bool",
      "is_readonly": true,
      "slot": 2
    },
    "35B调速故障": {
      "address": "V4550.5",
      "value": false,
      "unit": "",
      "type": "Bool",
      "is_readonly": true,
      "slot": 2
    },
    "35B过电流": {
      "address": "V4550.0",
      "value": false,
      "unit": "",
      "type": "Bool",
      "is_readonly": true,
      "slot": 2
    },
    "35B料筒冷却风机故障": {
      "address": "V4553.2",
      "value": false,
      "unit": "",
      "type": "Bool",
      "is_readonly": true,
      "slot": 2
    },
    "主机转速设定值": {
      "address": "VD208",
      "value": 3.0,
      "unit": "RPM",
      "type": "Real",
      "is_readonly": false,
      "slot": 2
    },
    "主机转速实际值": {
      "address": "VD232",
      "value": 0.0,
      "unit": "RPM",
      "type": "Real",
      "is_readonly": true,
      "slot": 2
    },
    "主机电流负载占比": {
      "address": "VD3300",
      "value": 0.0,
      "unit": "%",
      "type": "Real",
      "is_readonly": true,
      "slot": 2
    },
    "主机电流值": {
      "address": "VD256",
      "value": 0.0,
      "unit": "A",
      "type": "Real",
      "is_readonly": true,
      "slot": 2
    },
    "喂料转速设定值": {
      "address": "VD32",
      "value": 6.000001907348633,
      "unit": "RPM",
      "type": "Real",
      "is_readonly": false,
      "slot": 2
    },
    "喂料转速实际值": {
      "address": "VD244",
      "value": 0.0,
      "unit": "RPM",
      "type": "Real",
      "is_readonly": true,
      "slot": 2
    },
    "喂料电流负载占比": {
      "address": "VD3304",
      "value": 0.0,
      "unit": "%",
      "type": "Real",
      "is_readonly": true,
      "slot": 2
    },
    "喂料电流值": {
      "address": "VD260",
      "value": 0.0,
      "unit": "A",
      "type": "Real",
      "is_readonly": true,
      "slot": 2
    },
    "65机筒1区设定值": {
      "address": "VW102",
      "value": 180,
      "unit": "℃",
      "type": "Int",
      "is_readonly": false,
      "slot": 2
    },
    "65机筒1区实际值": {
      "address": "VW302",
      "value": 179,
      "unit": "℃",
      "type": "Int",
      "is_readonly": true,
      "slot": 2
    },
    "65机筒2区设定值": {
      "address": "VW104",
      "value": 185,
      "unit": "℃",
      "type": "Int",
      "is_readonly": false,
      "slot": 2
    },
    "65机筒2区实际值": {
      "address": "VW304",
      "value": 183,
      "unit": "℃",
      "type": "Int",
      "is_readonly": true,
      "slot": 2
    },
    "65机筒3区设定值": {
      "address": "VW106",
      "value": 140,
      "unit": "℃",
      "type": "Int",
      "is_readonly": false,
      "slot": 2
    },
    "65机筒3区实际值": {
      "address": "VW306",
      "value": 137,
      "unit": "℃",
      "type": "Int",
      "is_readonly": true,
      "slot": 2
    },
    "65机筒4区设定值": {
      "address": "VW108",
      "value": 135,
      "unit": "℃",
      "type": "Int",
      "is_readonly": false,
      "slot": 2
    },
    "65机筒4区实际值": {
      "address": "VW308",
      "value": 133,
      "unit": "℃",
      "type": "Int",
      "is_readonly": true,
      "slot": 2
    },
    "65机合流芯设定值": {
      "address": "VW154",
      "value": 140,
      "unit": "℃",
      "type": "Int",
      "is_readonly": false,
      "slot": 2
    },
    "65机合流芯实际值": {
      "address": "VW354",
      "value": 136,
      "unit": "℃",
      "type": "Int",
      "is_readonly": true,
      "slot": 2
    },
    "芯层模具上设定值": {
      "address": "VW1130",
      "value": 135,
      "unit": "℃",
      "type": "Int",
      "is_readonly": false,
      "slot": 2
    },
    "芯层模具上实际值": {
      "address": "VW330",
      "value": 142,
      "unit": "℃",
      "type": "Int",
      "is_readonly": true,
      "slot": 2
    },
    "芯层模具下设定值": {
      "address": "VW1132",
      "value": 135,
      "unit": "℃",
      "type": "Int",
      "is_readonly": false,
      "slot": 2
    },
    "芯层模具下实际值": {
      "address": "VW332",
      "value": 142,
      "unit": "℃",
      "type": "Int",
      "is_readonly": true,
      "slot": 2
    },
    "芯层模具左设定值": {
      "address": "VW1134",
      "value": 130,
      "unit": "℃",
      "type": "Int",
      "is_readonly": false,
      "slot": 2
    },
    "芯层模具左实际值": {
      "address": "VW334",
      "value": 137,
      "unit": "℃",
      "type": "Int",
      "is_readonly": true,
      "slot": 2
    },
    "芯层模具右设定值": {
      "address": "VW1136",
      "value": 140,
      "unit": "℃",
      "type": "Int",
      "is_readonly": false,
      "slot": 2
    },
    "芯层模具右实际值": {
      "address": "VW336",
      "value": 139,
      "unit": "℃",
      "type": "Int",
      "is_readonly": true,
      "slot": 2
    },
    "外层模具上设定值": {
      "address": "VW1138",
      "value": 190,
      "unit": "℃",
      "type": "Int",
      "is_readonly": false,
      "slot": 2
    },
    "外层模具上实际值": {
      "address": "VW338",
      "value": 188,
      "unit": "℃",
      "type": "Int",
      "is_readonly": true,
      "slot": 2
    },
    "外层模具下设定值": {
      "address": "VW1140",
      "value": 180,
      "unit": "℃",
      "type": "Int",
      "is_readonly": false,
      "slot": 2
    },
    "外层模具下实际值": {
      "address": "VW340",
      "value": 182,
      "unit": "℃",
      "type": "Int",
      "is_readonly": true,
      "slot": 2
    },
    "外层模具左设定值": {
      "address": "VW1142",
      "value": 180,
      "unit": "℃",
      "type": "Int",
      "is_readonly": false,
      "slot": 2
    },
    "外层模具左实际值": {
      "address": "VW342",
      "value": 180,
      "unit": "",
      "type": "Int",
      "is_readonly": true,
      "slot": 2
    },
    "外层模具石设定值": {
      "address": "VW344",
      "value": 180,
      "unit": "℃",
      "type": "Int",
      "is_readonly": false,
      "slot": 2
    },
    "外层模具石实际值": {
      "address": "VW344",
      "value": 180,
      "unit": "℃",
      "type": "Int",
      "is_readonly": true,
      "slot": 2
    },
    "A组合流芯设定值": {
      "address": "VW346",
      "value": 197,
      "unit": "℃",
      "type": "Int",
      "is_readonly": false,
      "slot": 2
    },
    "A组合流芯实际值": {
      "address": "VW346",
      "value": 197,
      "unit": "℃",
      "type": "Int",
      "is_readonly": true,
      "slot": 2
    },
    "A组转接模设定值": {
      "address": "VW348",
      "value": 196,
      "unit": "℃",
      "type": "Int",
      "is_readonly": false,
      "slot": 2
    },
    "A组转接模实际值": {
      "address": "VW348",
      "value": 196,
      "unit": "℃",
      "type": "Int",
      "is_readonly": true,
      "slot": 2
    },
    "A组连接管设定值": {
      "address": "VW350",
      "value": 80,
      "unit": "℃",
      "type": "Int",
      "is_readonly": false,
      "slot": 2
    },
    "A组连接管实际值": {
      "address": "VW350",
      "value": 80,
      "unit": "℃",
      "type": "Int",
      "is_readonly": true,
      "slot": 2
    },
    "B组合流芯设定值": {
      "address": "VW352",
      "value": 153,
      "unit": "℃",
      "type": "Int",
      "is_readonly": false,
      "slot": 2
    },
    "B组合流芯实际值": {
      "address": "VW352",
      "value": 153,
      "unit": "℃",
      "type": "Int",
      "is_readonly": true,
      "slot": 2
    },
    "B组转接模设定值": {
      "address": "VW362",
      "value": 151,
      "unit": "℃",
      "type": "Int",
      "is_readonly": false,
      "slot": 2
    },
    "B组转接模实际值": {
      "address": "VW362",
      "value": 151,
      "unit": "℃",
      "type": "Int",
      "is_readonly": true,
      "slot": 2
    },
    "B组连接管设定值": {
      "address": "VW364",
      "value": 244,
      "unit": "℃",
      "type": "Int",
      "is_readonly": false,
      "slot": 2
    },
    "B组连接管实际值": {
      "address": "VW364",
      "value": 244,
      "unit": "℃",
      "type": "Int",
      "is_readonly": true,
      "slot": 2
    },
    "35A转速设定值": {
      "address": "VD508",
      "value": 0.0,
      "unit": "RPM",
      "type": "Real",
      "is_readonly": false,
      "slot": 2
    },
    "35A转速实际值": {
      "address": "VD532",
      "value": 0.0,
      "unit": "RPM",
      "type": "Real",
      "is_readonly": true,
      "slot": 2
    },
    "35A电流设定值": {
      "address": "VD2300",
      "value": 0.0,
      "unit": "%",
      "type": "Real",
      "is_readonly": false,
      "slot": 2
    },
    "35A电流实际值": {
      "address": "VD556",
      "value": 0.0,
      "unit": "A",
      "type": "Real",
      "is_readonly": true,
      "slot": 2
    },
    "35B转速设定值": {
      "address": "VD212",
      "value": 0.0,
      "unit": "RPM",
      "type": "Real",
      "is_readonly": false,
      "slot": 2
    },
    "35B转速实际值": {
      "address": "VD236",
      "value": 0.0,
      "unit": "RPM",
      "type": "Real",
      "is_readonly": true,
      "slot": 2
    },
    "35B电流设定值": {
      "address": "VD3308",
      "value": 0.0,
      "unit": "%",
      "type": "Real",
      "is_readonly": false,
      "slot": 2
    },
    "35B电流实际值": {
      "address": "VD264",
      "value": 0.0,
      "unit": "A",
      "type": "Real",
      "is_readonly": true,
      "slot": 2
    },
    "A组35机1区设定值": {
      "address": "VW116",
      "value": 145,
      "unit": "℃",
      "type": "Int",
      "is_readonly": false,
      "slot": 2
    },
    "A组35机1区实际值": {
      "address": "VW118",
      "value": 200,
      "unit": "℃",
      "type": "Int",
      "is_readonly": true,
      "slot": 2
    },
    "A组35机2区设定值": {
      "address": "VW316",
      "value": 145,
      "unit": "℃",
      "type": "Int",
      "is_readonly": false,
      "slot": 2
    },
    "A组35机2区实际值": {
      "address": "VW318",
      "value": 198,
      "unit": "℃",
      "type": "Int",
      "is_readonly": true,
      "slot": 2
    },
    "A组35机3区设定值": {
      "address": "VW368",
      "value": 195,
      "unit": "℃",
      "type": "Int",
      "is_readonly": false,
      "slot": 2
    },
    "A组35机3区实际值": {
      "address": "VW370",
      "value": 144,
      "unit": "℃",
      "type": "Int",
      "is_readonly": true,
      "slot": 2
    },
    "B组35机1区设定值": {
      "address": "VW118",
      "value": 200,
      "unit": "℃",
      "type": "Int",
      "is_readonly": false,
      "slot": 2
    },
    "B组35机1区实际值": {
      "address": "VW370",
      "value": 144,
      "unit": "℃",
      "type": "Int",
      "is_readonly": true,
      "slot": 2
    },
    "B组35机2区设定值": {
      "address": "VW120",
      "value": 155,
      "unit": "℃",
      "type": "Int",
      "is_readonly": false,
      "slot": 2
    },
    "B组35机2区实际值": {
      "address": "VW322",
      "value": 154,
      "unit": "℃",
      "type": "Int",
      "is_readonly": true,
      "slot": 2
    },
    "B组35机3区设定值": {
      "address": "VW112",
      "value": 150,
      "unit": "℃",
      "type": "Int",
      "is_readonly": false,
      "slot": 2
    },
    "B组35机3区实际值": {
      "address": "VW312",
      "value": 148,
      "unit": "℃",
      "type": "Int",
      "is_readonly": true,
      "slot": 2
    },
    "A组备用1设定值": {
      "address": "VW160",
      "value": 0,
      "unit": "℃",
      "type": "Int",
      "is_readonly": false,
      "slot": 2
    },
    "A组备用1实际值": {
      "address": "VW312",
      "value": 148,
      "unit": "℃",
      "type": "Int",
      "is_readonly": true,
      "slot": 2
    },
    "A组备用2设定值": {
      "address": "VW166",
      "value": 0,
      "unit": "℃",
      "type": "Int",
      "is_readonly": false,
      "slot": 2
    },
    "A组备用2实际值": {
      "address": "VW366",
      "value": 3276,
      "unit": "℃",
      "type": "Int",
      "is_readonly": true,
      "slot": 2
    },
    "B组备用1设定值": {
      "address": "VW156",
      "value": 0,
      "unit": "℃",
      "type": "Int",
      "is_readonly": false,
      "slot": 2
    },
    "B组备用1实际值": {
      "address": "VW356",
      "value": 3276,
      "unit": "℃",
      "type": "Int",
      "is_readonly": true,
      "slot": 2
    },
    "B组备用2设定值": {
      "address": "VW158",
      "value": 0,
      "unit": "℃",
      "type": "Int",
      "is_readonly": false,
      "slot": 2
    },
    "B组备用2实际值": {
      "address": "VW358",
      "value": 3276,
      "unit": "℃",
      "type": "Int",
      "is_readonly": true,
      "slot": 2
    },
    "25B调速故障": {
      "address": "V4550.7",
      "value": false,
      "unit": "",
      "type": "Bool",
      "is_readonly": true,
      "slot": 3
    },
    "25B料筒冷却风机故障": {
      "address": "V4550.4",
      "value": false,
      "unit": "",
      "type": "Bool",
      "is_readonly": false,
      "slot": 3
    },
    "25A调速故障": {
      "address": "V4551.4",
      "value": false,
      "unit": "",
      "type": "Bool",
      "is_readonly": true,
      "slot": 3
    },
    "25A料筒冷却风机故障": {
      "address": "V4550.6",
      "value": false,
      "unit": "",
      "type": "Bool",
      "is_readonly": true,
      "slot": 3
    },
    "25A过电流": {
      "address": "V4551.7",
      "value": false,
      "unit": "",
      "type": "Bool",
      "is_readonly": false,
      "slot": 3
    },
    "25B转速设定值": {
      "address": "VD212",
      "value": 0.0,
      "unit": "RPM",
      "type": "Real",
      "is_readonly": false,
      "slot": 3
    },
    "25B转速实际值": {
      "address": "VD532",
      "value": 0.0,
      "unit": "RPM",
      "type": "Real",
      "is_readonly": true,
      "slot": 3
    },
    "25B电流设定值": {
      "address": "VD2300",
      "value": 0.0,
      "unit": "%",
      "type": "Real",
      "is_readonly": false,
      "slot": 3
    },
    "25B电流实际值": {
      "address": "VD556",
      "value": 0.0,
      "unit": "A",
      "type": "Real",
      "is_readonly": true,
      "slot": 3
    },
    "25A转速设定值": {
      "address": "VD208",
      "value": 4.699997901916504,
      "unit": "RPM",
      "type": "Real",
      "is_readonly": false,
      "slot": 3
    },
    "25A转速实际值": {
      "address": "VD232",
      "value": 0.0,
      "unit": "RPM",
      "type": "Real",
      "is_readonly": true,
      "slot": 3
    },
    "25A电流设定值": {
      "address": "VD3300",
      "value": 0.0,
      "unit": "%",
      "type": "Real",
      "is_readonly": false,
      "slot": 3
    },
    "25A电流实际值": {
      "address": "VD256",
      "value": 0.0,
      "unit": "A",
      "type": "Real",
      "is_readonly": true,
      "slot": 3
    },
    "B组25机1区设定值": {
      "address": "VW102",
      "value": 145,
      "unit": "℃",
      "type": "Int",
      "is_readonly": false,
      "slot": 3
    },
    "B组25机1区实际值": {
      "address": "VW104",
      "value": 235,
      "unit": "℃",
      "type": "Int",
      "is_readonly": true,
      "slot": 3
    },
    "B组25机2区设定值": {
      "address": "VW104",
      "value": 235,
      "unit": "℃",
      "type": "Int",
      "is_readonly": false,
      "slot": 3
    },
    "B组25机2区实际值": {
      "address": "VW304",
      "value": 232,
      "unit": "℃",
      "type": "Int",
      "is_readonly": true,
      "slot": 3
    },
    "B组25机3区设定值": {
      "address": "VW106",
      "value": 235,
      "unit": "℃",
      "type": "Int",
      "is_readonly": false,
      "slot": 3
    },
    "B组25机3区实际值": {
      "address": "VW306",
      "value": 230,
      "unit": "℃",
      "type": "Int",
      "is_readonly": true,
      "slot": 3
    },
    "A组25机1区设定值": {
      "address": "VW108",
      "value": 145,
      "unit": "℃",
      "type": "Int",
      "is_readonly": false,
      "slot": 3
    },
    "A组25机1区实际值": {
      "address": "VW308",
      "value": 40,
      "unit": "℃",
      "type": "Int",
      "is_readonly": true,
      "slot": 3
    },
    "A组25机2区设定值": {
      "address": "VW116",
      "value": 170,
      "unit": "℃",
      "type": "Int",
      "is_readonly": false,
      "slot": 3
    },
    "A组25机2区实际值": {
      "address": "VW316",
      "value": 42,
      "unit": "℃",
      "type": "Int",
      "is_readonly": true,
      "slot": 3
    },
    "A组25机3区设定值": {
      "address": "VW118",
      "value": 170,
      "unit": "℃",
      "type": "Int",
      "is_readonly": false,
      "slot": 3
    },
    "A组25机3区实际值": {
      "address": "VW318",
      "value": 45,
      "unit": "℃",
      "type": "Int",
      "is_readonly": true,
      "slot": 3
    },
    "25B共挤备用1设定值": {
      "address": "VW130",
      "value": 0,
      "unit": "℃",
      "type": "Int",
      "is_readonly": false,
      "slot": 3
    },
    "25B共挤备用1实际值": {
      "address": "VW330",
      "value": 3276,
      "unit": "℃",
      "type": "Int",
      "is_readonly": true,
      "slot": 3
    },
    "25B共挤备用2设定值": {
      "address": "VW132",
      "value": 0,
      "unit": "℃",
      "type": "Int",
      "is_readonly": false,
      "slot": 3
    },
    "25B共挤备用2实际值": {
      "address": "VW332",
      "value": 3276,
      "unit": "℃",
      "type": "Int",
      "is_readonly": true,
      "slot": 3
    },
    "25A共挤备用1设定值": {
      "address": "VW134",
      "value": 0,
      "unit": "℃",
      "type": "Int",
      "is_readonly": false,
      "slot": 3
    },
    "25A共挤备用1实际值": {
      "address": "VW334",
      "value": 3276,
      "unit": "℃",
      "type": "Int",
      "is_readonly": true,
      "slot": 3
    },
    "25A共挤备用2设定值": {
      "address": "VW136",
      "value": 0,
      "unit": "℃",
      "type": "Int",
      "is_readonly": false,
      "slot": 3
    },
    "25A共挤备用2实际值": {
      "address": "VW336",
      "value": 3276,
      "unit": "℃",
      "type": "Int",
      "is_readonly": true,
      "slot": 3
    }
  }
}
------------------------------------------------------------
2026-05-09 15:33:31 | 创建 | 模板 | 用户ID:1
详情: 创建模板: ZJ21-29
------------------------------------------------------------
2026-05-09 15:33:32 | 创建 | 模板 | 用户ID:1
详情: 创建模板: ZJ21-29
------------------------------------------------------------
2026-05-09 15:33:49 | 读取PLC | 机台 | 用户ID:1
请求参数:
{
  "主机料温过低": {
    "address": "V4551.2",
    "value": false,
    "unit": "",
    "type": "Bool"
  },
  "主机料温过高": {
    "address": "V4551.1",
    "value": false,
    "unit": "",
    "type": "Bool"
  },
  "主机调速故障": {
    "address": "V4551.4",
    "value": false,
    "unit": "",
    "type": "Bool"
  },
  "主机过电流": {
    "address": "V4551.7",
    "value": false,
    "unit": "",
    "type": "Bool"
  },
  "主机料筒冷却风机故障": {
    "address": "V4550.4",
    "value": false,
    "unit": "",
    "type": "Bool"
  },
  "喂料调速器故障": {
    "address": "V4553.0",
    "value": false,
    "unit": "",
    "type": "Bool"
  },
  "喂料过电流": {
    "address": "V4553.1",
    "value": false,
    "unit": "",
    "type": "Bool"
  },
  "螺杆异位报警": {
    "address": "V4551.3",
    "value": false,
    "unit": "",
    "type": "Bool"
  },
  "主机急停未松开": {
    "address": "V4551.0",
    "value": false,
    "unit": "",
    "type": "Bool"
  },
  "35A调速故障": {
    "address": "V4550.1",
    "value": false,
    "unit": "",
    "type": "Bool"
  },
  "35A过电流": {
    "address": "V4550.7",
    "value": false,
    "unit": "",
    "type": "Bool"
  },
  "35A料筒冷却风机故障": {
    "address": "V4550.6",
    "value": false,
    "unit": "",
    "type": "Bool"
  },
  "35B调速故障": {
    "address": "V4550.5",
    "value": false,
    "unit": "",
    "type": "Bool"
  },
  "35B过电流": {
    "address": "V4550.0",
    "value": false,
    "unit": "",
    "type": "Bool"
  },
  "35B料筒冷却风机故障": {
    "address": "V4553.2",
    "value": false,
    "unit": "",
    "type": "Bool"
  },
  "主机转速设定值": {
    "address": "VD208",
    "value": 3.0,
    "unit": "RPM",
    "type": "Real"
  },
  "主机转速实际值": {
    "address": "VD232",
    "value": 0.0,
    "unit": "RPM",
    "type": "Real"
  },
  "主机电流负载占比": {
    "address": "VD3300",
    "value": 0.0,
    "unit": "%",
    "type": "Real"
  },
  "主机电流值": {
    "address": "VD256",
    "value": 0.0,
    "unit": "A",
    "type": "Real"
  },
  "喂料转速设定值": {
    "address": "VD32",
    "value": 6.000001907348633,
    "unit": "RPM",
    "type": "Real"
  },
  "喂料转速实际值": {
    "address": "VD244",
    "value": 0.0,
    "unit": "RPM",
    "type": "Real"
  },
  "喂料电流负载占比": {
    "address": "VD3304",
    "value": 0.0,
    "unit": "%",
    "type": "Real"
  },
  "喂料电流值": {
    "address": "VD260",
    "value": 0.0,
    "unit": "A",
    "type": "Real"
  },
  "65机筒1区设定值": {
    "address": "VW102",
    "value": 180,
    "unit": "℃",
    "type": "Int"
  },
  "65机筒1区实际值": {
    "address": "VW302",
    "value": 179,
    "unit": "℃",
    "type": "Int"
  },
  "65机筒2区设定值": {
    "address": "VW104",
    "value": 185,
    "unit": "℃",
    "type": "Int"
  },
  "65机筒2区实际值": {
    "address": "VW304",
    "value": 183,
    "unit": "℃",
    "type": "Int"
  },
  "65机筒3区设定值": {
    "address": "VW106",
    "value": 140,
    "unit": "℃",
    "type": "Int"
  },
  "65机筒3区实际值": {
    "address": "VW306",
    "value": 140,
    "unit": "℃",
    "type": "Int"
  },
  "65机筒4区设定值": {
    "address": "VW108",
    "value": 135,
    "unit": "℃",
    "type": "Int"
  },
  "65机筒4区实际值": {
    "address": "VW308",
    "value": 132,
    "unit": "℃",
    "type": "Int"
  },
  "65机合流芯设定值": {
    "address": "VW154",
    "value": 140,
    "unit": "℃",
    "type": "Int"
  },
  "65机合流芯实际值": {
    "address": "VW354",
    "value": 136,
    "unit": "℃",
    "type": "Int"
  },
  "芯层模具上设定值": {
    "address": "VW1130",
    "value": 135,
    "unit": "℃",
    "type": "Int"
  },
  "芯层模具上实际值": {
    "address": "VW330",
    "value": 142,
    "unit": "℃",
    "type": "Int"
  },
  "芯层模具下设定值": {
    "address": "VW1132",
    "value": 135,
    "unit": "℃",
    "type": "Int"
  },
  "芯层模具下实际值": {
    "address": "VW332",
    "value": 142,
    "unit": "℃",
    "type": "Int"
  },
  "芯层模具左设定值": {
    "address": "VW1134",
    "value": 130,
    "unit": "℃",
    "type": "Int"
  },
  "芯层模具左实际值": {
    "address": "VW334",
    "value": 137,
    "unit": "℃",
    "type": "Int"
  },
  "芯层模具右设定值": {
    "address": "VW1136",
    "value": 140,
    "unit": "℃",
    "type": "Int"
  },
  "芯层模具右实际值": {
    "address": "VW336",
    "value": 140,
    "unit": "℃",
    "type": "Int"
  },
  "外层模具上设定值": {
    "address": "VW1138",
    "value": 190,
    "unit": "℃",
    "type": "Int"
  },
  "外层模具上实际值": {
    "address": "VW338",
    "value": 191,
    "unit": "℃",
    "type": "Int"
  },
  "外层模具下设定值": {
    "address": "VW1140",
    "value": 180,
    "unit": "℃",
    "type": "Int"
  },
  "外层模具下实际值": {
    "address": "VW340",
    "value": 184,
    "unit": "℃",
    "type": "Int"
  },
  "外层模具左设定值": {
    "address": "VW1142",
    "value": 180,
    "unit": "℃",
    "type": "Int"
  },
  "外层模具左实际值": {
    "address": "VW342",
    "value": 180,
    "unit": "",
    "type": "Int"
  },
  "外层模具石设定值": {
    "address": "VW344",
    "value": 182,
    "unit": "℃",
    "type": "Int"
  },
  "外层模具石实际值": {
    "address": "VW344",
    "value": 182,
    "unit": "℃",
    "type": "Int"
  },
  "A组合流芯设定值": {
    "address": "VW346",
    "value": 195,
    "unit": "℃",
    "type": "Int"
  },
  "A组合流芯实际值": {
    "address": "VW346",
    "value": 195,
    "unit": "℃",
    "type": "Int"
  },
  "A组转接模设定值": {
    "address": "VW348",
    "value": 198,
    "unit": "℃",
    "type": "Int"
  },
  "A组转接模实际值": {
    "address": "VW348",
    "value": 198,
    "unit": "℃",
    "type": "Int"
  },
  "A组连接管设定值": {
    "address": "VW350",
    "value": 81,
    "unit": "℃",
    "type": "Int"
  },
  "A组连接管实际值": {
    "address": "VW350",
    "value": 81,
    "unit": "℃",
    "type": "Int"
  },
  "B组合流芯设定值": {
    "address": "VW352",
    "value": 155,
    "unit": "℃",
    "type": "Int"
  },
  "B组合流芯实际值": {
    "address": "VW352",
    "value": 155,
    "unit": "℃",
    "type": "Int"
  },
  "B组转接模设定值": {
    "address": "VW362",
    "value": 153,
    "unit": "℃",
    "type": "Int"
  },
  "B组转接模实际值": {
    "address": "VW362",
    "value": 153,
    "unit": "℃",
    "type": "Int"
  },
  "B组连接管设定值": {
    "address": "VW364",
    "value": 235,
    "unit": "℃",
    "type": "Int"
  },
  "B组连接管实际值": {
    "address": "VW364",
    "value": 235,
    "unit": "℃",
    "type": "Int"
  },
  "35A转速设定值": {
    "address": "VD508",
    "value": 0.0,
    "unit": "RPM",
    "type": "Real"
  },
  "35A转速实际值": {
    "address": "VD532",
    "value": 0.0,
    "unit": "RPM",
    "type": "Real"
  },
  "35A电流设定值": {
    "address": "VD2300",
    "value": 0.0,
    "unit": "%",
    "type": "Real"
  },
  "35A电流实际值": {
    "address": "VD556",
    "value": 0.0,
    "unit": "A",
    "type": "Real"
  },
  "35B转速设定值": {
    "address": "VD212",
    "value": 0.0,
    "unit": "RPM",
    "type": "Real"
  },
  "35B转速实际值": {
    "address": "VD236",
    "value": 0.0,
    "unit": "RPM",
    "type": "Real"
  },
  "35B电流设定值": {
    "address": "VD3308",
    "value": 0.0,
    "unit": "%",
    "type": "Real"
  },
  "35B电流实际值": {
    "address": "VD264",
    "value": 0.0,
    "unit": "A",
    "type": "Real"
  },
  "A组35机1区设定值": {
    "address": "VW116",
    "value": 145,
    "unit": "℃",
    "type": "Int"
  },
  "A组35机1区实际值": {
    "address": "VW118",
    "value": 200,
    "unit": "℃",
    "type": "Int"
  },
  "A组35机2区设定值": {
    "address": "VW316",
    "value": 144,
    "unit": "℃",
    "type": "Int"
  },
  "A组35机2区实际值": {
    "address": "VW318",
    "value": 198,
    "unit": "℃",
    "type": "Int"
  },
  "A组35机3区设定值": {
    "address": "VW368",
    "value": 196,
    "unit": "℃",
    "type": "Int"
  },
  "A组35机3区实际值": {
    "address": "VW370",
    "value": 143,
    "unit": "℃",
    "type": "Int"
  },
  "B组35机1区设定值": {
    "address": "VW118",
    "value": 200,
    "unit": "℃",
    "type": "Int"
  },
  "B组35机1区实际值": {
    "address": "VW370",
    "value": 143,
    "unit": "℃",
    "type": "Int"
  },
  "B组35机2区设定值": {
    "address": "VW120",
    "value": 155,
    "unit": "℃",
    "type": "Int"
  },
  "B组35机2区实际值": {
    "address": "VW322",
    "value": 155,
    "unit": "℃",
    "type": "Int"
  },
  "B组35机3区设定值": {
    "address": "VW112",
    "value": 150,
    "unit": "℃",
    "type": "Int"
  },
  "B组35机3区实际值": {
    "address": "VW312",
    "value": 148,
    "unit": "℃",
    "type": "Int"
  },
  "A组备用1设定值": {
    "address": "VW160",
    "value": 0,
    "unit": "℃",
    "type": "Int"
  },
  "A组备用1实际值": {
    "address": "VW312",
    "value": 148,
    "unit": "℃",
    "type": "Int"
  },
  "A组备用2设定值": {
    "address": "VW166",
    "value": 0,
    "unit": "℃",
    "type": "Int"
  },
  "A组备用2实际值": {
    "address": "VW366",
    "value": 3276,
    "unit": "℃",
    "type": "Int"
  },
  "B组备用1设定值": {
    "address": "VW156",
    "value": 0,
    "unit": "℃",
    "type": "Int"
  },
  "B组备用1实际值": {
    "address": "VW356",
    "value": 3276,
    "unit": "℃",
    "type": "Int"
  },
  "B组备用2设定值": {
    "address": "VW158",
    "value": 0,
    "unit": "℃",
    "type": "Int"
  },
  "B组备用2实际值": {
    "address": "VW358",
    "value": 3276,
    "unit": "℃",
    "type": "Int"
  },
  "25B调速故障": {
    "address": "V4550.7",
    "value": false,
    "unit": "",
    "type": "Bool"
  },
  "25B料筒冷却风机故障": {
    "address": "V4550.4",
    "value": false,
    "unit": "",
    "type": "Bool"
  },
  "25A调速故障": {
    "address": "V4551.4",
    "value": false,
    "unit": "",
    "type": "Bool"
  },
  "25A料筒冷却风机故障": {
    "address": "V4550.6",
    "value": false,
    "unit": "",
    "type": "Bool"
  },
  "25A过电流": {
    "address": "V4551.7",
    "value": false,
    "unit": "",
    "type": "Bool"
  },
  "25B转速设定值": {
    "address": "VD212",
    "value": 0.0,
    "unit": "RPM",
    "type": "Real"
  },
  "25B转速实际值": {
    "address": "VD532",
    "value": 0.0,
    "unit": "RPM",
    "type": "Real"
  },
  "25B电流设定值": {
    "address": "VD2300",
    "value": 0.0,
    "unit": "%",
    "type": "Real"
  },
  "25B电流实际值": {
    "address": "VD556",
    "value": 0.0,
    "unit": "A",
    "type": "Real"
  },
  "25A转速设定值": {
    "address": "VD208",
    "value": 4.699997901916504,
    "unit": "RPM",
    "type": "Real"
  },
  "25A转速实际值": {
    "address": "VD232",
    "value": 0.0,
    "unit": "RPM",
    "type": "Real"
  },
  "25A电流设定值": {
    "address": "VD3300",
    "value": 0.0,
    "unit": "%",
    "type": "Real"
  },
  "25A电流实际值": {
    "address": "VD256",
    "value": 0.0,
    "unit": "A",
    "type": "Real"
  },
  "B组25机1区设定值": {
    "address": "VW102",
    "value": 145,
    "unit": "℃",
    "type": "Int"
  },
  "B组25机1区实际值": {
    "address": "VW104",
    "value": 235,
    "unit": "℃",
    "type": "Int"
  },
  "B组25机2区设定值": {
    "address": "VW104",
    "value": 235,
    "unit": "℃",
    "type": "Int"
  },
  "B组25机2区实际值": {
    "address": "VW304",
    "value": 232,
    "unit": "℃",
    "type": "Int"
  },
  "B组25机3区设定值": {
    "address": "VW106",
    "value": 235,
    "unit": "℃",
    "type": "Int"
  },
  "B组25机3区实际值": {
    "address": "VW306",
    "value": 230,
    "unit": "℃",
    "type": "Int"
  },
  "A组25机1区设定值": {
    "address": "VW108",
    "value": 145,
    "unit": "℃",
    "type": "Int"
  },
  "A组25机1区实际值": {
    "address": "VW308",
    "value": 40,
    "unit": "℃",
    "type": "Int"
  },
  "A组25机2区设定值": {
    "address": "VW116",
    "value": 170,
    "unit": "℃",
    "type": "Int"
  },
  "A组25机2区实际值": {
    "address": "VW316",
    "value": 42,
    "unit": "℃",
    "type": "Int"
  },
  "A组25机3区设定值": {
    "address": "VW118",
    "value": 170,
    "unit": "℃",
    "type": "Int"
  },
  "A组25机3区实际值": {
    "address": "VW318",
    "value": 44,
    "unit": "℃",
    "type": "Int"
  },
  "25B共挤备用1设定值": {
    "address": "VW130",
    "value": 0,
    "unit": "℃",
    "type": "Int"
  },
  "25B共挤备用1实际值": {
    "address": "VW330",
    "value": 3276,
    "unit": "℃",
    "type": "Int"
  },
  "25B共挤备用2设定值": {
    "address": "VW132",
    "value": 0,
    "unit": "℃",
    "type": "Int"
  },
  "25B共挤备用2实际值": {
    "address": "VW332",
    "value": 3276,
    "unit": "℃",
    "type": "Int"
  },
  "25A共挤备用1设定值": {
    "address": "VW134",
    "value": 0,
    "unit": "℃",
    "type": "Int"
  },
  "25A共挤备用1实际值": {
    "address": "VW334",
    "value": 3276,
    "unit": "℃",
    "type": "Int"
  },
  "25A共挤备用2设定值": {
    "address": "VW136",
    "value": 0,
    "unit": "℃",
    "type": "Int"
  },
  "25A共挤备用2实际值": {
    "address": "VW336",
    "value": 3276,
    "unit": "℃",
    "type": "Int"
  }
}
详情: 机台: 默认挤出机 (ID: 1), 参数数量: 122
返回结果:
{
  "machine": {
    "id": 1,
    "name": "默认挤出机"
  },
  "parameters": {
    "主机料温过低": {
      "address": "V4551.2",
      "value": false,
      "unit": "",
      "type": "Bool",
      "is_readonly": true,
      "slot": 2
    },
    "主机料温过高": {
      "address": "V4551.1",
      "value": false,
      "unit": "",
      "type": "Bool",
      "is_readonly": true,
      "slot": 2
    },
    "主机调速故障": {
      "address": "V4551.4",
      "value": false,
      "unit": "",
      "type": "Bool",
      "is_readonly": true,
      "slot": 2
    },
    "主机过电流": {
      "address": "V4551.7",
      "value": false,
      "unit": "",
      "type": "Bool",
      "is_readonly": true,
      "slot": 2
    },
    "主机料筒冷却风机故障": {
      "address": "V4550.4",
      "value": false,
      "unit": "",
      "type": "Bool",
      "is_readonly": true,
      "slot": 2
    },
    "喂料调速器故障": {
      "address": "V4553.0",
      "value": false,
      "unit": "",
      "type": "Bool",
      "is_readonly": true,
      "slot": 2
    },
    "喂料过电流": {
      "address": "V4553.1",
      "value": false,
      "unit": "",
      "type": "Bool",
      "is_readonly": true,
      "slot": 2
    },
    "螺杆异位报警": {
      "address": "V4551.3",
      "value": false,
      "unit": "",
      "type": "Bool",
      "is_readonly": true,
      "slot": 2
    },
    "主机急停未松开": {
      "address": "V4551.0",
      "value": false,
      "unit": "",
      "type": "Bool",
      "is_readonly": true,
      "slot": 2
    },
    "35A调速故障": {
      "address": "V4550.1",
      "value": false,
      "unit": "",
      "type": "Bool",
      "is_readonly": true,
      "slot": 2
    },
    "35A过电流": {
      "address": "V4550.7",
      "value": false,
      "unit": "",
      "type": "Bool",
      "is_readonly": true,
      "slot": 2
    },
    "35A料筒冷却风机故障": {
      "address": "V4550.6",
      "value": false,
      "unit": "",
      "type": "Bool",
      "is_readonly": true,
      "slot": 2
    },
    "35B调速故障": {
      "address": "V4550.5",
      "value": false,
      "unit": "",
      "type": "Bool",
      "is_readonly": true,
      "slot": 2
    },
    "35B过电流": {
      "address": "V4550.0",
      "value": false,
      "unit": "",
      "type": "Bool",
      "is_readonly": true,
      "slot": 2
    },
    "35B料筒冷却风机故障": {
      "address": "V4553.2",
      "value": false,
      "unit": "",
      "type": "Bool",
      "is_readonly": true,
      "slot": 2
    },
    "主机转速设定值": {
      "address": "VD208",
      "value": 3.0,
      "unit": "RPM",
      "type": "Real",
      "is_readonly": false,
      "slot": 2
    },
    "主机转速实际值": {
      "address": "VD232",
      "value": 0.0,
      "unit": "RPM",
      "type": "Real",
      "is_readonly": true,
      "slot": 2
    },
    "主机电流负载占比": {
      "address": "VD3300",
      "value": 0.0,
      "unit": "%",
      "type": "Real",
      "is_readonly": true,
      "slot": 2
    },
    "主机电流值": {
      "address": "VD256",
      "value": 0.0,
      "unit": "A",
      "type": "Real",
      "is_readonly": true,
      "slot": 2
    },
    "喂料转速设定值": {
      "address": "VD32",
      "value": 6.000001907348633,
      "unit": "RPM",
      "type": "Real",
      "is_readonly": false,
      "slot": 2
    },
    "喂料转速实际值": {
      "address": "VD244",
      "value": 0.0,
      "unit": "RPM",
      "type": "Real",
      "is_readonly": true,
      "slot": 2
    },
    "喂料电流负载占比": {
      "address": "VD3304",
      "value": 0.0,
      "unit": "%",
      "type": "Real",
      "is_readonly": true,
      "slot": 2
    },
    "喂料电流值": {
      "address": "VD260",
      "value": 0.0,
      "unit": "A",
      "type": "Real",
      "is_readonly": true,
      "slot": 2
    },
    "65机筒1区设定值": {
      "address": "VW102",
      "value": 180,
      "unit": "℃",
      "type": "Int",
      "is_readonly": false,
      "slot": 2
    },
    "65机筒1区实际值": {
      "address": "VW302",
      "value": 179,
      "unit": "℃",
      "type": "Int",
      "is_readonly": true,
      "slot": 2
    },
    "65机筒2区设定值": {
      "address": "VW104",
      "value": 185,
      "unit": "℃",
      "type": "Int",
      "is_readonly": false,
      "slot": 2
    },
    "65机筒2区实际值": {
      "address": "VW304",
      "value": 183,
      "unit": "℃",
      "type": "Int",
      "is_readonly": true,
      "slot": 2
    },
    "65机筒3区设定值": {
      "address": "VW106",
      "value": 140,
      "unit": "℃",
      "type": "Int",
      "is_readonly": false,
      "slot": 2
    },
    "65机筒3区实际值": {
      "address": "VW306",
      "value": 140,
      "unit": "℃",
      "type": "Int",
      "is_readonly": true,
      "slot": 2
    },
    "65机筒4区设定值": {
      "address": "VW108",
      "value": 135,
      "unit": "℃",
      "type": "Int",
      "is_readonly": false,
      "slot": 2
    },
    "65机筒4区实际值": {
      "address": "VW308",
      "value": 132,
      "unit": "℃",
      "type": "Int",
      "is_readonly": true,
      "slot": 2
    },
    "65机合流芯设定值": {
      "address": "VW154",
      "value": 140,
      "unit": "℃",
      "type": "Int",
      "is_readonly": false,
      "slot": 2
    },
    "65机合流芯实际值": {
      "address": "VW354",
      "value": 136,
      "unit": "℃",
      "type": "Int",
      "is_readonly": true,
      "slot": 2
    },
    "芯层模具上设定值": {
      "address": "VW1130",
      "value": 135,
      "unit": "℃",
      "type": "Int",
      "is_readonly": false,
      "slot": 2
    },
    "芯层模具上实际值": {
      "address": "VW330",
      "value": 142,
      "unit": "℃",
      "type": "Int",
      "is_readonly": true,
      "slot": 2
    },
    "芯层模具下设定值": {
      "address": "VW1132",
      "value": 135,
      "unit": "℃",
      "type": "Int",
      "is_readonly": false,
      "slot": 2
    },
    "芯层模具下实际值": {
      "address": "VW332",
      "value": 142,
      "unit": "℃",
      "type": "Int",
      "is_readonly": true,
      "slot": 2
    },
    "芯层模具左设定值": {
      "address": "VW1134",
      "value": 130,
      "unit": "℃",
      "type": "Int",
      "is_readonly": false,
      "slot": 2
    },
    "芯层模具左实际值": {
      "address": "VW334",
      "value": 137,
      "unit": "℃",
      "type": "Int",
      "is_readonly": true,
      "slot": 2
    },
    "芯层模具右设定值": {
      "address": "VW1136",
      "value": 140,
      "unit": "℃",
      "type": "Int",
      "is_readonly": false,
      "slot": 2
    },
    "芯层模具右实际值": {
      "address": "VW336",
      "value": 140,
      "unit": "℃",
      "type": "Int",
      "is_readonly": true,
      "slot": 2
    },
    "外层模具上设定值": {
      "address": "VW1138",
      "value": 190,
      "unit": "℃",
      "type": "Int",
      "is_readonly": false,
      "slot": 2
    },
    "外层模具上实际值": {
      "address": "VW338",
      "value": 191,
      "unit": "℃",
      "type": "Int",
      "is_readonly": true,
      "slot": 2
    },
    "外层模具下设定值": {
      "address": "VW1140",
      "value": 180,
      "unit": "℃",
      "type": "Int",
      "is_readonly": false,
      "slot": 2
    },
    "外层模具下实际值": {
      "address": "VW340",
      "value": 184,
      "unit": "℃",
      "type": "Int",
      "is_readonly": true,
      "slot": 2
    },
    "外层模具左设定值": {
      "address": "VW1142",
      "value": 180,
      "unit": "℃",
      "type": "Int",
      "is_readonly": false,
      "slot": 2
    },
    "外层模具左实际值": {
      "address": "VW342",
      "value": 180,
      "unit": "",
      "type": "Int",
      "is_readonly": true,
      "slot": 2
    },
    "外层模具石设定值": {
      "address": "VW344",
      "value": 182,
      "unit": "℃",
      "type": "Int",
      "is_readonly": false,
      "slot": 2
    },
    "外层模具石实际值": {
      "address": "VW344",
      "value": 182,
      "unit": "℃",
      "type": "Int",
      "is_readonly": true,
      "slot": 2
    },
    "A组合流芯设定值": {
      "address": "VW346",
      "value": 195,
      "unit": "℃",
      "type": "Int",
      "is_readonly": false,
      "slot": 2
    },
    "A组合流芯实际值": {
      "address": "VW346",
      "value": 195,
      "unit": "℃",
      "type": "Int",
      "is_readonly": true,
      "slot": 2
    },
    "A组转接模设定值": {
      "address": "VW348",
      "value": 198,
      "unit": "℃",
      "type": "Int",
      "is_readonly": false,
      "slot": 2
    },
    "A组转接模实际值": {
      "address": "VW348",
      "value": 198,
      "unit": "℃",
      "type": "Int",
      "is_readonly": true,
      "slot": 2
    },
    "A组连接管设定值": {
      "address": "VW350",
      "value": 81,
      "unit": "℃",
      "type": "Int",
      "is_readonly": false,
      "slot": 2
    },
    "A组连接管实际值": {
      "address": "VW350",
      "value": 81,
      "unit": "℃",
      "type": "Int",
      "is_readonly": true,
      "slot": 2
    },
    "B组合流芯设定值": {
      "address": "VW352",
      "value": 155,
      "unit": "℃",
      "type": "Int",
      "is_readonly": false,
      "slot": 2
    },
    "B组合流芯实际值": {
      "address": "VW352",
      "value": 155,
      "unit": "℃",
      "type": "Int",
      "is_readonly": true,
      "slot": 2
    },
    "B组转接模设定值": {
      "address": "VW362",
      "value": 153,
      "unit": "℃",
      "type": "Int",
      "is_readonly": false,
      "slot": 2
    },
    "B组转接模实际值": {
      "address": "VW362",
      "value": 153,
      "unit": "℃",
      "type": "Int",
      "is_readonly": true,
      "slot": 2
    },
    "B组连接管设定值": {
      "address": "VW364",
      "value": 235,
      "unit": "℃",
      "type": "Int",
      "is_readonly": false,
      "slot": 2
    },
    "B组连接管实际值": {
      "address": "VW364",
      "value": 235,
      "unit": "℃",
      "type": "Int",
      "is_readonly": true,
      "slot": 2
    },
    "35A转速设定值": {
      "address": "VD508",
      "value": 0.0,
      "unit": "RPM",
      "type": "Real",
      "is_readonly": false,
      "slot": 2
    },
    "35A转速实际值": {
      "address": "VD532",
      "value": 0.0,
      "unit": "RPM",
      "type": "Real",
      "is_readonly": true,
      "slot": 2
    },
    "35A电流设定值": {
      "address": "VD2300",
      "value": 0.0,
      "unit": "%",
      "type": "Real",
      "is_readonly": false,
      "slot": 2
    },
    "35A电流实际值": {
      "address": "VD556",
      "value": 0.0,
      "unit": "A",
      "type": "Real",
      "is_readonly": true,
      "slot": 2
    },
    "35B转速设定值": {
      "address": "VD212",
      "value": 0.0,
      "unit": "RPM",
      "type": "Real",
      "is_readonly": false,
      "slot": 2
    },
    "35B转速实际值": {
      "address": "VD236",
      "value": 0.0,
      "unit": "RPM",
      "type": "Real",
      "is_readonly": true,
      "slot": 2
    },
    "35B电流设定值": {
      "address": "VD3308",
      "value": 0.0,
      "unit": "%",
      "type": "Real",
      "is_readonly": false,
      "slot": 2
    },
    "35B电流实际值": {
      "address": "VD264",
      "value": 0.0,
      "unit": "A",
      "type": "Real",
      "is_readonly": true,
      "slot": 2
    },
    "A组35机1区设定值": {
      "address": "VW116",
      "value": 145,
      "unit": "℃",
      "type": "Int",
      "is_readonly": false,
      "slot": 2
    },
    "A组35机1区实际值": {
      "address": "VW118",
      "value": 200,
      "unit": "℃",
      "type": "Int",
      "is_readonly": true,
      "slot": 2
    },
    "A组35机2区设定值": {
      "address": "VW316",
      "value": 144,
      "unit": "℃",
      "type": "Int",
      "is_readonly": false,
      "slot": 2
    },
    "A组35机2区实际值": {
      "address": "VW318",
      "value": 198,
      "unit": "℃",
      "type": "Int",
      "is_readonly": true,
      "slot": 2
    },
    "A组35机3区设定值": {
      "address": "VW368",
      "value": 196,
      "unit": "℃",
      "type": "Int",
      "is_readonly": false,
      "slot": 2
    },
    "A组35机3区实际值": {
      "address": "VW370",
      "value": 143,
      "unit": "℃",
      "type": "Int",
      "is_readonly": true,
      "slot": 2
    },
    "B组35机1区设定值": {
      "address": "VW118",
      "value": 200,
      "unit": "℃",
      "type": "Int",
      "is_readonly": false,
      "slot": 2
    },
    "B组35机1区实际值": {
      "address": "VW370",
      "value": 143,
      "unit": "℃",
      "type": "Int",
      "is_readonly": true,
      "slot": 2
    },
    "B组35机2区设定值": {
      "address": "VW120",
      "value": 155,
      "unit": "℃",
      "type": "Int",
      "is_readonly": false,
      "slot": 2
    },
    "B组35机2区实际值": {
      "address": "VW322",
      "value": 155,
      "unit": "℃",
      "type": "Int",
      "is_readonly": true,
      "slot": 2
    },
    "B组35机3区设定值": {
      "address": "VW112",
      "value": 150,
      "unit": "℃",
      "type": "Int",
      "is_readonly": false,
      "slot": 2
    },
    "B组35机3区实际值": {
      "address": "VW312",
      "value": 148,
      "unit": "℃",
      "type": "Int",
      "is_readonly": true,
      "slot": 2
    },
    "A组备用1设定值": {
      "address": "VW160",
      "value": 0,
      "unit": "℃",
      "type": "Int",
      "is_readonly": false,
      "slot": 2
    },
    "A组备用1实际值": {
      "address": "VW312",
      "value": 148,
      "unit": "℃",
      "type": "Int",
      "is_readonly": true,
      "slot": 2
    },
    "A组备用2设定值": {
      "address": "VW166",
      "value": 0,
      "unit": "℃",
      "type": "Int",
      "is_readonly": false,
      "slot": 2
    },
    "A组备用2实际值": {
      "address": "VW366",
      "value": 3276,
      "unit": "℃",
      "type": "Int",
      "is_readonly": true,
      "slot": 2
    },
    "B组备用1设定值": {
      "address": "VW156",
      "value": 0,
      "unit": "℃",
      "type": "Int",
      "is_readonly": false,
      "slot": 2
    },
    "B组备用1实际值": {
      "address": "VW356",
      "value": 3276,
      "unit": "℃",
      "type": "Int",
      "is_readonly": true,
      "slot": 2
    },
    "B组备用2设定值": {
      "address": "VW158",
      "value": 0,
      "unit": "℃",
      "type": "Int",
      "is_readonly": false,
      "slot": 2
    },
    "B组备用2实际值": {
      "address": "VW358",
      "value": 3276,
      "unit": "℃",
      "type": "Int",
      "is_readonly": true,
      "slot": 2
    },
    "25B调速故障": {
      "address": "V4550.7",
      "value": false,
      "unit": "",
      "type": "Bool",
      "is_readonly": true,
      "slot": 3
    },
    "25B料筒冷却风机故障": {
      "address": "V4550.4",
      "value": false,
      "unit": "",
      "type": "Bool",
      "is_readonly": false,
      "slot": 3
    },
    "25A调速故障": {
      "address": "V4551.4",
      "value": false,
      "unit": "",
      "type": "Bool",
      "is_readonly": true,
      "slot": 3
    },
    "25A料筒冷却风机故障": {
      "address": "V4550.6",
      "value": false,
      "unit": "",
      "type": "Bool",
      "is_readonly": true,
      "slot": 3
    },
    "25A过电流": {
      "address": "V4551.7",
      "value": false,
      "unit": "",
      "type": "Bool",
      "is_readonly": false,
      "slot": 3
    },
    "25B转速设定值": {
      "address": "VD212",
      "value": 0.0,
      "unit": "RPM",
      "type": "Real",
      "is_readonly": false,
      "slot": 3
    },
    "25B转速实际值": {
      "address": "VD532",
      "value": 0.0,
      "unit": "RPM",
      "type": "Real",
      "is_readonly": true,
      "slot": 3
    },
    "25B电流设定值": {
      "address": "VD2300",
      "value": 0.0,
      "unit": "%",
      "type": "Real",
      "is_readonly": false,
      "slot": 3
    },
    "25B电流实际值": {
      "address": "VD556",
      "value": 0.0,
      "unit": "A",
      "type": "Real",
      "is_readonly": true,
      "slot": 3
    },
    "25A转速设定值": {
      "address": "VD208",
      "value": 4.699997901916504,
      "unit": "RPM",
      "type": "Real",
      "is_readonly": false,
      "slot": 3
    },
    "25A转速实际值": {
      "address": "VD232",
      "value": 0.0,
      "unit": "RPM",
      "type": "Real",
      "is_readonly": true,
      "slot": 3
    },
    "25A电流设定值": {
      "address": "VD3300",
      "value": 0.0,
      "unit": "%",
      "type": "Real",
      "is_readonly": false,
      "slot": 3
    },
    "25A电流实际值": {
      "address": "VD256",
      "value": 0.0,
      "unit": "A",
      "type": "Real",
      "is_readonly": true,
      "slot": 3
    },
    "B组25机1区设定值": {
      "address": "VW102",
      "value": 145,
      "unit": "℃",
      "type": "Int",
      "is_readonly": false,
      "slot": 3
    },
    "B组25机1区实际值": {
      "address": "VW104",
      "value": 235,
      "unit": "℃",
      "type": "Int",
      "is_readonly": true,
      "slot": 3
    },
    "B组25机2区设定值": {
      "address": "VW104",
      "value": 235,
      "unit": "℃",
      "type": "Int",
      "is_readonly": false,
      "slot": 3
    },
    "B组25机2区实际值": {
      "address": "VW304",
      "value": 232,
      "unit": "℃",
      "type": "Int",
      "is_readonly": true,
      "slot": 3
    },
    "B组25机3区设定值": {
      "address": "VW106",
      "value": 235,
      "unit": "℃",
      "type": "Int",
      "is_readonly": false,
      "slot": 3
    },
    "B组25机3区实际值": {
      "address": "VW306",
      "value": 230,
      "unit": "℃",
      "type": "Int",
      "is_readonly": true,
      "slot": 3
    },
    "A组25机1区设定值": {
      "address": "VW108",
      "value": 145,
      "unit": "℃",
      "type": "Int",
      "is_readonly": false,
      "slot": 3
    },
    "A组25机1区实际值": {
      "address": "VW308",
      "value": 40,
      "unit": "℃",
      "type": "Int",
      "is_readonly": true,
      "slot": 3
    },
    "A组25机2区设定值": {
      "address": "VW116",
      "value": 170,
      "unit": "℃",
      "type": "Int",
      "is_readonly": false,
      "slot": 3
    },
    "A组25机2区实际值": {
      "address": "VW316",
      "value": 42,
      "unit": "℃",
      "type": "Int",
      "is_readonly": true,
      "slot": 3
    },
    "A组25机3区设定值": {
      "address": "VW118",
      "value": 170,
      "unit": "℃",
      "type": "Int",
      "is_readonly": false,
      "slot": 3
    },
    "A组25机3区实际值": {
      "address": "VW318",
      "value": 44,
      "unit": "℃",
      "type": "Int",
      "is_readonly": true,
      "slot": 3
    },
    "25B共挤备用1设定值": {
      "address": "VW130",
      "value": 0,
      "unit": "℃",
      "type": "Int",
      "is_readonly": false,
      "slot": 3
    },
    "25B共挤备用1实际值": {
      "address": "VW330",
      "value": 3276,
      "unit": "℃",
      "type": "Int",
      "is_readonly": true,
      "slot": 3
    },
    "25B共挤备用2设定值": {
      "address": "VW132",
      "value": 0,
      "unit": "℃",
      "type": "Int",
      "is_readonly": false,
      "slot": 3
    },
    "25B共挤备用2实际值": {
      "address": "VW332",
      "value": 3276,
      "unit": "℃",
      "type": "Int",
      "is_readonly": true,
      "slot": 3
    },
    "25A共挤备用1设定值": {
      "address": "VW134",
      "value": 0,
      "unit": "℃",
      "type": "Int",
      "is_readonly": false,
      "slot": 3
    },
    "25A共挤备用1实际值": {
      "address": "VW334",
      "value": 3276,
      "unit": "℃",
      "type": "Int",
      "is_readonly": true,
      "slot": 3
    },
    "25A共挤备用2设定值": {
      "address": "VW136",
      "value": 0,
      "unit": "℃",
      "type": "Int",
      "is_readonly": false,
      "slot": 3
    },
    "25A共挤备用2实际值": {
      "address": "VW336",
      "value": 3276,
      "unit": "℃",
      "type": "Int",
      "is_readonly": true,
      "slot": 3
    }
  }
}
------------------------------------------------------------
2026-05-09 15:36:40 | 读取PLC | 机台 | 用户ID:1
请求参数:
{
  "主机料温过低": {
    "address": "V4551.2",
    "value": false,
    "unit": "",
    "type": "Bool"
  },
  "主机料温过高": {
    "address": "V4551.1",
    "value": false,
    "unit": "",
    "type": "Bool"
  },
  "主机调速故障": {
    "address": "V4551.4",
    "value": false,
    "unit": "",
    "type": "Bool"
  },
  "主机过电流": {
    "address": "V4551.7",
    "value": false,
    "unit": "",
    "type": "Bool"
  },
  "主机料筒冷却风机故障": {
    "address": "V4550.4",
    "value": false,
    "unit": "",
    "type": "Bool"
  },
  "喂料调速器故障": {
    "address": "V4553.0",
    "value": false,
    "unit": "",
    "type": "Bool"
  },
  "喂料过电流": {
    "address": "V4553.1",
    "value": false,
    "unit": "",
    "type": "Bool"
  },
  "螺杆异位报警": {
    "address": "V4551.3",
    "value": false,
    "unit": "",
    "type": "Bool"
  },
  "主机急停未松开": {
    "address": "V4551.0",
    "value": false,
    "unit": "",
    "type": "Bool"
  },
  "35A调速故障": {
    "address": "V4550.1",
    "value": false,
    "unit": "",
    "type": "Bool"
  },
  "35A过电流": {
    "address": "V4550.7",
    "value": false,
    "unit": "",
    "type": "Bool"
  },
  "35A料筒冷却风机故障": {
    "address": "V4550.6",
    "value": false,
    "unit": "",
    "type": "Bool"
  },
  "35B调速故障": {
    "address": "V4550.5",
    "value": false,
    "unit": "",
    "type": "Bool"
  },
  "35B过电流": {
    "address": "V4550.0",
    "value": false,
    "unit": "",
    "type": "Bool"
  },
  "35B料筒冷却风机故障": {
    "address": "V4553.2",
    "value": false,
    "unit": "",
    "type": "Bool"
  },
  "主机转速设定值": {
    "address": "VD208",
    "value": 3.0,
    "unit": "RPM",
    "type": "Real"
  },
  "主机转速实际值": {
    "address": "VD232",
    "value": 0.0,
    "unit": "RPM",
    "type": "Real"
  },
  "主机电流负载占比": {
    "address": "VD3300",
    "value": 0.0,
    "unit": "%",
    "type": "Real"
  },
  "主机电流值": {
    "address": "VD256",
    "value": 0.0,
    "unit": "A",
    "type": "Real"
  },
  "喂料转速设定值": {
    "address": "VD32",
    "value": 6.000001907348633,
    "unit": "RPM",
    "type": "Real"
  },
  "喂料转速实际值": {
    "address": "VD244",
    "value": 0.0,
    "unit": "RPM",
    "type": "Real"
  },
  "喂料电流负载占比": {
    "address": "VD3304",
    "value": 0.0,
    "unit": "%",
    "type": "Real"
  },
  "喂料电流值": {
    "address": "VD260",
    "value": 0.0,
    "unit": "A",
    "type": "Real"
  },
  "65机筒1区设定值": {
    "address": "VW102",
    "value": 180,
    "unit": "℃",
    "type": "Int"
  },
  "65机筒1区实际值": {
    "address": "VW302",
    "value": 179,
    "unit": "℃",
    "type": "Int"
  },
  "65机筒2区设定值": {
    "address": "VW104",
    "value": 185,
    "unit": "℃",
    "type": "Int"
  },
  "65机筒2区实际值": {
    "address": "VW304",
    "value": 183,
    "unit": "℃",
    "type": "Int"
  },
  "65机筒3区设定值": {
    "address": "VW106",
    "value": 140,
    "unit": "℃",
    "type": "Int"
  },
  "65机筒3区实际值": {
    "address": "VW306",
    "value": 137,
    "unit": "℃",
    "type": "Int"
  },
  "65机筒4区设定值": {
    "address": "VW108",
    "value": 135,
    "unit": "℃",
    "type": "Int"
  },
  "65机筒4区实际值": {
    "address": "VW308",
    "value": 136,
    "unit": "℃",
    "type": "Int"
  },
  "65机合流芯设定值": {
    "address": "VW154",
    "value": 140,
    "unit": "℃",
    "type": "Int"
  },
  "65机合流芯实际值": {
    "address": "VW354",
    "value": 136,
    "unit": "℃",
    "type": "Int"
  },
  "芯层模具上设定值": {
    "address": "VW1130",
    "value": 135,
    "unit": "℃",
    "type": "Int"
  },
  "芯层模具上实际值": {
    "address": "VW330",
    "value": 141,
    "unit": "℃",
    "type": "Int"
  },
  "芯层模具下设定值": {
    "address": "VW1132",
    "value": 135,
    "unit": "℃",
    "type": "Int"
  },
  "芯层模具下实际值": {
    "address": "VW332",
    "value": 142,
    "unit": "℃",
    "type": "Int"
  },
  "芯层模具左设定值": {
    "address": "VW1134",
    "value": 130,
    "unit": "℃",
    "type": "Int"
  },
  "芯层模具左实际值": {
    "address": "VW334",
    "value": 137,
    "unit": "℃",
    "type": "Int"
  },
  "芯层模具右设定值": {
    "address": "VW1136",
    "value": 140,
    "unit": "℃",
    "type": "Int"
  },
  "芯层模具右实际值": {
    "address": "VW336",
    "value": 139,
    "unit": "℃",
    "type": "Int"
  },
  "外层模具上设定值": {
    "address": "VW1138",
    "value": 190,
    "unit": "℃",
    "type": "Int"
  },
  "外层模具上实际值": {
    "address": "VW338",
    "value": 193,
    "unit": "℃",
    "type": "Int"
  },
  "外层模具下设定值": {
    "address": "VW1140",
    "value": 180,
    "unit": "℃",
    "type": "Int"
  },
  "外层模具下实际值": {
    "address": "VW340",
    "value": 182,
    "unit": "℃",
    "type": "Int"
  },
  "外层模具左设定值": {
    "address": "VW1142",
    "value": 180,
    "unit": "℃",
    "type": "Int"
  },
  "外层模具左实际值": {
    "address": "VW342",
    "value": 181,
    "unit": "",
    "type": "Int"
  },
  "外层模具石设定值": {
    "address": "VW344",
    "value": 182,
    "unit": "℃",
    "type": "Int"
  },
  "外层模具石实际值": {
    "address": "VW344",
    "value": 182,
    "unit": "℃",
    "type": "Int"
  },
  "A组合流芯设定值": {
    "address": "VW146",
    "value": 200,
    "unit": "℃",
    "type": "Int"
  },
  "A组合流芯实际值": {
    "address": "VW346",
    "value": 197,
    "unit": "℃",
    "type": "Int"
  },
  "A组转接模设定值": {
    "address": "VW348",
    "value": 201,
    "unit": "℃",
    "type": "Int"
  },
  "A组转接模实际值": {
    "address": "VW348",
    "value": 201,
    "unit": "℃",
    "type": "Int"
  },
  "A组连接管设定值": {
    "address": "VW350",
    "value": 80,
    "unit": "℃",
    "type": "Int"
  },
  "A组连接管实际值": {
    "address": "VW350",
    "value": 80,
    "unit": "℃",
    "type": "Int"
  },
  "B组合流芯设定值": {
    "address": "VW352",
    "value": 150,
    "unit": "℃",
    "type": "Int"
  },
  "B组合流芯实际值": {
    "address": "VW352",
    "value": 150,
    "unit": "℃",
    "type": "Int"
  },
  "B组转接模设定值": {
    "address": "VW362",
    "value": 155,
    "unit": "℃",
    "type": "Int"
  },
  "B组转接模实际值": {
    "address": "VW362",
    "value": 155,
    "unit": "℃",
    "type": "Int"
  },
  "B组连接管设定值": {
    "address": "VW364",
    "value": 216,
    "unit": "℃",
    "type": "Int"
  },
  "B组连接管实际值": {
    "address": "VW364",
    "value": 216,
    "unit": "℃",
    "type": "Int"
  },
  "35A转速设定值": {
    "address": "VD508",
    "value": 0.0,
    "unit": "RPM",
    "type": "Real"
  },
  "35A转速实际值": {
    "address": "VD532",
    "value": 0.0,
    "unit": "RPM",
    "type": "Real"
  },
  "35A电流设定值": {
    "address": "VD2300",
    "value": 0.0,
    "unit": "%",
    "type": "Real"
  },
  "35A电流实际值": {
    "address": "VD556",
    "value": 0.0,
    "unit": "A",
    "type": "Real"
  },
  "35B转速设定值": {
    "address": "VD212",
    "value": 0.0,
    "unit": "RPM",
    "type": "Real"
  },
  "35B转速实际值": {
    "address": "VD236",
    "value": 0.0,
    "unit": "RPM",
    "type": "Real"
  },
  "35B电流设定值": {
    "address": "VD3308",
    "value": 0.0,
    "unit": "%",
    "type": "Real"
  },
  "35B电流实际值": {
    "address": "VD264",
    "value": 0.0,
    "unit": "A",
    "type": "Real"
  },
  "A组35机1区设定值": {
    "address": "VW116",
    "value": 145,
    "unit": "℃",
    "type": "Int"
  },
  "A组35机1区实际值": {
    "address": "VW118",
    "value": 200,
    "unit": "℃",
    "type": "Int"
  },
  "A组35机2区设定值": {
    "address": "VW316",
    "value": 143,
    "unit": "℃",
    "type": "Int"
  },
  "A组35机2区实际值": {
    "address": "VW318",
    "value": 198,
    "unit": "℃",
    "type": "Int"
  },
  "A组35机3区设定值": {
    "address": "VW368",
    "value": 196,
    "unit": "℃",
    "type": "Int"
  },
  "A组35机3区实际值": {
    "address": "VW370",
    "value": 144,
    "unit": "℃",
    "type": "Int"
  },
  "B组35机1区设定值": {
    "address": "VW118",
    "value": 200,
    "unit": "℃",
    "type": "Int"
  },
  "B组35机1区实际值": {
    "address": "VW370",
    "value": 144,
    "unit": "℃",
    "type": "Int"
  },
  "B组35机2区设定值": {
    "address": "VW120",
    "value": 155,
    "unit": "℃",
    "type": "Int"
  },
  "B组35机2区实际值": {
    "address": "VW322",
    "value": 153,
    "unit": "℃",
    "type": "Int"
  },
  "B组35机3区设定值": {
    "address": "VW112",
    "value": 150,
    "unit": "℃",
    "type": "Int"
  },
  "B组35机3区实际值": {
    "address": "VW312",
    "value": 148,
    "unit": "℃",
    "type": "Int"
  },
  "A组备用1设定值": {
    "address": "VW160",
    "value": 0,
    "unit": "℃",
    "type": "Int"
  },
  "A组备用1实际值": {
    "address": "VW312",
    "value": 148,
    "unit": "℃",
    "type": "Int"
  },
  "A组备用2设定值": {
    "address": "VW166",
    "value": 0,
    "unit": "℃",
    "type": "Int"
  },
  "A组备用2实际值": {
    "address": "VW366",
    "value": 3276,
    "unit": "℃",
    "type": "Int"
  },
  "B组备用1设定值": {
    "address": "VW156",
    "value": 0,
    "unit": "℃",
    "type": "Int"
  },
  "B组备用1实际值": {
    "address": "VW356",
    "value": 3276,
    "unit": "℃",
    "type": "Int"
  },
  "B组备用2设定值": {
    "address": "VW158",
    "value": 0,
    "unit": "℃",
    "type": "Int"
  },
  "B组备用2实际值": {
    "address": "VW358",
    "value": 3276,
    "unit": "℃",
    "type": "Int"
  },
  "25B调速故障": {
    "address": "V4550.7",
    "value": false,
    "unit": "",
    "type": "Bool"
  },
  "25B料筒冷却风机故障": {
    "address": "V4550.4",
    "value": false,
    "unit": "",
    "type": "Bool"
  },
  "25A调速故障": {
    "address": "V4551.4",
    "value": false,
    "unit": "",
    "type": "Bool"
  },
  "25A料筒冷却风机故障": {
    "address": "V4550.6",
    "value": false,
    "unit": "",
    "type": "Bool"
  },
  "25A过电流": {
    "address": "V4551.7",
    "value": false,
    "unit": "",
    "type": "Bool"
  },
  "25B转速设定值": {
    "address": "VD212",
    "value": 0.0,
    "unit": "RPM",
    "type": "Real"
  },
  "25B转速实际值": {
    "address": "VD532",
    "value": 0.0,
    "unit": "RPM",
    "type": "Real"
  },
  "25B电流设定值": {
    "address": "VD2300",
    "value": 0.0,
    "unit": "%",
    "type": "Real"
  },
  "25B电流实际值": {
    "address": "VD556",
    "value": 0.0,
    "unit": "A",
    "type": "Real"
  },
  "25A转速设定值": {
    "address": "VD208",
    "value": 4.699997901916504,
    "unit": "RPM",
    "type": "Real"
  },
  "25A转速实际值": {
    "address": "VD232",
    "value": 0.0,
    "unit": "RPM",
    "type": "Real"
  },
  "25A电流设定值": {
    "address": "VD3300",
    "value": 0.0,
    "unit": "%",
    "type": "Real"
  },
  "25A电流实际值": {
    "address": "VD256",
    "value": 0.0,
    "unit": "A",
    "type": "Real"
  },
  "B组25机1区设定值": {
    "address": "VW102",
    "value": 145,
    "unit": "℃",
    "type": "Int"
  },
  "B组25机1区实际值": {
    "address": "VW104",
    "value": 235,
    "unit": "℃",
    "type": "Int"
  },
  "B组25机2区设定值": {
    "address": "VW104",
    "value": 235,
    "unit": "℃",
    "type": "Int"
  },
  "B组25机2区实际值": {
    "address": "VW304",
    "value": 233,
    "unit": "℃",
    "type": "Int"
  },
  "B组25机3区设定值": {
    "address": "VW106",
    "value": 235,
    "unit": "℃",
    "type": "Int"
  },
  "B组25机3区实际值": {
    "address": "VW306",
    "value": 231,
    "unit": "℃",
    "type": "Int"
  },
  "A组25机1区设定值": {
    "address": "VW108",
    "value": 145,
    "unit": "℃",
    "type": "Int"
  },
  "A组25机1区实际值": {
    "address": "VW308",
    "value": 40,
    "unit": "℃",
    "type": "Int"
  },
  "A组25机2区设定值": {
    "address": "VW116",
    "value": 170,
    "unit": "℃",
    "type": "Int"
  },
  "A组25机2区实际值": {
    "address": "VW316",
    "value": 42,
    "unit": "℃",
    "type": "Int"
  },
  "A组25机3区设定值": {
    "address": "VW118",
    "value": 170,
    "unit": "℃",
    "type": "Int"
  },
  "A组25机3区实际值": {
    "address": "VW318",
    "value": 44,
    "unit": "℃",
    "type": "Int"
  },
  "25B共挤备用1设定值": {
    "address": "VW130",
    "value": 0,
    "unit": "℃",
    "type": "Int"
  },
  "25B共挤备用1实际值": {
    "address": "VW330",
    "value": 3276,
    "unit": "℃",
    "type": "Int"
  },
  "25B共挤备用2设定值": {
    "address": "VW132",
    "value": 0,
    "unit": "℃",
    "type": "Int"
  },
  "25B共挤备用2实际值": {
    "address": "VW332",
    "value": 3276,
    "unit": "℃",
    "type": "Int"
  },
  "25A共挤备用1设定值": {
    "address": "VW134",
    "value": 0,
    "unit": "℃",
    "type": "Int"
  },
  "25A共挤备用1实际值": {
    "address": "VW334",
    "value": 3276,
    "unit": "℃",
    "type": "Int"
  },
  "25A共挤备用2设定值": {
    "address": "VW136",
    "value": 0,
    "unit": "℃",
    "type": "Int"
  },
  "25A共挤备用2实际值": {
    "address": "VW336",
    "value": 3276,
    "unit": "℃",
    "type": "Int"
  }
}
详情: 机台: 默认挤出机 (ID: 1), 参数数量: 122
返回结果:
{
  "machine": {
    "id": 1,
    "name": "默认挤出机"
  },
  "parameters": {
    "主机料温过低": {
      "address": "V4551.2",
      "value": false,
      "unit": "",
      "type": "Bool",
      "is_readonly": true,
      "slot": 2
    },
    "主机料温过高": {
      "address": "V4551.1",
      "value": false,
      "unit": "",
      "type": "Bool",
      "is_readonly": true,
      "slot": 2
    },
    "主机调速故障": {
      "address": "V4551.4",
      "value": false,
      "unit": "",
      "type": "Bool",
      "is_readonly": true,
      "slot": 2
    },
    "主机过电流": {
      "address": "V4551.7",
      "value": false,
      "unit": "",
      "type": "Bool",
      "is_readonly": true,
      "slot": 2
    },
    "主机料筒冷却风机故障": {
      "address": "V4550.4",
      "value": false,
      "unit": "",
      "type": "Bool",
      "is_readonly": true,
      "slot": 2
    },
    "喂料调速器故障": {
      "address": "V4553.0",
      "value": false,
      "unit": "",
      "type": "Bool",
      "is_readonly": true,
      "slot": 2
    },
    "喂料过电流": {
      "address": "V4553.1",
      "value": false,
      "unit": "",
      "type": "Bool",
      "is_readonly": true,
      "slot": 2
    },
    "螺杆异位报警": {
      "address": "V4551.3",
      "value": false,
      "unit": "",
      "type": "Bool",
      "is_readonly": true,
      "slot": 2
    },
    "主机急停未松开": {
      "address": "V4551.0",
      "value": false,
      "unit": "",
      "type": "Bool",
      "is_readonly": true,
      "slot": 2
    },
    "35A调速故障": {
      "address": "V4550.1",
      "value": false,
      "unit": "",
      "type": "Bool",
      "is_readonly": true,
      "slot": 2
    },
    "35A过电流": {
      "address": "V4550.7",
      "value": false,
      "unit": "",
      "type": "Bool",
      "is_readonly": true,
      "slot": 2
    },
    "35A料筒冷却风机故障": {
      "address": "V4550.6",
      "value": false,
      "unit": "",
      "type": "Bool",
      "is_readonly": true,
      "slot": 2
    },
    "35B调速故障": {
      "address": "V4550.5",
      "value": false,
      "unit": "",
      "type": "Bool",
      "is_readonly": true,
      "slot": 2
    },
    "35B过电流": {
      "address": "V4550.0",
      "value": false,
      "unit": "",
      "type": "Bool",
      "is_readonly": true,
      "slot": 2
    },
    "35B料筒冷却风机故障": {
      "address": "V4553.2",
      "value": false,
      "unit": "",
      "type": "Bool",
      "is_readonly": true,
      "slot": 2
    },
    "主机转速设定值": {
      "address": "VD208",
      "value": 3.0,
      "unit": "RPM",
      "type": "Real",
      "is_readonly": false,
      "slot": 2
    },
    "主机转速实际值": {
      "address": "VD232",
      "value": 0.0,
      "unit": "RPM",
      "type": "Real",
      "is_readonly": true,
      "slot": 2
    },
    "主机电流负载占比": {
      "address": "VD3300",
      "value": 0.0,
      "unit": "%",
      "type": "Real",
      "is_readonly": true,
      "slot": 2
    },
    "主机电流值": {
      "address": "VD256",
      "value": 0.0,
      "unit": "A",
      "type": "Real",
      "is_readonly": true,
      "slot": 2
    },
    "喂料转速设定值": {
      "address": "VD32",
      "value": 6.000001907348633,
      "unit": "RPM",
      "type": "Real",
      "is_readonly": false,
      "slot": 2
    },
    "喂料转速实际值": {
      "address": "VD244",
      "value": 0.0,
      "unit": "RPM",
      "type": "Real",
      "is_readonly": true,
      "slot": 2
    },
    "喂料电流负载占比": {
      "address": "VD3304",
      "value": 0.0,
      "unit": "%",
      "type": "Real",
      "is_readonly": true,
      "slot": 2
    },
    "喂料电流值": {
      "address": "VD260",
      "value": 0.0,
      "unit": "A",
      "type": "Real",
      "is_readonly": true,
      "slot": 2
    },
    "65机筒1区设定值": {
      "address": "VW102",
      "value": 180,
      "unit": "℃",
      "type": "Int",
      "is_readonly": false,
      "slot": 2
    },
    "65机筒1区实际值": {
      "address": "VW302",
      "value": 179,
      "unit": "℃",
      "type": "Int",
      "is_readonly": true,
      "slot": 2
    },
    "65机筒2区设定值": {
      "address": "VW104",
      "value": 185,
      "unit": "℃",
      "type": "Int",
      "is_readonly": false,
      "slot": 2
    },
    "65机筒2区实际值": {
      "address": "VW304",
      "value": 183,
      "unit": "℃",
      "type": "Int",
      "is_readonly": true,
      "slot": 2
    },
    "65机筒3区设定值": {
      "address": "VW106",
      "value": 140,
      "unit": "℃",
      "type": "Int",
      "is_readonly": false,
      "slot": 2
    },
    "65机筒3区实际值": {
      "address": "VW306",
      "value": 137,
      "unit": "℃",
      "type": "Int",
      "is_readonly": true,
      "slot": 2
    },
    "65机筒4区设定值": {
      "address": "VW108",
      "value": 135,
      "unit": "℃",
      "type": "Int",
      "is_readonly": false,
      "slot": 2
    },
    "65机筒4区实际值": {
      "address": "VW308",
      "value": 136,
      "unit": "℃",
      "type": "Int",
      "is_readonly": true,
      "slot": 2
    },
    "65机合流芯设定值": {
      "address": "VW154",
      "value": 140,
      "unit": "℃",
      "type": "Int",
      "is_readonly": false,
      "slot": 2
    },
    "65机合流芯实际值": {
      "address": "VW354",
      "value": 136,
      "unit": "℃",
      "type": "Int",
      "is_readonly": true,
      "slot": 2
    },
    "芯层模具上设定值": {
      "address": "VW1130",
      "value": 135,
      "unit": "℃",
      "type": "Int",
      "is_readonly": false,
      "slot": 2
    },
    "芯层模具上实际值": {
      "address": "VW330",
      "value": 141,
      "unit": "℃",
      "type": "Int",
      "is_readonly": true,
      "slot": 2
    },
    "芯层模具下设定值": {
      "address": "VW1132",
      "value": 135,
      "unit": "℃",
      "type": "Int",
      "is_readonly": false,
      "slot": 2
    },
    "芯层模具下实际值": {
      "address": "VW332",
      "value": 142,
      "unit": "℃",
      "type": "Int",
      "is_readonly": true,
      "slot": 2
    },
    "芯层模具左设定值": {
      "address": "VW1134",
      "value": 130,
      "unit": "℃",
      "type": "Int",
      "is_readonly": false,
      "slot": 2
    },
    "芯层模具左实际值": {
      "address": "VW334",
      "value": 137,
      "unit": "℃",
      "type": "Int",
      "is_readonly": true,
      "slot": 2
    },
    "芯层模具右设定值": {
      "address": "VW1136",
      "value": 140,
      "unit": "℃",
      "type": "Int",
      "is_readonly": false,
      "slot": 2
    },
    "芯层模具右实际值": {
      "address": "VW336",
      "value": 139,
      "unit": "℃",
      "type": "Int",
      "is_readonly": true,
      "slot": 2
    },
    "外层模具上设定值": {
      "address": "VW1138",
      "value": 190,
      "unit": "℃",
      "type": "Int",
      "is_readonly": false,
      "slot": 2
    },
    "外层模具上实际值": {
      "address": "VW338",
      "value": 193,
      "unit": "℃",
      "type": "Int",
      "is_readonly": true,
      "slot": 2
    },
    "外层模具下设定值": {
      "address": "VW1140",
      "value": 180,
      "unit": "℃",
      "type": "Int",
      "is_readonly": false,
      "slot": 2
    },
    "外层模具下实际值": {
      "address": "VW340",
      "value": 182,
      "unit": "℃",
      "type": "Int",
      "is_readonly": true,
      "slot": 2
    },
    "外层模具左设定值": {
      "address": "VW1142",
      "value": 180,
      "unit": "℃",
      "type": "Int",
      "is_readonly": false,
      "slot": 2
    },
    "外层模具左实际值": {
      "address": "VW342",
      "value": 181,
      "unit": "",
      "type": "Int",
      "is_readonly": true,
      "slot": 2
    },
    "外层模具石设定值": {
      "address": "VW344",
      "value": 182,
      "unit": "℃",
      "type": "Int",
      "is_readonly": false,
      "slot": 2
    },
    "外层模具石实际值": {
      "address": "VW344",
      "value": 182,
      "unit": "℃",
      "type": "Int",
      "is_readonly": true,
      "slot": 2
    },
    "A组合流芯设定值": {
      "address": "VW146",
      "value": 200,
      "unit": "℃",
      "type": "Int",
      "is_readonly": false,
      "slot": 2
    },
    "A组合流芯实际值": {
      "address": "VW346",
      "value": 197,
      "unit": "℃",
      "type": "Int",
      "is_readonly": true,
      "slot": 2
    },
    "A组转接模设定值": {
      "address": "VW348",
      "value": 201,
      "unit": "℃",
      "type": "Int",
      "is_readonly": false,
      "slot": 2
    },
    "A组转接模实际值": {
      "address": "VW348",
      "value": 201,
      "unit": "℃",
      "type": "Int",
      "is_readonly": true,
      "slot": 2
    },
    "A组连接管设定值": {
      "address": "VW350",
      "value": 80,
      "unit": "℃",
      "type": "Int",
      "is_readonly": false,
      "slot": 2
    },
    "A组连接管实际值": {
      "address": "VW350",
      "value": 80,
      "unit": "℃",
      "type": "Int",
      "is_readonly": true,
      "slot": 2
    },
    "B组合流芯设定值": {
      "address": "VW352",
      "value": 150,
      "unit": "℃",
      "type": "Int",
      "is_readonly": false,
      "slot": 2
    },
    "B组合流芯实际值": {
      "address": "VW352",
      "value": 150,
      "unit": "℃",
      "type": "Int",
      "is_readonly": true,
      "slot": 2
    },
    "B组转接模设定值": {
      "address": "VW362",
      "value": 155,
      "unit": "℃",
      "type": "Int",
      "is_readonly": false,
      "slot": 2
    },
    "B组转接模实际值": {
      "address": "VW362",
      "value": 155,
      "unit": "℃",
      "type": "Int",
      "is_readonly": true,
      "slot": 2
    },
    "B组连接管设定值": {
      "address": "VW364",
      "value": 216,
      "unit": "℃",
      "type": "Int",
      "is_readonly": false,
      "slot": 2
    },
    "B组连接管实际值": {
      "address": "VW364",
      "value": 216,
      "unit": "℃",
      "type": "Int",
      "is_readonly": true,
      "slot": 2
    },
    "35A转速设定值": {
      "address": "VD508",
      "value": 0.0,
      "unit": "RPM",
      "type": "Real",
      "is_readonly": false,
      "slot": 2
    },
    "35A转速实际值": {
      "address": "VD532",
      "value": 0.0,
      "unit": "RPM",
      "type": "Real",
      "is_readonly": true,
      "slot": 2
    },
    "35A电流设定值": {
      "address": "VD2300",
      "value": 0.0,
      "unit": "%",
      "type": "Real",
      "is_readonly": false,
      "slot": 2
    },
    "35A电流实际值": {
      "address": "VD556",
      "value": 0.0,
      "unit": "A",
      "type": "Real",
      "is_readonly": true,
      "slot": 2
    },
    "35B转速设定值": {
      "address": "VD212",
      "value": 0.0,
      "unit": "RPM",
      "type": "Real",
      "is_readonly": false,
      "slot": 2
    },
    "35B转速实际值": {
      "address": "VD236",
      "value": 0.0,
      "unit": "RPM",
      "type": "Real",
      "is_readonly": true,
      "slot": 2
    },
    "35B电流设定值": {
      "address": "VD3308",
      "value": 0.0,
      "unit": "%",
      "type": "Real",
      "is_readonly": false,
      "slot": 2
    },
    "35B电流实际值": {
      "address": "VD264",
      "value": 0.0,
      "unit": "A",
      "type": "Real",
      "is_readonly": true,
      "slot": 2
    },
    "A组35机1区设定值": {
      "address": "VW116",
      "value": 145,
      "unit": "℃",
      "type": "Int",
      "is_readonly": false,
      "slot": 2
    },
    "A组35机1区实际值": {
      "address": "VW118",
      "value": 200,
      "unit": "℃",
      "type": "Int",
      "is_readonly": true,
      "slot": 2
    },
    "A组35机2区设定值": {
      "address": "VW316",
      "value": 143,
      "unit": "℃",
      "type": "Int",
      "is_readonly": false,
      "slot": 2
    },
    "A组35机2区实际值": {
      "address": "VW318",
      "value": 198,
      "unit": "℃",
      "type": "Int",
      "is_readonly": true,
      "slot": 2
    },
    "A组35机3区设定值": {
      "address": "VW368",
      "value": 196,
      "unit": "℃",
      "type": "Int",
      "is_readonly": false,
      "slot": 2
    },
    "A组35机3区实际值": {
      "address": "VW370",
      "value": 144,
      "unit": "℃",
      "type": "Int",
      "is_readonly": true,
      "slot": 2
    },
    "B组35机1区设定值": {
      "address": "VW118",
      "value": 200,
      "unit": "℃",
      "type": "Int",
      "is_readonly": false,
      "slot": 2
    },
    "B组35机1区实际值": {
      "address": "VW370",
      "value": 144,
      "unit": "℃",
      "type": "Int",
      "is_readonly": true,
      "slot": 2
    },
    "B组35机2区设定值": {
      "address": "VW120",
      "value": 155,
      "unit": "℃",
      "type": "Int",
      "is_readonly": false,
      "slot": 2
    },
    "B组35机2区实际值": {
      "address": "VW322",
      "value": 153,
      "unit": "℃",
      "type": "Int",
      "is_readonly": true,
      "slot": 2
    },
    "B组35机3区设定值": {
      "address": "VW112",
      "value": 150,
      "unit": "℃",
      "type": "Int",
      "is_readonly": false,
      "slot": 2
    },
    "B组35机3区实际值": {
      "address": "VW312",
      "value": 148,
      "unit": "℃",
      "type": "Int",
      "is_readonly": true,
      "slot": 2
    },
    "A组备用1设定值": {
      "address": "VW160",
      "value": 0,
      "unit": "℃",
      "type": "Int",
      "is_readonly": false,
      "slot": 2
    },
    "A组备用1实际值": {
      "address": "VW312",
      "value": 148,
      "unit": "℃",
      "type": "Int",
      "is_readonly": true,
      "slot": 2
    },
    "A组备用2设定值": {
      "address": "VW166",
      "value": 0,
      "unit": "℃",
      "type": "Int",
      "is_readonly": false,
      "slot": 2
    },
    "A组备用2实际值": {
      "address": "VW366",
      "value": 3276,
      "unit": "℃",
      "type": "Int",
      "is_readonly": true,
      "slot": 2
    },
    "B组备用1设定值": {
      "address": "VW156",
      "value": 0,
      "unit": "℃",
      "type": "Int",
      "is_readonly": false,
      "slot": 2
    },
    "B组备用1实际值": {
      "address": "VW356",
      "value": 3276,
      "unit": "℃",
      "type": "Int",
      "is_readonly": true,
      "slot": 2
    },
    "B组备用2设定值": {
      "address": "VW158",
      "value": 0,
      "unit": "℃",
      "type": "Int",
      "is_readonly": false,
      "slot": 2
    },
    "B组备用2实际值": {
      "address": "VW358",
      "value": 3276,
      "unit": "℃",
      "type": "Int",
      "is_readonly": true,
      "slot": 2
    },
    "25B调速故障": {
      "address": "V4550.7",
      "value": false,
      "unit": "",
      "type": "Bool",
      "is_readonly": true,
      "slot": 3
    },
    "25B料筒冷却风机故障": {
      "address": "V4550.4",
      "value": false,
      "unit": "",
      "type": "Bool",
      "is_readonly": false,
      "slot": 3
    },
    "25A调速故障": {
      "address": "V4551.4",
      "value": false,
      "unit": "",
      "type": "Bool",
      "is_readonly": true,
      "slot": 3
    },
    "25A料筒冷却风机故障": {
      "address": "V4550.6",
      "value": false,
      "unit": "",
      "type": "Bool",
      "is_readonly": true,
      "slot": 3
    },
    "25A过电流": {
      "address": "V4551.7",
      "value": false,
      "unit": "",
      "type": "Bool",
      "is_readonly": false,
      "slot": 3
    },
    "25B转速设定值": {
      "address": "VD212",
      "value": 0.0,
      "unit": "RPM",
      "type": "Real",
      "is_readonly": false,
      "slot": 3
    },
    "25B转速实际值": {
      "address": "VD532",
      "value": 0.0,
      "unit": "RPM",
      "type": "Real",
      "is_readonly": true,
      "slot": 3
    },
    "25B电流设定值": {
      "address": "VD2300",
      "value": 0.0,
      "unit": "%",
      "type": "Real",
      "is_readonly": false,
      "slot": 3
    },
    "25B电流实际值": {
      "address": "VD556",
      "value": 0.0,
      "unit": "A",
      "type": "Real",
      "is_readonly": true,
      "slot": 3
    },
    "25A转速设定值": {
      "address": "VD208",
      "value": 4.699997901916504,
      "unit": "RPM",
      "type": "Real",
      "is_readonly": false,
      "slot": 3
    },
    "25A转速实际值": {
      "address": "VD232",
      "value": 0.0,
      "unit": "RPM",
      "type": "Real",
      "is_readonly": true,
      "slot": 3
    },
    "25A电流设定值": {
      "address": "VD3300",
      "value": 0.0,
      "unit": "%",
      "type": "Real",
      "is_readonly": false,
      "slot": 3
    },
    "25A电流实际值": {
      "address": "VD256",
      "value": 0.0,
      "unit": "A",
      "type": "Real",
      "is_readonly": true,
      "slot": 3
    },
    "B组25机1区设定值": {
      "address": "VW102",
      "value": 145,
      "unit": "℃",
      "type": "Int",
      "is_readonly": false,
      "slot": 3
    },
    "B组25机1区实际值": {
      "address": "VW104",
      "value": 235,
      "unit": "℃",
      "type": "Int",
      "is_readonly": true,
      "slot": 3
    },
    "B组25机2区设定值": {
      "address": "VW104",
      "value": 235,
      "unit": "℃",
      "type": "Int",
      "is_readonly": false,
      "slot": 3
    },
    "B组25机2区实际值": {
      "address": "VW304",
      "value": 233,
      "unit": "℃",
      "type": "Int",
      "is_readonly": true,
      "slot": 3
    },
    "B组25机3区设定值": {
      "address": "VW106",
      "value": 235,
      "unit": "℃",
      "type": "Int",
      "is_readonly": false,
      "slot": 3
    },
    "B组25机3区实际值": {
      "address": "VW306",
      "value": 231,
      "unit": "℃",
      "type": "Int",
      "is_readonly": true,
      "slot": 3
    },
    "A组25机1区设定值": {
      "address": "VW108",
      "value": 145,
      "unit": "℃",
      "type": "Int",
      "is_readonly": false,
      "slot": 3
    },
    "A组25机1区实际值": {
      "address": "VW308",
      "value": 40,
      "unit": "℃",
      "type": "Int",
      "is_readonly": true,
      "slot": 3
    },
    "A组25机2区设定值": {
      "address": "VW116",
      "value": 170,
      "unit": "℃",
      "type": "Int",
      "is_readonly": false,
      "slot": 3
    },
    "A组25机2区实际值": {
      "address": "VW316",
      "value": 42,
      "unit": "℃",
      "type": "Int",
      "is_readonly": true,
      "slot": 3
    },
    "A组25机3区设定值": {
      "address": "VW118",
      "value": 170,
      "unit": "℃",
      "type": "Int",
      "is_readonly": false,
      "slot": 3
    },
    "A组25机3区实际值": {
      "address": "VW318",
      "value": 44,
      "unit": "℃",
      "type": "Int",
      "is_readonly": true,
      "slot": 3
    },
    "25B共挤备用1设定值": {
      "address": "VW130",
      "value": 0,
      "unit": "℃",
      "type": "Int",
      "is_readonly": false,
      "slot": 3
    },
    "25B共挤备用1实际值": {
      "address": "VW330",
      "value": 3276,
      "unit": "℃",
      "type": "Int",
      "is_readonly": true,
      "slot": 3
    },
    "25B共挤备用2设定值": {
      "address": "VW132",
      "value": 0,
      "unit": "℃",
      "type": "Int",
      "is_readonly": false,
      "slot": 3
    },
    "25B共挤备用2实际值": {
      "address": "VW332",
      "value": 3276,
      "unit": "℃",
      "type": "Int",
      "is_readonly": true,
      "slot": 3
    },
    "25A共挤备用1设定值": {
      "address": "VW134",
      "value": 0,
      "unit": "℃",
      "type": "Int",
      "is_readonly": false,
      "slot": 3
    },
    "25A共挤备用1实际值": {
      "address": "VW334",
      "value": 3276,
      "unit": "℃",
      "type": "Int",
      "is_readonly": true,
      "slot": 3
    },
    "25A共挤备用2设定值": {
      "address": "VW136",
      "value": 0,
      "unit": "℃",
      "type": "Int",
      "is_readonly": false,
      "slot": 3
    },
    "25A共挤备用2实际值": {
      "address": "VW336",
      "value": 3276,
      "unit": "℃",
      "type": "Int",
      "is_readonly": true,
      "slot": 3
    }
  }
}
------------------------------------------------------------
2026-05-09 15:38:23 | 读取PLC | 机台 | 用户ID:1
请求参数:
{
  "主机料温过低": {
    "address": "V4551.2",
    "value": false,
    "unit": "",
    "type": "Bool"
  },
  "主机料温过高": {
    "address": "V4551.1",
    "value": false,
    "unit": "",
    "type": "Bool"
  },
  "主机调速故障": {
    "address": "V4551.4",
    "value": false,
    "unit": "",
    "type": "Bool"
  },
  "主机过电流": {
    "address": "V4551.7",
    "value": false,
    "unit": "",
    "type": "Bool"
  },
  "主机料筒冷却风机故障": {
    "address": "V4550.4",
    "value": false,
    "unit": "",
    "type": "Bool"
  },
  "喂料调速器故障": {
    "address": "V4553.0",
    "value": false,
    "unit": "",
    "type": "Bool"
  },
  "喂料过电流": {
    "address": "V4553.1",
    "value": false,
    "unit": "",
    "type": "Bool"
  },
  "螺杆异位报警": {
    "address": "V4551.3",
    "value": false,
    "unit": "",
    "type": "Bool"
  },
  "主机急停未松开": {
    "address": "V4551.0",
    "value": false,
    "unit": "",
    "type": "Bool"
  },
  "35A调速故障": {
    "address": "V4550.1",
    "value": false,
    "unit": "",
    "type": "Bool"
  },
  "35A过电流": {
    "address": "V4550.7",
    "value": false,
    "unit": "",
    "type": "Bool"
  },
  "35A料筒冷却风机故障": {
    "address": "V4550.6",
    "value": false,
    "unit": "",
    "type": "Bool"
  },
  "35B调速故障": {
    "address": "V4550.5",
    "value": false,
    "unit": "",
    "type": "Bool"
  },
  "35B过电流": {
    "address": "V4550.0",
    "value": false,
    "unit": "",
    "type": "Bool"
  },
  "35B料筒冷却风机故障": {
    "address": "V4553.2",
    "value": false,
    "unit": "",
    "type": "Bool"
  },
  "主机转速设定值": {
    "address": "VD208",
    "value": 3.0,
    "unit": "RPM",
    "type": "Real"
  },
  "主机转速实际值": {
    "address": "VD232",
    "value": 0.0,
    "unit": "RPM",
    "type": "Real"
  },
  "主机电流负载占比": {
    "address": "VD3300",
    "value": 0.0,
    "unit": "%",
    "type": "Real"
  },
  "主机电流值": {
    "address": "VD256",
    "value": 0.0,
    "unit": "A",
    "type": "Real"
  },
  "喂料转速设定值": {
    "address": "VD32",
    "value": 6.000001907348633,
    "unit": "RPM",
    "type": "Real"
  },
  "喂料转速实际值": {
    "address": "VD244",
    "value": 0.0,
    "unit": "RPM",
    "type": "Real"
  },
  "喂料电流负载占比": {
    "address": "VD3304",
    "value": 0.0,
    "unit": "%",
    "type": "Real"
  },
  "喂料电流值": {
    "address": "VD260",
    "value": 0.0,
    "unit": "A",
    "type": "Real"
  },
  "65机筒1区设定值": {
    "address": "VW102",
    "value": 180,
    "unit": "℃",
    "type": "Int"
  },
  "65机筒1区实际值": {
    "address": "VW302",
    "value": 179,
    "unit": "℃",
    "type": "Int"
  },
  "65机筒2区设定值": {
    "address": "VW104",
    "value": 185,
    "unit": "℃",
    "type": "Int"
  },
  "65机筒2区实际值": {
    "address": "VW304",
    "value": 183,
    "unit": "℃",
    "type": "Int"
  },
  "65机筒3区设定值": {
    "address": "VW106",
    "value": 140,
    "unit": "℃",
    "type": "Int"
  },
  "65机筒3区实际值": {
    "address": "VW306",
    "value": 138,
    "unit": "℃",
    "type": "Int"
  },
  "65机筒4区设定值": {
    "address": "VW108",
    "value": 135,
    "unit": "℃",
    "type": "Int"
  },
  "65机筒4区实际值": {
    "address": "VW308",
    "value": 135,
    "unit": "℃",
    "type": "Int"
  },
  "65机合流芯设定值": {
    "address": "VW154",
    "value": 140,
    "unit": "℃",
    "type": "Int"
  },
  "65机合流芯实际值": {
    "address": "VW354",
    "value": 136,
    "unit": "℃",
    "type": "Int"
  },
  "芯层模具上设定值": {
    "address": "VW1130",
    "value": 135,
    "unit": "℃",
    "type": "Int"
  },
  "芯层模具上实际值": {
    "address": "VW330",
    "value": 142,
    "unit": "℃",
    "type": "Int"
  },
  "芯层模具下设定值": {
    "address": "VW1132",
    "value": 135,
    "unit": "℃",
    "type": "Int"
  },
  "芯层模具下实际值": {
    "address": "VW332",
    "value": 142,
    "unit": "℃",
    "type": "Int"
  },
  "芯层模具左设定值": {
    "address": "VW1134",
    "value": 130,
    "unit": "℃",
    "type": "Int"
  },
  "芯层模具左实际值": {
    "address": "VW334",
    "value": 137,
    "unit": "℃",
    "type": "Int"
  },
  "芯层模具右设定值": {
    "address": "VW1136",
    "value": 140,
    "unit": "℃",
    "type": "Int"
  },
  "芯层模具右实际值": {
    "address": "VW336",
    "value": 139,
    "unit": "℃",
    "type": "Int"
  },
  "外层模具上设定值": {
    "address": "VW1138",
    "value": 190,
    "unit": "℃",
    "type": "Int"
  },
  "外层模具上实际值": {
    "address": "VW338",
    "value": 192,
    "unit": "℃",
    "type": "Int"
  },
  "外层模具下设定值": {
    "address": "VW1140",
    "value": 180,
    "unit": "℃",
    "type": "Int"
  },
  "外层模具下实际值": {
    "address": "VW340",
    "value": 181,
    "unit": "℃",
    "type": "Int"
  },
  "外层模具左设定值": {
    "address": "VW1142",
    "value": 180,
    "unit": "℃",
    "type": "Int"
  },
  "外层模具左实际值": {
    "address": "VW342",
    "value": 181,
    "unit": "",
    "type": "Int"
  },
  "外层模具石设定值": {
    "address": "VW344",
    "value": 182,
    "unit": "℃",
    "type": "Int"
  },
  "外层模具石实际值": {
    "address": "VW344",
    "value": 182,
    "unit": "℃",
    "type": "Int"
  },
  "A组合流芯设定值": {
    "address": "VW146",
    "value": 200,
    "unit": "℃",
    "type": "Int"
  },
  "A组合流芯实际值": {
    "address": "VW346",
    "value": 198,
    "unit": "℃",
    "type": "Int"
  },
  "A组转接模设定值": {
    "address": "VW148",
    "value": 200,
    "unit": "℃",
    "type": "Int"
  },
  "A组转接模实际值": {
    "address": "VW348",
    "value": 199,
    "unit": "℃",
    "type": "Int"
  },
  "A组连接管设定值": {
    "address": "VW350",
    "value": 80,
    "unit": "℃",
    "type": "Int"
  },
  "A组连接管实际值": {
    "address": "VW350",
    "value": 80,
    "unit": "℃",
    "type": "Int"
  },
  "B组合流芯设定值": {
    "address": "VW352",
    "value": 154,
    "unit": "℃",
    "type": "Int"
  },
  "B组合流芯实际值": {
    "address": "VW352",
    "value": 154,
    "unit": "℃",
    "type": "Int"
  },
  "B组转接模设定值": {
    "address": "VW362",
    "value": 156,
    "unit": "℃",
    "type": "Int"
  },
  "B组转接模实际值": {
    "address": "VW362",
    "value": 156,
    "unit": "℃",
    "type": "Int"
  },
  "B组连接管设定值": {
    "address": "VW364",
    "value": 234,
    "unit": "℃",
    "type": "Int"
  },
  "B组连接管实际值": {
    "address": "VW364",
    "value": 234,
    "unit": "℃",
    "type": "Int"
  },
  "35A转速设定值": {
    "address": "VD508",
    "value": 0.0,
    "unit": "RPM",
    "type": "Real"
  },
  "35A转速实际值": {
    "address": "VD532",
    "value": 0.0,
    "unit": "RPM",
    "type": "Real"
  },
  "35A电流设定值": {
    "address": "VD2300",
    "value": 0.0,
    "unit": "%",
    "type": "Real"
  },
  "35A电流实际值": {
    "address": "VD556",
    "value": 0.0,
    "unit": "A",
    "type": "Real"
  },
  "35B转速设定值": {
    "address": "VD212",
    "value": 0.0,
    "unit": "RPM",
    "type": "Real"
  },
  "35B转速实际值": {
    "address": "VD236",
    "value": 0.0,
    "unit": "RPM",
    "type": "Real"
  },
  "35B电流设定值": {
    "address": "VD3308",
    "value": 0.0,
    "unit": "%",
    "type": "Real"
  },
  "35B电流实际值": {
    "address": "VD264",
    "value": 0.0,
    "unit": "A",
    "type": "Real"
  },
  "A组35机1区设定值": {
    "address": "VW116",
    "value": 145,
    "unit": "℃",
    "type": "Int"
  },
  "A组35机1区实际值": {
    "address": "VW118",
    "value": 200,
    "unit": "℃",
    "type": "Int"
  },
  "A组35机2区设定值": {
    "address": "VW316",
    "value": 144,
    "unit": "℃",
    "type": "Int"
  },
  "A组35机2区实际值": {
    "address": "VW318",
    "value": 198,
    "unit": "℃",
    "type": "Int"
  },
  "A组35机3区设定值": {
    "address": "VW368",
    "value": 195,
    "unit": "℃",
    "type": "Int"
  },
  "A组35机3区实际值": {
    "address": "VW370",
    "value": 144,
    "unit": "℃",
    "type": "Int"
  },
  "B组35机1区设定值": {
    "address": "VW118",
    "value": 200,
    "unit": "℃",
    "type": "Int"
  },
  "B组35机1区实际值": {
    "address": "VW370",
    "value": 144,
    "unit": "℃",
    "type": "Int"
  },
  "B组35机2区设定值": {
    "address": "VW120",
    "value": 155,
    "unit": "℃",
    "type": "Int"
  },
  "B组35机2区实际值": {
    "address": "VW322",
    "value": 153,
    "unit": "℃",
    "type": "Int"
  },
  "B组35机3区设定值": {
    "address": "VW112",
    "value": 150,
    "unit": "℃",
    "type": "Int"
  },
  "B组35机3区实际值": {
    "address": "VW312",
    "value": 148,
    "unit": "℃",
    "type": "Int"
  },
  "A组备用1设定值": {
    "address": "VW160",
    "value": 0,
    "unit": "℃",
    "type": "Int"
  },
  "A组备用1实际值": {
    "address": "VW312",
    "value": 148,
    "unit": "℃",
    "type": "Int"
  },
  "A组备用2设定值": {
    "address": "VW166",
    "value": 0,
    "unit": "℃",
    "type": "Int"
  },
  "A组备用2实际值": {
    "address": "VW366",
    "value": 3276,
    "unit": "℃",
    "type": "Int"
  },
  "B组备用1设定值": {
    "address": "VW156",
    "value": 0,
    "unit": "℃",
    "type": "Int"
  },
  "B组备用1实际值": {
    "address": "VW356",
    "value": 3276,
    "unit": "℃",
    "type": "Int"
  },
  "B组备用2设定值": {
    "address": "VW158",
    "value": 0,
    "unit": "℃",
    "type": "Int"
  },
  "B组备用2实际值": {
    "address": "VW358",
    "value": 3276,
    "unit": "℃",
    "type": "Int"
  },
  "25B调速故障": {
    "address": "V4550.7",
    "value": false,
    "unit": "",
    "type": "Bool"
  },
  "25B料筒冷却风机故障": {
    "address": "V4550.4",
    "value": false,
    "unit": "",
    "type": "Bool"
  },
  "25A调速故障": {
    "address": "V4551.4",
    "value": false,
    "unit": "",
    "type": "Bool"
  },
  "25A料筒冷却风机故障": {
    "address": "V4550.6",
    "value": false,
    "unit": "",
    "type": "Bool"
  },
  "25A过电流": {
    "address": "V4551.7",
    "value": false,
    "unit": "",
    "type": "Bool"
  },
  "25B转速设定值": {
    "address": "VD212",
    "value": 0.0,
    "unit": "RPM",
    "type": "Real"
  },
  "25B转速实际值": {
    "address": "VD532",
    "value": 0.0,
    "unit": "RPM",
    "type": "Real"
  },
  "25B电流设定值": {
    "address": "VD2300",
    "value": 0.0,
    "unit": "%",
    "type": "Real"
  },
  "25B电流实际值": {
    "address": "VD556",
    "value": 0.0,
    "unit": "A",
    "type": "Real"
  },
  "25A转速设定值": {
    "address": "VD208",
    "value": 4.699997901916504,
    "unit": "RPM",
    "type": "Real"
  },
  "25A转速实际值": {
    "address": "VD232",
    "value": 0.0,
    "unit": "RPM",
    "type": "Real"
  },
  "25A电流设定值": {
    "address": "VD3300",
    "value": 0.0,
    "unit": "%",
    "type": "Real"
  },
  "25A电流实际值": {
    "address": "VD256",
    "value": 0.0,
    "unit": "A",
    "type": "Real"
  },
  "B组25机1区设定值": {
    "address": "VW102",
    "value": 145,
    "unit": "℃",
    "type": "Int"
  },
  "B组25机1区实际值": {
    "address": "VW104",
    "value": 235,
    "unit": "℃",
    "type": "Int"
  },
  "B组25机2区设定值": {
    "address": "VW104",
    "value": 235,
    "unit": "℃",
    "type": "Int"
  },
  "B组25机2区实际值": {
    "address": "VW304",
    "value": 233,
    "unit": "℃",
    "type": "Int"
  },
  "B组25机3区设定值": {
    "address": "VW106",
    "value": 235,
    "unit": "℃",
    "type": "Int"
  },
  "B组25机3区实际值": {
    "address": "VW306",
    "value": 230,
    "unit": "℃",
    "type": "Int"
  },
  "A组25机1区设定值": {
    "address": "VW108",
    "value": 145,
    "unit": "℃",
    "type": "Int"
  },
  "A组25机1区实际值": {
    "address": "VW308",
    "value": 40,
    "unit": "℃",
    "type": "Int"
  },
  "A组25机2区设定值": {
    "address": "VW116",
    "value": 170,
    "unit": "℃",
    "type": "Int"
  },
  "A组25机2区实际值": {
    "address": "VW316",
    "value": 42,
    "unit": "℃",
    "type": "Int"
  },
  "A组25机3区设定值": {
    "address": "VW118",
    "value": 170,
    "unit": "℃",
    "type": "Int"
  },
  "A组25机3区实际值": {
    "address": "VW318",
    "value": 44,
    "unit": "℃",
    "type": "Int"
  },
  "25B共挤备用1设定值": {
    "address": "VW130",
    "value": 0,
    "unit": "℃",
    "type": "Int"
  },
  "25B共挤备用1实际值": {
    "address": "VW330",
    "value": 3276,
    "unit": "℃",
    "type": "Int"
  },
  "25B共挤备用2设定值": {
    "address": "VW132",
    "value": 0,
    "unit": "℃",
    "type": "Int"
  },
  "25B共挤备用2实际值": {
    "address": "VW332",
    "value": 3276,
    "unit": "℃",
    "type": "Int"
  },
  "25A共挤备用1设定值": {
    "address": "VW134",
    "value": 0,
    "unit": "℃",
    "type": "Int"
  },
  "25A共挤备用1实际值": {
    "address": "VW334",
    "value": 3276,
    "unit": "℃",
    "type": "Int"
  },
  "25A共挤备用2设定值": {
    "address": "VW136",
    "value": 0,
    "unit": "℃",
    "type": "Int"
  },
  "25A共挤备用2实际值": {
    "address": "VW336",
    "value": 3276,
    "unit": "℃",
    "type": "Int"
  }
}
详情: 机台: 默认挤出机 (ID: 1), 参数数量: 122
返回结果:
{
  "machine": {
    "id": 1,
    "name": "默认挤出机"
  },
  "parameters": {
    "主机料温过低": {
      "address": "V4551.2",
      "value": false,
      "unit": "",
      "type": "Bool",
      "is_readonly": true,
      "slot": 2
    },
    "主机料温过高": {
      "address": "V4551.1",
      "value": false,
      "unit": "",
      "type": "Bool",
      "is_readonly": true,
      "slot": 2
    },
    "主机调速故障": {
      "address": "V4551.4",
      "value": false,
      "unit": "",
      "type": "Bool",
      "is_readonly": true,
      "slot": 2
    },
    "主机过电流": {
      "address": "V4551.7",
      "value": false,
      "unit": "",
      "type": "Bool",
      "is_readonly": true,
      "slot": 2
    },
    "主机料筒冷却风机故障": {
      "address": "V4550.4",
      "value": false,
      "unit": "",
      "type": "Bool",
      "is_readonly": true,
      "slot": 2
    },
    "喂料调速器故障": {
      "address": "V4553.0",
      "value": false,
      "unit": "",
      "type": "Bool",
      "is_readonly": true,
      "slot": 2
    },
    "喂料过电流": {
      "address": "V4553.1",
      "value": false,
      "unit": "",
      "type": "Bool",
      "is_readonly": true,
      "slot": 2
    },
    "螺杆异位报警": {
      "address": "V4551.3",
      "value": false,
      "unit": "",
      "type": "Bool",
      "is_readonly": true,
      "slot": 2
    },
    "主机急停未松开": {
      "address": "V4551.0",
      "value": false,
      "unit": "",
      "type": "Bool",
      "is_readonly": true,
      "slot": 2
    },
    "35A调速故障": {
      "address": "V4550.1",
      "value": false,
      "unit": "",
      "type": "Bool",
      "is_readonly": true,
      "slot": 2
    },
    "35A过电流": {
      "address": "V4550.7",
      "value": false,
      "unit": "",
      "type": "Bool",
      "is_readonly": true,
      "slot": 2
    },
    "35A料筒冷却风机故障": {
      "address": "V4550.6",
      "value": false,
      "unit": "",
      "type": "Bool",
      "is_readonly": true,
      "slot": 2
    },
    "35B调速故障": {
      "address": "V4550.5",
      "value": false,
      "unit": "",
      "type": "Bool",
      "is_readonly": true,
      "slot": 2
    },
    "35B过电流": {
      "address": "V4550.0",
      "value": false,
      "unit": "",
      "type": "Bool",
      "is_readonly": true,
      "slot": 2
    },
    "35B料筒冷却风机故障": {
      "address": "V4553.2",
      "value": false,
      "unit": "",
      "type": "Bool",
      "is_readonly": true,
      "slot": 2
    },
    "主机转速设定值": {
      "address": "VD208",
      "value": 3.0,
      "unit": "RPM",
      "type": "Real",
      "is_readonly": false,
      "slot": 2
    },
    "主机转速实际值": {
      "address": "VD232",
      "value": 0.0,
      "unit": "RPM",
      "type": "Real",
      "is_readonly": true,
      "slot": 2
    },
    "主机电流负载占比": {
      "address": "VD3300",
      "value": 0.0,
      "unit": "%",
      "type": "Real",
      "is_readonly": true,
      "slot": 2
    },
    "主机电流值": {
      "address": "VD256",
      "value": 0.0,
      "unit": "A",
      "type": "Real",
      "is_readonly": true,
      "slot": 2
    },
    "喂料转速设定值": {
      "address": "VD32",
      "value": 6.000001907348633,
      "unit": "RPM",
      "type": "Real",
      "is_readonly": false,
      "slot": 2
    },
    "喂料转速实际值": {
      "address": "VD244",
      "value": 0.0,
      "unit": "RPM",
      "type": "Real",
      "is_readonly": true,
      "slot": 2
    },
    "喂料电流负载占比": {
      "address": "VD3304",
      "value": 0.0,
      "unit": "%",
      "type": "Real",
      "is_readonly": true,
      "slot": 2
    },
    "喂料电流值": {
      "address": "VD260",
      "value": 0.0,
      "unit": "A",
      "type": "Real",
      "is_readonly": true,
      "slot": 2
    },
    "65机筒1区设定值": {
      "address": "VW102",
      "value": 180,
      "unit": "℃",
      "type": "Int",
      "is_readonly": false,
      "slot": 2
    },
    "65机筒1区实际值": {
      "address": "VW302",
      "value": 179,
      "unit": "℃",
      "type": "Int",
      "is_readonly": true,
      "slot": 2
    },
    "65机筒2区设定值": {
      "address": "VW104",
      "value": 185,
      "unit": "℃",
      "type": "Int",
      "is_readonly": false,
      "slot": 2
    },
    "65机筒2区实际值": {
      "address": "VW304",
      "value": 183,
      "unit": "℃",
      "type": "Int",
      "is_readonly": true,
      "slot": 2
    },
    "65机筒3区设定值": {
      "address": "VW106",
      "value": 140,
      "unit": "℃",
      "type": "Int",
      "is_readonly": false,
      "slot": 2
    },
    "65机筒3区实际值": {
      "address": "VW306",
      "value": 138,
      "unit": "℃",
      "type": "Int",
      "is_readonly": true,
      "slot": 2
    },
    "65机筒4区设定值": {
      "address": "VW108",
      "value": 135,
      "unit": "℃",
      "type": "Int",
      "is_readonly": false,
      "slot": 2
    },
    "65机筒4区实际值": {
      "address": "VW308",
      "value": 135,
      "unit": "℃",
      "type": "Int",
      "is_readonly": true,
      "slot": 2
    },
    "65机合流芯设定值": {
      "address": "VW154",
      "value": 140,
      "unit": "℃",
      "type": "Int",
      "is_readonly": false,
      "slot": 2
    },
    "65机合流芯实际值": {
      "address": "VW354",
      "value": 136,
      "unit": "℃",
      "type": "Int",
      "is_readonly": true,
      "slot": 2
    },
    "芯层模具上设定值": {
      "address": "VW1130",
      "value": 135,
      "unit": "℃",
      "type": "Int",
      "is_readonly": false,
      "slot": 2
    },
    "芯层模具上实际值": {
      "address": "VW330",
      "value": 142,
      "unit": "℃",
      "type": "Int",
      "is_readonly": true,
      "slot": 2
    },
    "芯层模具下设定值": {
      "address": "VW1132",
      "value": 135,
      "unit": "℃",
      "type": "Int",
      "is_readonly": false,
      "slot": 2
    },
    "芯层模具下实际值": {
      "address": "VW332",
      "value": 142,
      "unit": "℃",
      "type": "Int",
      "is_readonly": true,
      "slot": 2
    },
    "芯层模具左设定值": {
      "address": "VW1134",
      "value": 130,
      "unit": "℃",
      "type": "Int",
      "is_readonly": false,
      "slot": 2
    },
    "芯层模具左实际值": {
      "address": "VW334",
      "value": 137,
      "unit": "℃",
      "type": "Int",
      "is_readonly": true,
      "slot": 2
    },
    "芯层模具右设定值": {
      "address": "VW1136",
      "value": 140,
      "unit": "℃",
      "type": "Int",
      "is_readonly": false,
      "slot": 2
    },
    "芯层模具右实际值": {
      "address": "VW336",
      "value": 139,
      "unit": "℃",
      "type": "Int",
      "is_readonly": true,
      "slot": 2
    },
    "外层模具上设定值": {
      "address": "VW1138",
      "value": 190,
      "unit": "℃",
      "type": "Int",
      "is_readonly": false,
      "slot": 2
    },
    "外层模具上实际值": {
      "address": "VW338",
      "value": 192,
      "unit": "℃",
      "type": "Int",
      "is_readonly": true,
      "slot": 2
    },
    "外层模具下设定值": {
      "address": "VW1140",
      "value": 180,
      "unit": "℃",
      "type": "Int",
      "is_readonly": false,
      "slot": 2
    },
    "外层模具下实际值": {
      "address": "VW340",
      "value": 181,
      "unit": "℃",
      "type": "Int",
      "is_readonly": true,
      "slot": 2
    },
    "外层模具左设定值": {
      "address": "VW1142",
      "value": 180,
      "unit": "℃",
      "type": "Int",
      "is_readonly": false,
      "slot": 2
    },
    "外层模具左实际值": {
      "address": "VW342",
      "value": 181,
      "unit": "",
      "type": "Int",
      "is_readonly": true,
      "slot": 2
    },
    "外层模具石设定值": {
      "address": "VW344",
      "value": 182,
      "unit": "℃",
      "type": "Int",
      "is_readonly": false,
      "slot": 2
    },
    "外层模具石实际值": {
      "address": "VW344",
      "value": 182,
      "unit": "℃",
      "type": "Int",
      "is_readonly": true,
      "slot": 2
    },
    "A组合流芯设定值": {
      "address": "VW146",
      "value": 200,
      "unit": "℃",
      "type": "Int",
      "is_readonly": false,
      "slot": 2
    },
    "A组合流芯实际值": {
      "address": "VW346",
      "value": 198,
      "unit": "℃",
      "type": "Int",
      "is_readonly": true,
      "slot": 2
    },
    "A组转接模设定值": {
      "address": "VW148",
      "value": 200,
      "unit": "℃",
      "type": "Int",
      "is_readonly": false,
      "slot": 2
    },
    "A组转接模实际值": {
      "address": "VW348",
      "value": 199,
      "unit": "℃",
      "type": "Int",
      "is_readonly": true,
      "slot": 2
    },
    "A组连接管设定值": {
      "address": "VW350",
      "value": 80,
      "unit": "℃",
      "type": "Int",
      "is_readonly": false,
      "slot": 2
    },
    "A组连接管实际值": {
      "address": "VW350",
      "value": 80,
      "unit": "℃",
      "type": "Int",
      "is_readonly": true,
      "slot": 2
    },
    "B组合流芯设定值": {
      "address": "VW352",
      "value": 154,
      "unit": "℃",
      "type": "Int",
      "is_readonly": false,
      "slot": 2
    },
    "B组合流芯实际值": {
      "address": "VW352",
      "value": 154,
      "unit": "℃",
      "type": "Int",
      "is_readonly": true,
      "slot": 2
    },
    "B组转接模设定值": {
      "address": "VW362",
      "value": 156,
      "unit": "℃",
      "type": "Int",
      "is_readonly": false,
      "slot": 2
    },
    "B组转接模实际值": {
      "address": "VW362",
      "value": 156,
      "unit": "℃",
      "type": "Int",
      "is_readonly": true,
      "slot": 2
    },
    "B组连接管设定值": {
      "address": "VW364",
      "value": 234,
      "unit": "℃",
      "type": "Int",
      "is_readonly": false,
      "slot": 2
    },
    "B组连接管实际值": {
      "address": "VW364",
      "value": 234,
      "unit": "℃",
      "type": "Int",
      "is_readonly": true,
      "slot": 2
    },
    "35A转速设定值": {
      "address": "VD508",
      "value": 0.0,
      "unit": "RPM",
      "type": "Real",
      "is_readonly": false,
      "slot": 2
    },
    "35A转速实际值": {
      "address": "VD532",
      "value": 0.0,
      "unit": "RPM",
      "type": "Real",
      "is_readonly": true,
      "slot": 2
    },
    "35A电流设定值": {
      "address": "VD2300",
      "value": 0.0,
      "unit": "%",
      "type": "Real",
      "is_readonly": false,
      "slot": 2
    },
    "35A电流实际值": {
      "address": "VD556",
      "value": 0.0,
      "unit": "A",
      "type": "Real",
      "is_readonly": true,
      "slot": 2
    },
    "35B转速设定值": {
      "address": "VD212",
      "value": 0.0,
      "unit": "RPM",
      "type": "Real",
      "is_readonly": false,
      "slot": 2
    },
    "35B转速实际值": {
      "address": "VD236",
      "value": 0.0,
      "unit": "RPM",
      "type": "Real",
      "is_readonly": true,
      "slot": 2
    },
    "35B电流设定值": {
      "address": "VD3308",
      "value": 0.0,
      "unit": "%",
      "type": "Real",
      "is_readonly": false,
      "slot": 2
    },
    "35B电流实际值": {
      "address": "VD264",
      "value": 0.0,
      "unit": "A",
      "type": "Real",
      "is_readonly": true,
      "slot": 2
    },
    "A组35机1区设定值": {
      "address": "VW116",
      "value": 145,
      "unit": "℃",
      "type": "Int",
      "is_readonly": false,
      "slot": 2
    },
    "A组35机1区实际值": {
      "address": "VW118",
      "value": 200,
      "unit": "℃",
      "type": "Int",
      "is_readonly": true,
      "slot": 2
    },
    "A组35机2区设定值": {
      "address": "VW316",
      "value": 144,
      "unit": "℃",
      "type": "Int",
      "is_readonly": false,
      "slot": 2
    },
    "A组35机2区实际值": {
      "address": "VW318",
      "value": 198,
      "unit": "℃",
      "type": "Int",
      "is_readonly": true,
      "slot": 2
    },
    "A组35机3区设定值": {
      "address": "VW368",
      "value": 195,
      "unit": "℃",
      "type": "Int",
      "is_readonly": false,
      "slot": 2
    },
    "A组35机3区实际值": {
      "address": "VW370",
      "value": 144,
      "unit": "℃",
      "type": "Int",
      "is_readonly": true,
      "slot": 2
    },
    "B组35机1区设定值": {
      "address": "VW118",
      "value": 200,
      "unit": "℃",
      "type": "Int",
      "is_readonly": false,
      "slot": 2
    },
    "B组35机1区实际值": {
      "address": "VW370",
      "value": 144,
      "unit": "℃",
      "type": "Int",
      "is_readonly": true,
      "slot": 2
    },
    "B组35机2区设定值": {
      "address": "VW120",
      "value": 155,
      "unit": "℃",
      "type": "Int",
      "is_readonly": false,
      "slot": 2
    },
    "B组35机2区实际值": {
      "address": "VW322",
      "value": 153,
      "unit": "℃",
      "type": "Int",
      "is_readonly": true,
      "slot": 2
    },
    "B组35机3区设定值": {
      "address": "VW112",
      "value": 150,
      "unit": "℃",
      "type": "Int",
      "is_readonly": false,
      "slot": 2
    },
    "B组35机3区实际值": {
      "address": "VW312",
      "value": 148,
      "unit": "℃",
      "type": "Int",
      "is_readonly": true,
      "slot": 2
    },
    "A组备用1设定值": {
      "address": "VW160",
      "value": 0,
      "unit": "℃",
      "type": "Int",
      "is_readonly": false,
      "slot": 2
    },
    "A组备用1实际值": {
      "address": "VW312",
      "value": 148,
      "unit": "℃",
      "type": "Int",
      "is_readonly": true,
      "slot": 2
    },
    "A组备用2设定值": {
      "address": "VW166",
      "value": 0,
      "unit": "℃",
      "type": "Int",
      "is_readonly": false,
      "slot": 2
    },
    "A组备用2实际值": {
      "address": "VW366",
      "value": 3276,
      "unit": "℃",
      "type": "Int",
      "is_readonly": true,
      "slot": 2
    },
    "B组备用1设定值": {
      "address": "VW156",
      "value": 0,
      "unit": "℃",
      "type": "Int",
      "is_readonly": false,
      "slot": 2
    },
    "B组备用1实际值": {
      "address": "VW356",
      "value": 3276,
      "unit": "℃",
      "type": "Int",
      "is_readonly": true,
      "slot": 2
    },
    "B组备用2设定值": {
      "address": "VW158",
      "value": 0,
      "unit": "℃",
      "type": "Int",
      "is_readonly": false,
      "slot": 2
    },
    "B组备用2实际值": {
      "address": "VW358",
      "value": 3276,
      "unit": "℃",
      "type": "Int",
      "is_readonly": true,
      "slot": 2
    },
    "25B调速故障": {
      "address": "V4550.7",
      "value": false,
      "unit": "",
      "type": "Bool",
      "is_readonly": true,
      "slot": 3
    },
    "25B料筒冷却风机故障": {
      "address": "V4550.4",
      "value": false,
      "unit": "",
      "type": "Bool",
      "is_readonly": false,
      "slot": 3
    },
    "25A调速故障": {
      "address": "V4551.4",
      "value": false,
      "unit": "",
      "type": "Bool",
      "is_readonly": true,
      "slot": 3
    },
    "25A料筒冷却风机故障": {
      "address": "V4550.6",
      "value": false,
      "unit": "",
      "type": "Bool",
      "is_readonly": true,
      "slot": 3
    },
    "25A过电流": {
      "address": "V4551.7",
      "value": false,
      "unit": "",
      "type": "Bool",
      "is_readonly": false,
      "slot": 3
    },
    "25B转速设定值": {
      "address": "VD212",
      "value": 0.0,
      "unit": "RPM",
      "type": "Real",
      "is_readonly": false,
      "slot": 3
    },
    "25B转速实际值": {
      "address": "VD532",
      "value": 0.0,
      "unit": "RPM",
      "type": "Real",
      "is_readonly": true,
      "slot": 3
    },
    "25B电流设定值": {
      "address": "VD2300",
      "value": 0.0,
      "unit": "%",
      "type": "Real",
      "is_readonly": false,
      "slot": 3
    },
    "25B电流实际值": {
      "address": "VD556",
      "value": 0.0,
      "unit": "A",
      "type": "Real",
      "is_readonly": true,
      "slot": 3
    },
    "25A转速设定值": {
      "address": "VD208",
      "value": 4.699997901916504,
      "unit": "RPM",
      "type": "Real",
      "is_readonly": false,
      "slot": 3
    },
    "25A转速实际值": {
      "address": "VD232",
      "value": 0.0,
      "unit": "RPM",
      "type": "Real",
      "is_readonly": true,
      "slot": 3
    },
    "25A电流设定值": {
      "address": "VD3300",
      "value": 0.0,
      "unit": "%",
      "type": "Real",
      "is_readonly": false,
      "slot": 3
    },
    "25A电流实际值": {
      "address": "VD256",
      "value": 0.0,
      "unit": "A",
      "type": "Real",
      "is_readonly": true,
      "slot": 3
    },
    "B组25机1区设定值": {
      "address": "VW102",
      "value": 145,
      "unit": "℃",
      "type": "Int",
      "is_readonly": false,
      "slot": 3
    },
    "B组25机1区实际值": {
      "address": "VW104",
      "value": 235,
      "unit": "℃",
      "type": "Int",
      "is_readonly": true,
      "slot": 3
    },
    "B组25机2区设定值": {
      "address": "VW104",
      "value": 235,
      "unit": "℃",
      "type": "Int",
      "is_readonly": false,
      "slot": 3
    },
    "B组25机2区实际值": {
      "address": "VW304",
      "value": 233,
      "unit": "℃",
      "type": "Int",
      "is_readonly": true,
      "slot": 3
    },
    "B组25机3区设定值": {
      "address": "VW106",
      "value": 235,
      "unit": "℃",
      "type": "Int",
      "is_readonly": false,
      "slot": 3
    },
    "B组25机3区实际值": {
      "address": "VW306",
      "value": 230,
      "unit": "℃",
      "type": "Int",
      "is_readonly": true,
      "slot": 3
    },
    "A组25机1区设定值": {
      "address": "VW108",
      "value": 145,
      "unit": "℃",
      "type": "Int",
      "is_readonly": false,
      "slot": 3
    },
    "A组25机1区实际值": {
      "address": "VW308",
      "value": 40,
      "unit": "℃",
      "type": "Int",
      "is_readonly": true,
      "slot": 3
    },
    "A组25机2区设定值": {
      "address": "VW116",
      "value": 170,
      "unit": "℃",
      "type": "Int",
      "is_readonly": false,
      "slot": 3
    },
    "A组25机2区实际值": {
      "address": "VW316",
      "value": 42,
      "unit": "℃",
      "type": "Int",
      "is_readonly": true,
      "slot": 3
    },
    "A组25机3区设定值": {
      "address": "VW118",
      "value": 170,
      "unit": "℃",
      "type": "Int",
      "is_readonly": false,
      "slot": 3
    },
    "A组25机3区实际值": {
      "address": "VW318",
      "value": 44,
      "unit": "℃",
      "type": "Int",
      "is_readonly": true,
      "slot": 3
    },
    "25B共挤备用1设定值": {
      "address": "VW130",
      "value": 0,
      "unit": "℃",
      "type": "Int",
      "is_readonly": false,
      "slot": 3
    },
    "25B共挤备用1实际值": {
      "address": "VW330",
      "value": 3276,
      "unit": "℃",
      "type": "Int",
      "is_readonly": true,
      "slot": 3
    },
    "25B共挤备用2设定值": {
      "address": "VW132",
      "value": 0,
      "unit": "℃",
      "type": "Int",
      "is_readonly": false,
      "slot": 3
    },
    "25B共挤备用2实际值": {
      "address": "VW332",
      "value": 3276,
      "unit": "℃",
      "type": "Int",
      "is_readonly": true,
      "slot": 3
    },
    "25A共挤备用1设定值": {
      "address": "VW134",
      "value": 0,
      "unit": "℃",
      "type": "Int",
      "is_readonly": false,
      "slot": 3
    },
    "25A共挤备用1实际值": {
      "address": "VW334",
      "value": 3276,
      "unit": "℃",
      "type": "Int",
      "is_readonly": true,
      "slot": 3
    },
    "25A共挤备用2设定值": {
      "address": "VW136",
      "value": 0,
      "unit": "℃",
      "type": "Int",
      "is_readonly": false,
      "slot": 3
    },
    "25A共挤备用2实际值": {
      "address": "VW336",
      "value": 3276,
      "unit": "℃",
      "type": "Int",
      "is_readonly": true,
      "slot": 3
    }
  }
}
------------------------------------------------------------
2026-05-09 15:41:03 | 读取PLC | 机台 | 用户ID:1
请求参数:
{
  "主机料温过低": {
    "address": "V4551.2",
    "value": false,
    "unit": "",
    "type": "Bool"
  },
  "主机料温过高": {
    "address": "V4551.1",
    "value": false,
    "unit": "",
    "type": "Bool"
  },
  "主机调速故障": {
    "address": "V4551.4",
    "value": false,
    "unit": "",
    "type": "Bool"
  },
  "主机过电流": {
    "address": "V4551.7",
    "value": false,
    "unit": "",
    "type": "Bool"
  },
  "主机料筒冷却风机故障": {
    "address": "V4550.4",
    "value": false,
    "unit": "",
    "type": "Bool"
  },
  "喂料调速器故障": {
    "address": "V4553.0",
    "value": false,
    "unit": "",
    "type": "Bool"
  },
  "喂料过电流": {
    "address": "V4553.1",
    "value": false,
    "unit": "",
    "type": "Bool"
  },
  "螺杆异位报警": {
    "address": "V4551.3",
    "value": false,
    "unit": "",
    "type": "Bool"
  },
  "主机急停未松开": {
    "address": "V4551.0",
    "value": false,
    "unit": "",
    "type": "Bool"
  },
  "35A调速故障": {
    "address": "V4550.1",
    "value": false,
    "unit": "",
    "type": "Bool"
  },
  "35A料筒冷却风机故障": {
    "address": "V4550.6",
    "value": false,
    "unit": "",
    "type": "Bool"
  },
  "35B调速故障": {
    "address": "V4550.5",
    "value": false,
    "unit": "",
    "type": "Bool"
  },
  "35B过电流": {
    "address": "V4550.0",
    "value": false,
    "unit": "",
    "type": "Bool"
  },
  "35B料筒冷却风机故障": {
    "address": "V4553.2",
    "value": false,
    "unit": "",
    "type": "Bool"
  },
  "主机转速设定值": {
    "address": "VD208",
    "value": 3.0,
    "unit": "RPM",
    "type": "Real"
  },
  "主机转速实际值": {
    "address": "VD232",
    "value": 0.0,
    "unit": "RPM",
    "type": "Real"
  },
  "主机电流负载占比": {
    "address": "VD3300",
    "value": 0.0,
    "unit": "%",
    "type": "Real"
  },
  "主机电流值": {
    "address": "VD256",
    "value": 0.0,
    "unit": "A",
    "type": "Real"
  },
  "喂料转速设定值": {
    "address": "VD32",
    "value": 6.000001907348633,
    "unit": "RPM",
    "type": "Real"
  },
  "喂料转速实际值": {
    "address": "VD244",
    "value": 0.0,
    "unit": "RPM",
    "type": "Real"
  },
  "喂料电流负载占比": {
    "address": "VD3304",
    "value": 0.0,
    "unit": "%",
    "type": "Real"
  },
  "喂料电流值": {
    "address": "VD260",
    "value": 0.0,
    "unit": "A",
    "type": "Real"
  },
  "65机筒1区设定值": {
    "address": "VW102",
    "value": 180,
    "unit": "℃",
    "type": "Int"
  },
  "65机筒1区实际值": {
    "address": "VW302",
    "value": 179,
    "unit": "℃",
    "type": "Int"
  },
  "65机筒2区设定值": {
    "address": "VW104",
    "value": 185,
    "unit": "℃",
    "type": "Int"
  },
  "65机筒2区实际值": {
    "address": "VW304",
    "value": 184,
    "unit": "℃",
    "type": "Int"
  },
  "65机筒3区设定值": {
    "address": "VW106",
    "value": 140,
    "unit": "℃",
    "type": "Int"
  },
  "65机筒3区实际值": {
    "address": "VW306",
    "value": 140,
    "unit": "℃",
    "type": "Int"
  },
  "65机筒4区设定值": {
    "address": "VW108",
    "value": 135,
    "unit": "℃",
    "type": "Int"
  },
  "65机筒4区实际值": {
    "address": "VW308",
    "value": 131,
    "unit": "℃",
    "type": "Int"
  },
  "65机合流芯设定值": {
    "address": "VW154",
    "value": 140,
    "unit": "℃",
    "type": "Int"
  },
  "65机合流芯实际值": {
    "address": "VW354",
    "value": 136,
    "unit": "℃",
    "type": "Int"
  },
  "芯层模具上设定值": {
    "address": "VW1130",
    "value": 135,
    "unit": "℃",
    "type": "Int"
  },
  "芯层模具上实际值": {
    "address": "VW330",
    "value": 141,
    "unit": "℃",
    "type": "Int"
  },
  "芯层模具下设定值": {
    "address": "VW1132",
    "value": 135,
    "unit": "℃",
    "type": "Int"
  },
  "芯层模具下实际值": {
    "address": "VW332",
    "value": 142,
    "unit": "℃",
    "type": "Int"
  },
  "芯层模具左设定值": {
    "address": "VW1134",
    "value": 130,
    "unit": "℃",
    "type": "Int"
  },
  "芯层模具左实际值": {
    "address": "VW334",
    "value": 137,
    "unit": "℃",
    "type": "Int"
  },
  "芯层模具右设定值": {
    "address": "VW1136",
    "value": 140,
    "unit": "℃",
    "type": "Int"
  },
  "芯层模具右实际值": {
    "address": "VW336",
    "value": 139,
    "unit": "℃",
    "type": "Int"
  },
  "外层模具上设定值": {
    "address": "VW1138",
    "value": 190,
    "unit": "℃",
    "type": "Int"
  },
  "外层模具上实际值": {
    "address": "VW338",
    "value": 189,
    "unit": "℃",
    "type": "Int"
  },
  "外层模具下设定值": {
    "address": "VW1140",
    "value": 180,
    "unit": "℃",
    "type": "Int"
  },
  "外层模具下实际值": {
    "address": "VW340",
    "value": 180,
    "unit": "℃",
    "type": "Int"
  },
  "外层模具左设定值": {
    "address": "VW1142",
    "value": 180,
    "unit": "℃",
    "type": "Int"
  },
  "外层模具左实际值": {
    "address": "VW342",
    "value": 181,
    "unit": "",
    "type": "Int"
  },
  "外层模具石设定值": {
    "address": "VW344",
    "value": 180,
    "unit": "℃",
    "type": "Int"
  },
  "外层模具石实际值": {
    "address": "VW344",
    "value": 180,
    "unit": "℃",
    "type": "Int"
  },
  "A组合流芯设定值": {
    "address": "VW146",
    "value": 200,
    "unit": "℃",
    "type": "Int"
  },
  "A组合流芯实际值": {
    "address": "VW346",
    "value": 194,
    "unit": "℃",
    "type": "Int"
  },
  "A组转接模设定值": {
    "address": "VW148",
    "value": 200,
    "unit": "℃",
    "type": "Int"
  },
  "A组转接模实际值": {
    "address": "VW348",
    "value": 196,
    "unit": "℃",
    "type": "Int"
  },
  "A组连接管设定值": {
    "address": "VW150",
    "value": 0,
    "unit": "℃",
    "type": "Int"
  },
  "A组连接管实际值": {
    "address": "VW350",
    "value": 80,
    "unit": "℃",
    "type": "Int"
  },
  "B组合流芯设定值": {
    "address": "VW152",
    "value": 155,
    "unit": "℃",
    "type": "Int"
  },
  "B组合流芯实际值": {
    "address": "VW352",
    "value": 154,
    "unit": "℃",
    "type": "Int"
  },
  "B组转接模设定值": {
    "address": "VW162",
    "value": 155,
    "unit": "℃",
    "type": "Int"
  },
  "B组转接模实际值": {
    "address": "VW362",
    "value": 156,
    "unit": "℃",
    "type": "Int"
  },
  "B组连接管设定值": {
    "address": "VW164",
    "value": 230,
    "unit": "℃",
    "type": "Int"
  },
  "B组连接管实际值": {
    "address": "VW364",
    "value": 239,
    "unit": "℃",
    "type": "Int"
  },
  "35A转速设定值": {
    "address": "VD508",
    "value": 0.0,
    "unit": "RPM",
    "type": "Real"
  },
  "35A转速实际值": {
    "address": "VD532",
    "value": 0.0,
    "unit": "RPM",
    "type": "Real"
  },
  "35A电流设定值": {
    "address": "VD2300",
    "value": 0.0,
    "unit": "%",
    "type": "Real"
  },
  "35A电流实际值": {
    "address": "VD556",
    "value": 0.0,
    "unit": "A",
    "type": "Real"
  },
  "35B转速设定值": {
    "address": "VD212",
    "value": 0.0,
    "unit": "RPM",
    "type": "Real"
  },
  "35B转速实际值": {
    "address": "VD236",
    "value": 0.0,
    "unit": "RPM",
    "type": "Real"
  },
  "35B电流设定值": {
    "address": "VD3308",
    "value": 0.0,
    "unit": "%",
    "type": "Real"
  },
  "35B电流实际值": {
    "address": "VD264",
    "value": 0.0,
    "unit": "A",
    "type": "Real"
  },
  "A组35机1区设定值": {
    "address": "VW116",
    "value": 145,
    "unit": "℃",
    "type": "Int"
  },
  "A组35机1区实际值": {
    "address": "VW118",
    "value": 200,
    "unit": "℃",
    "type": "Int"
  },
  "A组35机2区设定值": {
    "address": "VW316",
    "value": 144,
    "unit": "℃",
    "type": "Int"
  },
  "A组35机2区实际值": {
    "address": "VW318",
    "value": 199,
    "unit": "℃",
    "type": "Int"
  },
  "A组35机3区设定值": {
    "address": "VW368",
    "value": 196,
    "unit": "℃",
    "type": "Int"
  },
  "A组35机3区实际值": {
    "address": "VW370",
    "value": 143,
    "unit": "℃",
    "type": "Int"
  },
  "B组35机1区设定值": {
    "address": "VW118",
    "value": 200,
    "unit": "℃",
    "type": "Int"
  },
  "B组35机1区实际值": {
    "address": "VW370",
    "value": 143,
    "unit": "℃",
    "type": "Int"
  },
  "B组35机2区设定值": {
    "address": "VW120",
    "value": 155,
    "unit": "℃",
    "type": "Int"
  },
  "B组35机2区实际值": {
    "address": "VW322",
    "value": 154,
    "unit": "℃",
    "type": "Int"
  },
  "B组35机3区设定值": {
    "address": "VW112",
    "value": 150,
    "unit": "℃",
    "type": "Int"
  },
  "B组35机3区实际值": {
    "address": "VW312",
    "value": 149,
    "unit": "℃",
    "type": "Int"
  },
  "A组备用1设定值": {
    "address": "VW160",
    "value": 0,
    "unit": "℃",
    "type": "Int"
  },
  "A组备用1实际值": {
    "address": "VW312",
    "value": 149,
    "unit": "℃",
    "type": "Int"
  },
  "A组备用2设定值": {
    "address": "VW166",
    "value": 0,
    "unit": "℃",
    "type": "Int"
  },
  "A组备用2实际值": {
    "address": "VW366",
    "value": 3276,
    "unit": "℃",
    "type": "Int"
  },
  "B组备用1设定值": {
    "address": "VW156",
    "value": 0,
    "unit": "℃",
    "type": "Int"
  },
  "B组备用1实际值": {
    "address": "VW356",
    "value": 3276,
    "unit": "℃",
    "type": "Int"
  },
  "B组备用2设定值": {
    "address": "VW158",
    "value": 0,
    "unit": "℃",
    "type": "Int"
  },
  "B组备用2实际值": {
    "address": "VW358",
    "value": 3276,
    "unit": "℃",
    "type": "Int"
  },
  "25B调速故障": {
    "address": "V4550.7",
    "value": false,
    "unit": "",
    "type": "Bool"
  },
  "25B料筒冷却风机故障": {
    "address": "V4550.4",
    "value": false,
    "unit": "",
    "type": "Bool"
  },
  "25A调速故障": {
    "address": "V4551.4",
    "value": false,
    "unit": "",
    "type": "Bool"
  },
  "25A料筒冷却风机故障": {
    "address": "V4550.6",
    "value": false,
    "unit": "",
    "type": "Bool"
  },
  "25A过电流": {
    "address": "V4551.7",
    "value": false,
    "unit": "",
    "type": "Bool"
  },
  "25B转速设定值": {
    "address": "VD212",
    "value": 0.0,
    "unit": "RPM",
    "type": "Real"
  },
  "25B转速实际值": {
    "address": "VD532",
    "value": 0.0,
    "unit": "RPM",
    "type": "Real"
  },
  "25B电流设定值": {
    "address": "VD2300",
    "value": 0.0,
    "unit": "%",
    "type": "Real"
  },
  "25B电流实际值": {
    "address": "VD556",
    "value": 0.0,
    "unit": "A",
    "type": "Real"
  },
  "25A转速设定值": {
    "address": "VD208",
    "value": 4.699997901916504,
    "unit": "RPM",
    "type": "Real"
  },
  "25A转速实际值": {
    "address": "VD232",
    "value": 0.0,
    "unit": "RPM",
    "type": "Real"
  },
  "25A电流设定值": {
    "address": "VD3300",
    "value": 0.0,
    "unit": "%",
    "type": "Real"
  },
  "25A电流实际值": {
    "address": "VD256",
    "value": 0.0,
    "unit": "A",
    "type": "Real"
  },
  "B组25机1区设定值": {
    "address": "VW102",
    "value": 145,
    "unit": "℃",
    "type": "Int"
  },
  "B组25机1区实际值": {
    "address": "VW104",
    "value": 235,
    "unit": "℃",
    "type": "Int"
  },
  "B组25机2区设定值": {
    "address": "VW104",
    "value": 235,
    "unit": "℃",
    "type": "Int"
  },
  "B组25机2区实际值": {
    "address": "VW304",
    "value": 232,
    "unit": "℃",
    "type": "Int"
  },
  "B组25机3区设定值": {
    "address": "VW106",
    "value": 235,
    "unit": "℃",
    "type": "Int"
  },
  "B组25机3区实际值": {
    "address": "VW306",
    "value": 230,
    "unit": "℃",
    "type": "Int"
  },
  "A组25机1区设定值": {
    "address": "VW108",
    "value": 145,
    "unit": "℃",
    "type": "Int"
  },
  "A组25机1区实际值": {
    "address": "VW308",
    "value": 40,
    "unit": "℃",
    "type": "Int"
  },
  "A组25机2区设定值": {
    "address": "VW116",
    "value": 170,
    "unit": "℃",
    "type": "Int"
  },
  "A组25机2区实际值": {
    "address": "VW316",
    "value": 42,
    "unit": "℃",
    "type": "Int"
  },
  "A组25机3区设定值": {
    "address": "VW118",
    "value": 170,
    "unit": "℃",
    "type": "Int"
  },
  "A组25机3区实际值": {
    "address": "VW318",
    "value": 44,
    "unit": "℃",
    "type": "Int"
  },
  "25B共挤备用1设定值": {
    "address": "VW130",
    "value": 0,
    "unit": "℃",
    "type": "Int"
  },
  "25B共挤备用1实际值": {
    "address": "VW330",
    "value": 3276,
    "unit": "℃",
    "type": "Int"
  },
  "25B共挤备用2设定值": {
    "address": "VW132",
    "value": 0,
    "unit": "℃",
    "type": "Int"
  },
  "25B共挤备用2实际值": {
    "address": "VW332",
    "value": 3276,
    "unit": "℃",
    "type": "Int"
  },
  "25A共挤备用1设定值": {
    "address": "VW134",
    "value": 0,
    "unit": "℃",
    "type": "Int"
  },
  "25A共挤备用1实际值": {
    "address": "VW334",
    "value": 3276,
    "unit": "℃",
    "type": "Int"
  },
  "25A共挤备用2设定值": {
    "address": "VW136",
    "value": 0,
    "unit": "℃",
    "type": "Int"
  },
  "25A共挤备用2实际值": {
    "address": "VW336",
    "value": 3276,
    "unit": "℃",
    "type": "Int"
  }
}
详情: 机台: 默认挤出机 (ID: 1), 参数数量: 121
返回结果:
{
  "machine": {
    "id": 1,
    "name": "默认挤出机"
  },
  "parameters": {
    "主机料温过低": {
      "address": "V4551.2",
      "value": false,
      "unit": "",
      "type": "Bool",
      "is_readonly": true,
      "slot": 2
    },
    "主机料温过高": {
      "address": "V4551.1",
      "value": false,
      "unit": "",
      "type": "Bool",
      "is_readonly": true,
      "slot": 2
    },
    "主机调速故障": {
      "address": "V4551.4",
      "value": false,
      "unit": "",
      "type": "Bool",
      "is_readonly": true,
      "slot": 2
    },
    "主机过电流": {
      "address": "V4551.7",
      "value": false,
      "unit": "",
      "type": "Bool",
      "is_readonly": true,
      "slot": 2
    },
    "主机料筒冷却风机故障": {
      "address": "V4550.4",
      "value": false,
      "unit": "",
      "type": "Bool",
      "is_readonly": true,
      "slot": 2
    },
    "喂料调速器故障": {
      "address": "V4553.0",
      "value": false,
      "unit": "",
      "type": "Bool",
      "is_readonly": true,
      "slot": 2
    },
    "喂料过电流": {
      "address": "V4553.1",
      "value": false,
      "unit": "",
      "type": "Bool",
      "is_readonly": true,
      "slot": 2
    },
    "螺杆异位报警": {
      "address": "V4551.3",
      "value": false,
      "unit": "",
      "type": "Bool",
      "is_readonly": true,
      "slot": 2
    },
    "主机急停未松开": {
      "address": "V4551.0",
      "value": false,
      "unit": "",
      "type": "Bool",
      "is_readonly": true,
      "slot": 2
    },
    "35A调速故障": {
      "address": "V4550.1",
      "value": false,
      "unit": "",
      "type": "Bool",
      "is_readonly": true,
      "slot": 2
    },
    "35A料筒冷却风机故障": {
      "address": "V4550.6",
      "value": false,
      "unit": "",
      "type": "Bool",
      "is_readonly": true,
      "slot": 2
    },
    "35B调速故障": {
      "address": "V4550.5",
      "value": false,
      "unit": "",
      "type": "Bool",
      "is_readonly": true,
      "slot": 2
    },
    "35B过电流": {
      "address": "V4550.0",
      "value": false,
      "unit": "",
      "type": "Bool",
      "is_readonly": true,
      "slot": 2
    },
    "35B料筒冷却风机故障": {
      "address": "V4553.2",
      "value": false,
      "unit": "",
      "type": "Bool",
      "is_readonly": true,
      "slot": 2
    },
    "主机转速设定值": {
      "address": "VD208",
      "value": 3.0,
      "unit": "RPM",
      "type": "Real",
      "is_readonly": false,
      "slot": 2
    },
    "主机转速实际值": {
      "address": "VD232",
      "value": 0.0,
      "unit": "RPM",
      "type": "Real",
      "is_readonly": true,
      "slot": 2
    },
    "主机电流负载占比": {
      "address": "VD3300",
      "value": 0.0,
      "unit": "%",
      "type": "Real",
      "is_readonly": true,
      "slot": 2
    },
    "主机电流值": {
      "address": "VD256",
      "value": 0.0,
      "unit": "A",
      "type": "Real",
      "is_readonly": true,
      "slot": 2
    },
    "喂料转速设定值": {
      "address": "VD32",
      "value": 6.000001907348633,
      "unit": "RPM",
      "type": "Real",
      "is_readonly": false,
      "slot": 2
    },
    "喂料转速实际值": {
      "address": "VD244",
      "value": 0.0,
      "unit": "RPM",
      "type": "Real",
      "is_readonly": true,
      "slot": 2
    },
    "喂料电流负载占比": {
      "address": "VD3304",
      "value": 0.0,
      "unit": "%",
      "type": "Real",
      "is_readonly": true,
      "slot": 2
    },
    "喂料电流值": {
      "address": "VD260",
      "value": 0.0,
      "unit": "A",
      "type": "Real",
      "is_readonly": true,
      "slot": 2
    },
    "65机筒1区设定值": {
      "address": "VW102",
      "value": 180,
      "unit": "℃",
      "type": "Int",
      "is_readonly": false,
      "slot": 2
    },
    "65机筒1区实际值": {
      "address": "VW302",
      "value": 179,
      "unit": "℃",
      "type": "Int",
      "is_readonly": true,
      "slot": 2
    },
    "65机筒2区设定值": {
      "address": "VW104",
      "value": 185,
      "unit": "℃",
      "type": "Int",
      "is_readonly": false,
      "slot": 2
    },
    "65机筒2区实际值": {
      "address": "VW304",
      "value": 184,
      "unit": "℃",
      "type": "Int",
      "is_readonly": true,
      "slot": 2
    },
    "65机筒3区设定值": {
      "address": "VW106",
      "value": 140,
      "unit": "℃",
      "type": "Int",
      "is_readonly": false,
      "slot": 2
    },
    "65机筒3区实际值": {
      "address": "VW306",
      "value": 140,
      "unit": "℃",
      "type": "Int",
      "is_readonly": true,
      "slot": 2
    },
    "65机筒4区设定值": {
      "address": "VW108",
      "value": 135,
      "unit": "℃",
      "type": "Int",
      "is_readonly": false,
      "slot": 2
    },
    "65机筒4区实际值": {
      "address": "VW308",
      "value": 131,
      "unit": "℃",
      "type": "Int",
      "is_readonly": true,
      "slot": 2
    },
    "65机合流芯设定值": {
      "address": "VW154",
      "value": 140,
      "unit": "℃",
      "type": "Int",
      "is_readonly": false,
      "slot": 2
    },
    "65机合流芯实际值": {
      "address": "VW354",
      "value": 136,
      "unit": "℃",
      "type": "Int",
      "is_readonly": true,
      "slot": 2
    },
    "芯层模具上设定值": {
      "address": "VW1130",
      "value": 135,
      "unit": "℃",
      "type": "Int",
      "is_readonly": false,
      "slot": 2
    },
    "芯层模具上实际值": {
      "address": "VW330",
      "value": 141,
      "unit": "℃",
      "type": "Int",
      "is_readonly": true,
      "slot": 2
    },
    "芯层模具下设定值": {
      "address": "VW1132",
      "value": 135,
      "unit": "℃",
      "type": "Int",
      "is_readonly": false,
      "slot": 2
    },
    "芯层模具下实际值": {
      "address": "VW332",
      "value": 142,
      "unit": "℃",
      "type": "Int",
      "is_readonly": true,
      "slot": 2
    },
    "芯层模具左设定值": {
      "address": "VW1134",
      "value": 130,
      "unit": "℃",
      "type": "Int",
      "is_readonly": false,
      "slot": 2
    },
    "芯层模具左实际值": {
      "address": "VW334",
      "value": 137,
      "unit": "℃",
      "type": "Int",
      "is_readonly": true,
      "slot": 2
    },
    "芯层模具右设定值": {
      "address": "VW1136",
      "value": 140,
      "unit": "℃",
      "type": "Int",
      "is_readonly": false,
      "slot": 2
    },
    "芯层模具右实际值": {
      "address": "VW336",
      "value": 139,
      "unit": "℃",
      "type": "Int",
      "is_readonly": true,
      "slot": 2
    },
    "外层模具上设定值": {
      "address": "VW1138",
      "value": 190,
      "unit": "℃",
      "type": "Int",
      "is_readonly": false,
      "slot": 2
    },
    "外层模具上实际值": {
      "address": "VW338",
      "value": 189,
      "unit": "℃",
      "type": "Int",
      "is_readonly": true,
      "slot": 2
    },
    "外层模具下设定值": {
      "address": "VW1140",
      "value": 180,
      "unit": "℃",
      "type": "Int",
      "is_readonly": false,
      "slot": 2
    },
    "外层模具下实际值": {
      "address": "VW340",
      "value": 180,
      "unit": "℃",
      "type": "Int",
      "is_readonly": true,
      "slot": 2
    },
    "外层模具左设定值": {
      "address": "VW1142",
      "value": 180,
      "unit": "℃",
      "type": "Int",
      "is_readonly": false,
      "slot": 2
    },
    "外层模具左实际值": {
      "address": "VW342",
      "value": 181,
      "unit": "",
      "type": "Int",
      "is_readonly": true,
      "slot": 2
    },
    "外层模具石设定值": {
      "address": "VW344",
      "value": 180,
      "unit": "℃",
      "type": "Int",
      "is_readonly": false,
      "slot": 2
    },
    "外层模具石实际值": {
      "address": "VW344",
      "value": 180,
      "unit": "℃",
      "type": "Int",
      "is_readonly": true,
      "slot": 2
    },
    "A组合流芯设定值": {
      "address": "VW146",
      "value": 200,
      "unit": "℃",
      "type": "Int",
      "is_readonly": false,
      "slot": 2
    },
    "A组合流芯实际值": {
      "address": "VW346",
      "value": 194,
      "unit": "℃",
      "type": "Int",
      "is_readonly": true,
      "slot": 2
    },
    "A组转接模设定值": {
      "address": "VW148",
      "value": 200,
      "unit": "℃",
      "type": "Int",
      "is_readonly": false,
      "slot": 2
    },
    "A组转接模实际值": {
      "address": "VW348",
      "value": 196,
      "unit": "℃",
      "type": "Int",
      "is_readonly": true,
      "slot": 2
    },
    "A组连接管设定值": {
      "address": "VW150",
      "value": 0,
      "unit": "℃",
      "type": "Int",
      "is_readonly": false,
      "slot": 2
    },
    "A组连接管实际值": {
      "address": "VW350",
      "value": 80,
      "unit": "℃",
      "type": "Int",
      "is_readonly": true,
      "slot": 2
    },
    "B组合流芯设定值": {
      "address": "VW152",
      "value": 155,
      "unit": "℃",
      "type": "Int",
      "is_readonly": false,
      "slot": 2
    },
    "B组合流芯实际值": {
      "address": "VW352",
      "value": 154,
      "unit": "℃",
      "type": "Int",
      "is_readonly": true,
      "slot": 2
    },
    "B组转接模设定值": {
      "address": "VW162",
      "value": 155,
      "unit": "℃",
      "type": "Int",
      "is_readonly": false,
      "slot": 2
    },
    "B组转接模实际值": {
      "address": "VW362",
      "value": 156,
      "unit": "℃",
      "type": "Int",
      "is_readonly": true,
      "slot": 2
    },
    "B组连接管设定值": {
      "address": "VW164",
      "value": 230,
      "unit": "℃",
      "type": "Int",
      "is_readonly": false,
      "slot": 2
    },
    "B组连接管实际值": {
      "address": "VW364",
      "value": 239,
      "unit": "℃",
      "type": "Int",
      "is_readonly": true,
      "slot": 2
    },
    "35A转速设定值": {
      "address": "VD508",
      "value": 0.0,
      "unit": "RPM",
      "type": "Real",
      "is_readonly": false,
      "slot": 2
    },
    "35A转速实际值": {
      "address": "VD532",
      "value": 0.0,
      "unit": "RPM",
      "type": "Real",
      "is_readonly": true,
      "slot": 2
    },
    "35A电流设定值": {
      "address": "VD2300",
      "value": 0.0,
      "unit": "%",
      "type": "Real",
      "is_readonly": false,
      "slot": 2
    },
    "35A电流实际值": {
      "address": "VD556",
      "value": 0.0,
      "unit": "A",
      "type": "Real",
      "is_readonly": true,
      "slot": 2
    },
    "35B转速设定值": {
      "address": "VD212",
      "value": 0.0,
      "unit": "RPM",
      "type": "Real",
      "is_readonly": false,
      "slot": 2
    },
    "35B转速实际值": {
      "address": "VD236",
      "value": 0.0,
      "unit": "RPM",
      "type": "Real",
      "is_readonly": true,
      "slot": 2
    },
    "35B电流设定值": {
      "address": "VD3308",
      "value": 0.0,
      "unit": "%",
      "type": "Real",
      "is_readonly": false,
      "slot": 2
    },
    "35B电流实际值": {
      "address": "VD264",
      "value": 0.0,
      "unit": "A",
      "type": "Real",
      "is_readonly": true,
      "slot": 2
    },
    "A组35机1区设定值": {
      "address": "VW116",
      "value": 145,
      "unit": "℃",
      "type": "Int",
      "is_readonly": false,
      "slot": 2
    },
    "A组35机1区实际值": {
      "address": "VW118",
      "value": 200,
      "unit": "℃",
      "type": "Int",
      "is_readonly": true,
      "slot": 2
    },
    "A组35机2区设定值": {
      "address": "VW316",
      "value": 144,
      "unit": "℃",
      "type": "Int",
      "is_readonly": false,
      "slot": 2
    },
    "A组35机2区实际值": {
      "address": "VW318",
      "value": 199,
      "unit": "℃",
      "type": "Int",
      "is_readonly": true,
      "slot": 2
    },
    "A组35机3区设定值": {
      "address": "VW368",
      "value": 196,
      "unit": "℃",
      "type": "Int",
      "is_readonly": false,
      "slot": 2
    },
    "A组35机3区实际值": {
      "address": "VW370",
      "value": 143,
      "unit": "℃",
      "type": "Int",
      "is_readonly": true,
      "slot": 2
    },
    "B组35机1区设定值": {
      "address": "VW118",
      "value": 200,
      "unit": "℃",
      "type": "Int",
      "is_readonly": false,
      "slot": 2
    },
    "B组35机1区实际值": {
      "address": "VW370",
      "value": 143,
      "unit": "℃",
      "type": "Int",
      "is_readonly": true,
      "slot": 2
    },
    "B组35机2区设定值": {
      "address": "VW120",
      "value": 155,
      "unit": "℃",
      "type": "Int",
      "is_readonly": false,
      "slot": 2
    },
    "B组35机2区实际值": {
      "address": "VW322",
      "value": 154,
      "unit": "℃",
      "type": "Int",
      "is_readonly": true,
      "slot": 2
    },
    "B组35机3区设定值": {
      "address": "VW112",
      "value": 150,
      "unit": "℃",
      "type": "Int",
      "is_readonly": false,
      "slot": 2
    },
    "B组35机3区实际值": {
      "address": "VW312",
      "value": 149,
      "unit": "℃",
      "type": "Int",
      "is_readonly": true,
      "slot": 2
    },
    "A组备用1设定值": {
      "address": "VW160",
      "value": 0,
      "unit": "℃",
      "type": "Int",
      "is_readonly": false,
      "slot": 2
    },
    "A组备用1实际值": {
      "address": "VW312",
      "value": 149,
      "unit": "℃",
      "type": "Int",
      "is_readonly": true,
      "slot": 2
    },
    "A组备用2设定值": {
      "address": "VW166",
      "value": 0,
      "unit": "℃",
      "type": "Int",
      "is_readonly": false,
      "slot": 2
    },
    "A组备用2实际值": {
      "address": "VW366",
      "value": 3276,
      "unit": "℃",
      "type": "Int",
      "is_readonly": true,
      "slot": 2
    },
    "B组备用1设定值": {
      "address": "VW156",
      "value": 0,
      "unit": "℃",
      "type": "Int",
      "is_readonly": false,
      "slot": 2
    },
    "B组备用1实际值": {
      "address": "VW356",
      "value": 3276,
      "unit": "℃",
      "type": "Int",
      "is_readonly": true,
      "slot": 2
    },
    "B组备用2设定值": {
      "address": "VW158",
      "value": 0,
      "unit": "℃",
      "type": "Int",
      "is_readonly": false,
      "slot": 2
    },
    "B组备用2实际值": {
      "address": "VW358",
      "value": 3276,
      "unit": "℃",
      "type": "Int",
      "is_readonly": true,
      "slot": 2
    },
    "25B调速故障": {
      "address": "V4550.7",
      "value": false,
      "unit": "",
      "type": "Bool",
      "is_readonly": true,
      "slot": 3
    },
    "25B料筒冷却风机故障": {
      "address": "V4550.4",
      "value": false,
      "unit": "",
      "type": "Bool",
      "is_readonly": false,
      "slot": 3
    },
    "25A调速故障": {
      "address": "V4551.4",
      "value": false,
      "unit": "",
      "type": "Bool",
      "is_readonly": true,
      "slot": 3
    },
    "25A料筒冷却风机故障": {
      "address": "V4550.6",
      "value": false,
      "unit": "",
      "type": "Bool",
      "is_readonly": true,
      "slot": 3
    },
    "25A过电流": {
      "address": "V4551.7",
      "value": false,
      "unit": "",
      "type": "Bool",
      "is_readonly": false,
      "slot": 3
    },
    "25B转速设定值": {
      "address": "VD212",
      "value": 0.0,
      "unit": "RPM",
      "type": "Real",
      "is_readonly": false,
      "slot": 3
    },
    "25B转速实际值": {
      "address": "VD532",
      "value": 0.0,
      "unit": "RPM",
      "type": "Real",
      "is_readonly": true,
      "slot": 3
    },
    "25B电流设定值": {
      "address": "VD2300",
      "value": 0.0,
      "unit": "%",
      "type": "Real",
      "is_readonly": false,
      "slot": 3
    },
    "25B电流实际值": {
      "address": "VD556",
      "value": 0.0,
      "unit": "A",
      "type": "Real",
      "is_readonly": true,
      "slot": 3
    },
    "25A转速设定值": {
      "address": "VD208",
      "value": 4.699997901916504,
      "unit": "RPM",
      "type": "Real",
      "is_readonly": false,
      "slot": 3
    },
    "25A转速实际值": {
      "address": "VD232",
      "value": 0.0,
      "unit": "RPM",
      "type": "Real",
      "is_readonly": true,
      "slot": 3
    },
    "25A电流设定值": {
      "address": "VD3300",
      "value": 0.0,
      "unit": "%",
      "type": "Real",
      "is_readonly": false,
      "slot": 3
    },
    "25A电流实际值": {
      "address": "VD256",
      "value": 0.0,
      "unit": "A",
      "type": "Real",
      "is_readonly": true,
      "slot": 3
    },
    "B组25机1区设定值": {
      "address": "VW102",
      "value": 145,
      "unit": "℃",
      "type": "Int",
      "is_readonly": false,
      "slot": 3
    },
    "B组25机1区实际值": {
      "address": "VW104",
      "value": 235,
      "unit": "℃",
      "type": "Int",
      "is_readonly": true,
      "slot": 3
    },
    "B组25机2区设定值": {
      "address": "VW104",
      "value": 235,
      "unit": "℃",
      "type": "Int",
      "is_readonly": false,
      "slot": 3
    },
    "B组25机2区实际值": {
      "address": "VW304",
      "value": 232,
      "unit": "℃",
      "type": "Int",
      "is_readonly": true,
      "slot": 3
    },
    "B组25机3区设定值": {
      "address": "VW106",
      "value": 235,
      "unit": "℃",
      "type": "Int",
      "is_readonly": false,
      "slot": 3
    },
    "B组25机3区实际值": {
      "address": "VW306",
      "value": 230,
      "unit": "℃",
      "type": "Int",
      "is_readonly": true,
      "slot": 3
    },
    "A组25机1区设定值": {
      "address": "VW108",
      "value": 145,
      "unit": "℃",
      "type": "Int",
      "is_readonly": false,
      "slot": 3
    },
    "A组25机1区实际值": {
      "address": "VW308",
      "value": 40,
      "unit": "℃",
      "type": "Int",
      "is_readonly": true,
      "slot": 3
    },
    "A组25机2区设定值": {
      "address": "VW116",
      "value": 170,
      "unit": "℃",
      "type": "Int",
      "is_readonly": false,
      "slot": 3
    },
    "A组25机2区实际值": {
      "address": "VW316",
      "value": 42,
      "unit": "℃",
      "type": "Int",
      "is_readonly": true,
      "slot": 3
    },
    "A组25机3区设定值": {
      "address": "VW118",
      "value": 170,
      "unit": "℃",
      "type": "Int",
      "is_readonly": false,
      "slot": 3
    },
    "A组25机3区实际值": {
      "address": "VW318",
      "value": 44,
      "unit": "℃",
      "type": "Int",
      "is_readonly": true,
      "slot": 3
    },
    "25B共挤备用1设定值": {
      "address": "VW130",
      "value": 0,
      "unit": "℃",
      "type": "Int",
      "is_readonly": false,
      "slot": 3
    },
    "25B共挤备用1实际值": {
      "address": "VW330",
      "value": 3276,
      "unit": "℃",
      "type": "Int",
      "is_readonly": true,
      "slot": 3
    },
    "25B共挤备用2设定值": {
      "address": "VW132",
      "value": 0,
      "unit": "℃",
      "type": "Int",
      "is_readonly": false,
      "slot": 3
    },
    "25B共挤备用2实际值": {
      "address": "VW332",
      "value": 3276,
      "unit": "℃",
      "type": "Int",
      "is_readonly": true,
      "slot": 3
    },
    "25A共挤备用1设定值": {
      "address": "VW134",
      "value": 0,
      "unit": "℃",
      "type": "Int",
      "is_readonly": false,
      "slot": 3
    },
    "25A共挤备用1实际值": {
      "address": "VW334",
      "value": 3276,
      "unit": "℃",
      "type": "Int",
      "is_readonly": true,
      "slot": 3
    },
    "25A共挤备用2设定值": {
      "address": "VW136",
      "value": 0,
      "unit": "℃",
      "type": "Int",
      "is_readonly": false,
      "slot": 3
    },
    "25A共挤备用2实际值": {
      "address": "VW336",
      "value": 3276,
      "unit": "℃",
      "type": "Int",
      "is_readonly": true,
      "slot": 3
    }
  }
}
------------------------------------------------------------
2026-05-09 15:41:45 | 读取PLC | 机台 | 用户ID:1
请求参数:
{
  "主机料温过低": {
    "address": "V4551.2",
    "value": false,
    "unit": "",
    "type": "Bool"
  },
  "主机料温过高": {
    "address": "V4551.1",
    "value": false,
    "unit": "",
    "type": "Bool"
  },
  "主机调速故障": {
    "address": "V4551.4",
    "value": false,
    "unit": "",
    "type": "Bool"
  },
  "主机过电流": {
    "address": "V4551.7",
    "value": false,
    "unit": "",
    "type": "Bool"
  },
  "主机料筒冷却风机故障": {
    "address": "V4550.4",
    "value": false,
    "unit": "",
    "type": "Bool"
  },
  "喂料调速器故障": {
    "address": "V4553.0",
    "value": false,
    "unit": "",
    "type": "Bool"
  },
  "喂料过电流": {
    "address": "V4553.1",
    "value": false,
    "unit": "",
    "type": "Bool"
  },
  "螺杆异位报警": {
    "address": "V4551.3",
    "value": false,
    "unit": "",
    "type": "Bool"
  },
  "主机急停未松开": {
    "address": "V4551.0",
    "value": false,
    "unit": "",
    "type": "Bool"
  },
  "35A调速故障": {
    "address": "V4550.1",
    "value": false,
    "unit": "",
    "type": "Bool"
  },
  "35A过电流": {
    "address": "V4550.7",
    "value": false,
    "unit": "",
    "type": "Bool"
  },
  "35A料筒冷却风机故障": {
    "address": "V4550.6",
    "value": false,
    "unit": "",
    "type": "Bool"
  },
  "35B调速故障": {
    "address": "V4550.5",
    "value": false,
    "unit": "",
    "type": "Bool"
  },
  "35B过电流": {
    "address": "V4550.0",
    "value": false,
    "unit": "",
    "type": "Bool"
  },
  "35B料筒冷却风机故障": {
    "address": "V4553.2",
    "value": false,
    "unit": "",
    "type": "Bool"
  },
  "主机转速设定值": {
    "address": "VD208",
    "value": 3.0,
    "unit": "RPM",
    "type": "Real"
  },
  "主机转速实际值": {
    "address": "VD232",
    "value": 0.0,
    "unit": "RPM",
    "type": "Real"
  },
  "主机电流负载占比": {
    "address": "VD3300",
    "value": 0.0,
    "unit": "%",
    "type": "Real"
  },
  "主机电流值": {
    "address": "VD256",
    "value": 0.0,
    "unit": "A",
    "type": "Real"
  },
  "喂料转速设定值": {
    "address": "VD32",
    "value": 6.000001907348633,
    "unit": "RPM",
    "type": "Real"
  },
  "喂料转速实际值": {
    "address": "VD244",
    "value": 0.0,
    "unit": "RPM",
    "type": "Real"
  },
  "喂料电流负载占比": {
    "address": "VD3304",
    "value": 0.0,
    "unit": "%",
    "type": "Real"
  },
  "喂料电流值": {
    "address": "VD260",
    "value": 0.0,
    "unit": "A",
    "type": "Real"
  },
  "65机筒1区设定值": {
    "address": "VW102",
    "value": 180,
    "unit": "℃",
    "type": "Int"
  },
  "65机筒1区实际值": {
    "address": "VW302",
    "value": 178,
    "unit": "℃",
    "type": "Int"
  },
  "65机筒2区设定值": {
    "address": "VW104",
    "value": 185,
    "unit": "℃",
    "type": "Int"
  },
  "65机筒2区实际值": {
    "address": "VW304",
    "value": 183,
    "unit": "℃",
    "type": "Int"
  },
  "65机筒3区设定值": {
    "address": "VW106",
    "value": 140,
    "unit": "℃",
    "type": "Int"
  },
  "65机筒3区实际值": {
    "address": "VW306",
    "value": 138,
    "unit": "℃",
    "type": "Int"
  },
  "65机筒4区设定值": {
    "address": "VW108",
    "value": 135,
    "unit": "℃",
    "type": "Int"
  },
  "65机筒4区实际值": {
    "address": "VW308",
    "value": 132,
    "unit": "℃",
    "type": "Int"
  },
  "65机合流芯设定值": {
    "address": "VW154",
    "value": 140,
    "unit": "℃",
    "type": "Int"
  },
  "65机合流芯实际值": {
    "address": "VW354",
    "value": 136,
    "unit": "℃",
    "type": "Int"
  },
  "芯层模具上设定值": {
    "address": "VW1130",
    "value": 135,
    "unit": "℃",
    "type": "Int"
  },
  "芯层模具上实际值": {
    "address": "VW330",
    "value": 142,
    "unit": "℃",
    "type": "Int"
  },
  "芯层模具下设定值": {
    "address": "VW1132",
    "value": 135,
    "unit": "℃",
    "type": "Int"
  },
  "芯层模具下实际值": {
    "address": "VW332",
    "value": 142,
    "unit": "℃",
    "type": "Int"
  },
  "芯层模具左设定值": {
    "address": "VW1134",
    "value": 130,
    "unit": "℃",
    "type": "Int"
  },
  "芯层模具左实际值": {
    "address": "VW334",
    "value": 137,
    "unit": "℃",
    "type": "Int"
  },
  "芯层模具右设定值": {
    "address": "VW1136",
    "value": 140,
    "unit": "℃",
    "type": "Int"
  },
  "芯层模具右实际值": {
    "address": "VW336",
    "value": 139,
    "unit": "℃",
    "type": "Int"
  },
  "外层模具上设定值": {
    "address": "VW1138",
    "value": 190,
    "unit": "℃",
    "type": "Int"
  },
  "外层模具上实际值": {
    "address": "VW338",
    "value": 189,
    "unit": "℃",
    "type": "Int"
  },
  "外层模具下设定值": {
    "address": "VW1140",
    "value": 180,
    "unit": "℃",
    "type": "Int"
  },
  "外层模具下实际值": {
    "address": "VW340",
    "value": 181,
    "unit": "℃",
    "type": "Int"
  },
  "外层模具左设定值": {
    "address": "VW1142",
    "value": 180,
    "unit": "℃",
    "type": "Int"
  },
  "外层模具左实际值": {
    "address": "VW342",
    "value": 180,
    "unit": "",
    "type": "Int"
  },
  "外层模具石设定值": {
    "address": "VW344",
    "value": 180,
    "unit": "℃",
    "type": "Int"
  },
  "外层模具石实际值": {
    "address": "VW344",
    "value": 180,
    "unit": "℃",
    "type": "Int"
  },
  "A组合流芯设定值": {
    "address": "VW146",
    "value": 200,
    "unit": "℃",
    "type": "Int"
  },
  "A组合流芯实际值": {
    "address": "VW346",
    "value": 194,
    "unit": "℃",
    "type": "Int"
  },
  "A组转接模设定值": {
    "address": "VW148",
    "value": 200,
    "unit": "℃",
    "type": "Int"
  },
  "A组转接模实际值": {
    "address": "VW348",
    "value": 196,
    "unit": "℃",
    "type": "Int"
  },
  "A组连接管设定值": {
    "address": "VW150",
    "value": 0,
    "unit": "℃",
    "type": "Int"
  },
  "A组连接管实际值": {
    "address": "VW350",
    "value": 80,
    "unit": "℃",
    "type": "Int"
  },
  "B组合流芯设定值": {
    "address": "VW152",
    "value": 155,
    "unit": "℃",
    "type": "Int"
  },
  "B组合流芯实际值": {
    "address": "VW352",
    "value": 152,
    "unit": "℃",
    "type": "Int"
  },
  "B组转接模设定值": {
    "address": "VW162",
    "value": 155,
    "unit": "℃",
    "type": "Int"
  },
  "B组转接模实际值": {
    "address": "VW362",
    "value": 155,
    "unit": "℃",
    "type": "Int"
  },
  "B组连接管设定值": {
    "address": "VW164",
    "value": 230,
    "unit": "℃",
    "type": "Int"
  },
  "B组连接管实际值": {
    "address": "VW364",
    "value": 233,
    "unit": "℃",
    "type": "Int"
  },
  "35A转速设定值": {
    "address": "VD508",
    "value": 0.0,
    "unit": "RPM",
    "type": "Real"
  },
  "35A转速实际值": {
    "address": "VD532",
    "value": 0.0,
    "unit": "RPM",
    "type": "Real"
  },
  "35A电流设定值": {
    "address": "VD2300",
    "value": 0.0,
    "unit": "%",
    "type": "Real"
  },
  "35A电流实际值": {
    "address": "VD556",
    "value": 0.0,
    "unit": "A",
    "type": "Real"
  },
  "35B转速设定值": {
    "address": "VD212",
    "value": 0.0,
    "unit": "RPM",
    "type": "Real"
  },
  "35B转速实际值": {
    "address": "VD236",
    "value": 0.0,
    "unit": "RPM",
    "type": "Real"
  },
  "35B电流设定值": {
    "address": "VD3308",
    "value": 0.0,
    "unit": "%",
    "type": "Real"
  },
  "35B电流实际值": {
    "address": "VD264",
    "value": 0.0,
    "unit": "A",
    "type": "Real"
  },
  "A组35机1区设定值": {
    "address": "VW116",
    "value": 145,
    "unit": "℃",
    "type": "Int"
  },
  "A组35机1区实际值": {
    "address": "VW118",
    "value": 200,
    "unit": "℃",
    "type": "Int"
  },
  "A组35机2区设定值": {
    "address": "VW316",
    "value": 144,
    "unit": "℃",
    "type": "Int"
  },
  "A组35机2区实际值": {
    "address": "VW318",
    "value": 199,
    "unit": "℃",
    "type": "Int"
  },
  "A组35机3区设定值": {
    "address": "VW368",
    "value": 196,
    "unit": "℃",
    "type": "Int"
  },
  "A组35机3区实际值": {
    "address": "VW370",
    "value": 143,
    "unit": "℃",
    "type": "Int"
  },
  "B组35机1区设定值": {
    "address": "VW118",
    "value": 200,
    "unit": "℃",
    "type": "Int"
  },
  "B组35机1区实际值": {
    "address": "VW370",
    "value": 143,
    "unit": "℃",
    "type": "Int"
  },
  "B组35机2区设定值": {
    "address": "VW120",
    "value": 155,
    "unit": "℃",
    "type": "Int"
  },
  "B组35机2区实际值": {
    "address": "VW322",
    "value": 155,
    "unit": "℃",
    "type": "Int"
  },
  "B组35机3区设定值": {
    "address": "VW112",
    "value": 150,
    "unit": "℃",
    "type": "Int"
  },
  "B组35机3区实际值": {
    "address": "VW312",
    "value": 149,
    "unit": "℃",
    "type": "Int"
  },
  "A组备用1设定值": {
    "address": "VW160",
    "value": 0,
    "unit": "℃",
    "type": "Int"
  },
  "A组备用1实际值": {
    "address": "VW312",
    "value": 149,
    "unit": "℃",
    "type": "Int"
  },
  "A组备用2设定值": {
    "address": "VW166",
    "value": 0,
    "unit": "℃",
    "type": "Int"
  },
  "A组备用2实际值": {
    "address": "VW366",
    "value": 3276,
    "unit": "℃",
    "type": "Int"
  },
  "B组备用1设定值": {
    "address": "VW156",
    "value": 0,
    "unit": "℃",
    "type": "Int"
  },
  "B组备用1实际值": {
    "address": "VW356",
    "value": 3276,
    "unit": "℃",
    "type": "Int"
  },
  "B组备用2设定值": {
    "address": "VW158",
    "value": 0,
    "unit": "℃",
    "type": "Int"
  },
  "B组备用2实际值": {
    "address": "VW358",
    "value": 3276,
    "unit": "℃",
    "type": "Int"
  },
  "25B调速故障": {
    "address": "V4550.7",
    "value": false,
    "unit": "",
    "type": "Bool"
  },
  "25B料筒冷却风机故障": {
    "address": "V4550.4",
    "value": false,
    "unit": "",
    "type": "Bool"
  },
  "25A调速故障": {
    "address": "V4551.4",
    "value": false,
    "unit": "",
    "type": "Bool"
  },
  "25A料筒冷却风机故障": {
    "address": "V4550.6",
    "value": false,
    "unit": "",
    "type": "Bool"
  },
  "25A过电流": {
    "address": "V4551.7",
    "value": false,
    "unit": "",
    "type": "Bool"
  },
  "25B转速设定值": {
    "address": "VD212",
    "value": 0.0,
    "unit": "RPM",
    "type": "Real"
  },
  "25B转速实际值": {
    "address": "VD532",
    "value": 0.0,
    "unit": "RPM",
    "type": "Real"
  },
  "25B电流设定值": {
    "address": "VD2300",
    "value": 0.0,
    "unit": "%",
    "type": "Real"
  },
  "25B电流实际值": {
    "address": "VD556",
    "value": 0.0,
    "unit": "A",
    "type": "Real"
  },
  "25A转速设定值": {
    "address": "VD208",
    "value": 4.699997901916504,
    "unit": "RPM",
    "type": "Real"
  },
  "25A转速实际值": {
    "address": "VD232",
    "value": 0.0,
    "unit": "RPM",
    "type": "Real"
  },
  "25A电流设定值": {
    "address": "VD3300",
    "value": 0.0,
    "unit": "%",
    "type": "Real"
  },
  "25A电流实际值": {
    "address": "VD256",
    "value": 0.0,
    "unit": "A",
    "type": "Real"
  },
  "B组25机1区设定值": {
    "address": "VW102",
    "value": 145,
    "unit": "℃",
    "type": "Int"
  },
  "B组25机1区实际值": {
    "address": "VW104",
    "value": 235,
    "unit": "℃",
    "type": "Int"
  },
  "B组25机2区设定值": {
    "address": "VW104",
    "value": 235,
    "unit": "℃",
    "type": "Int"
  },
  "B组25机2区实际值": {
    "address": "VW304",
    "value": 232,
    "unit": "℃",
    "type": "Int"
  },
  "B组25机3区设定值": {
    "address": "VW106",
    "value": 235,
    "unit": "℃",
    "type": "Int"
  },
  "B组25机3区实际值": {
    "address": "VW306",
    "value": 231,
    "unit": "℃",
    "type": "Int"
  },
  "A组25机1区设定值": {
    "address": "VW108",
    "value": 145,
    "unit": "℃",
    "type": "Int"
  },
  "A组25机1区实际值": {
    "address": "VW308",
    "value": 41,
    "unit": "℃",
    "type": "Int"
  },
  "A组25机2区设定值": {
    "address": "VW116",
    "value": 170,
    "unit": "℃",
    "type": "Int"
  },
  "A组25机2区实际值": {
    "address": "VW316",
    "value": 42,
    "unit": "℃",
    "type": "Int"
  },
  "A组25机3区设定值": {
    "address": "VW118",
    "value": 170,
    "unit": "℃",
    "type": "Int"
  },
  "A组25机3区实际值": {
    "address": "VW318",
    "value": 44,
    "unit": "℃",
    "type": "Int"
  },
  "25B共挤备用1设定值": {
    "address": "VW130",
    "value": 0,
    "unit": "℃",
    "type": "Int"
  },
  "25B共挤备用1实际值": {
    "address": "VW330",
    "value": 3276,
    "unit": "℃",
    "type": "Int"
  },
  "25B共挤备用2设定值": {
    "address": "VW132",
    "value": 0,
    "unit": "℃",
    "type": "Int"
  },
  "25B共挤备用2实际值": {
    "address": "VW332",
    "value": 3276,
    "unit": "℃",
    "type": "Int"
  },
  "25A共挤备用1设定值": {
    "address": "VW134",
    "value": 0,
    "unit": "℃",
    "type": "Int"
  },
  "25A共挤备用1实际值": {
    "address": "VW334",
    "value": 3276,
    "unit": "℃",
    "type": "Int"
  },
  "25A共挤备用2设定值": {
    "address": "VW136",
    "value": 0,
    "unit": "℃",
    "type": "Int"
  },
  "25A共挤备用2实际值": {
    "address": "VW336",
    "value": 3276,
    "unit": "℃",
    "type": "Int"
  }
}
详情: 机台: 默认挤出机 (ID: 1), 参数数量: 122
返回结果:
{
  "machine": {
    "id": 1,
    "name": "默认挤出机"
  },
  "parameters": {
    "主机料温过低": {
      "address": "V4551.2",
      "value": false,
      "unit": "",
      "type": "Bool",
      "is_readonly": true,
      "slot": 2
    },
    "主机料温过高": {
      "address": "V4551.1",
      "value": false,
      "unit": "",
      "type": "Bool",
      "is_readonly": true,
      "slot": 2
    },
    "主机调速故障": {
      "address": "V4551.4",
      "value": false,
      "unit": "",
      "type": "Bool",
      "is_readonly": true,
      "slot": 2
    },
    "主机过电流": {
      "address": "V4551.7",
      "value": false,
      "unit": "",
      "type": "Bool",
      "is_readonly": true,
      "slot": 2
    },
    "主机料筒冷却风机故障": {
      "address": "V4550.4",
      "value": false,
      "unit": "",
      "type": "Bool",
      "is_readonly": true,
      "slot": 2
    },
    "喂料调速器故障": {
      "address": "V4553.0",
      "value": false,
      "unit": "",
      "type": "Bool",
      "is_readonly": true,
      "slot": 2
    },
    "喂料过电流": {
      "address": "V4553.1",
      "value": false,
      "unit": "",
      "type": "Bool",
      "is_readonly": true,
      "slot": 2
    },
    "螺杆异位报警": {
      "address": "V4551.3",
      "value": false,
      "unit": "",
      "type": "Bool",
      "is_readonly": true,
      "slot": 2
    },
    "主机急停未松开": {
      "address": "V4551.0",
      "value": false,
      "unit": "",
      "type": "Bool",
      "is_readonly": true,
      "slot": 2
    },
    "35A调速故障": {
      "address": "V4550.1",
      "value": false,
      "unit": "",
      "type": "Bool",
      "is_readonly": true,
      "slot": 2
    },
    "35A过电流": {
      "address": "V4550.7",
      "value": false,
      "unit": "",
      "type": "Bool",
      "is_readonly": true,
      "slot": 2
    },
    "35A料筒冷却风机故障": {
      "address": "V4550.6",
      "value": false,
      "unit": "",
      "type": "Bool",
      "is_readonly": true,
      "slot": 2
    },
    "35B调速故障": {
      "address": "V4550.5",
      "value": false,
      "unit": "",
      "type": "Bool",
      "is_readonly": true,
      "slot": 2
    },
    "35B过电流": {
      "address": "V4550.0",
      "value": false,
      "unit": "",
      "type": "Bool",
      "is_readonly": true,
      "slot": 2
    },
    "35B料筒冷却风机故障": {
      "address": "V4553.2",
      "value": false,
      "unit": "",
      "type": "Bool",
      "is_readonly": true,
      "slot": 2
    },
    "主机转速设定值": {
      "address": "VD208",
      "value": 3.0,
      "unit": "RPM",
      "type": "Real",
      "is_readonly": false,
      "slot": 2
    },
    "主机转速实际值": {
      "address": "VD232",
      "value": 0.0,
      "unit": "RPM",
      "type": "Real",
      "is_readonly": true,
      "slot": 2
    },
    "主机电流负载占比": {
      "address": "VD3300",
      "value": 0.0,
      "unit": "%",
      "type": "Real",
      "is_readonly": true,
      "slot": 2
    },
    "主机电流值": {
      "address": "VD256",
      "value": 0.0,
      "unit": "A",
      "type": "Real",
      "is_readonly": true,
      "slot": 2
    },
    "喂料转速设定值": {
      "address": "VD32",
      "value": 6.000001907348633,
      "unit": "RPM",
      "type": "Real",
      "is_readonly": false,
      "slot": 2
    },
    "喂料转速实际值": {
      "address": "VD244",
      "value": 0.0,
      "unit": "RPM",
      "type": "Real",
      "is_readonly": true,
      "slot": 2
    },
    "喂料电流负载占比": {
      "address": "VD3304",
      "value": 0.0,
      "unit": "%",
      "type": "Real",
      "is_readonly": true,
      "slot": 2
    },
    "喂料电流值": {
      "address": "VD260",
      "value": 0.0,
      "unit": "A",
      "type": "Real",
      "is_readonly": true,
      "slot": 2
    },
    "65机筒1区设定值": {
      "address": "VW102",
      "value": 180,
      "unit": "℃",
      "type": "Int",
      "is_readonly": false,
      "slot": 2
    },
    "65机筒1区实际值": {
      "address": "VW302",
      "value": 178,
      "unit": "℃",
      "type": "Int",
      "is_readonly": true,
      "slot": 2
    },
    "65机筒2区设定值": {
      "address": "VW104",
      "value": 185,
      "unit": "℃",
      "type": "Int",
      "is_readonly": false,
      "slot": 2
    },
    "65机筒2区实际值": {
      "address": "VW304",
      "value": 183,
      "unit": "℃",
      "type": "Int",
      "is_readonly": true,
      "slot": 2
    },
    "65机筒3区设定值": {
      "address": "VW106",
      "value": 140,
      "unit": "℃",
      "type": "Int",
      "is_readonly": false,
      "slot": 2
    },
    "65机筒3区实际值": {
      "address": "VW306",
      "value": 138,
      "unit": "℃",
      "type": "Int",
      "is_readonly": true,
      "slot": 2
    },
    "65机筒4区设定值": {
      "address": "VW108",
      "value": 135,
      "unit": "℃",
      "type": "Int",
      "is_readonly": false,
      "slot": 2
    },
    "65机筒4区实际值": {
      "address": "VW308",
      "value": 132,
      "unit": "℃",
      "type": "Int",
      "is_readonly": true,
      "slot": 2
    },
    "65机合流芯设定值": {
      "address": "VW154",
      "value": 140,
      "unit": "℃",
      "type": "Int",
      "is_readonly": false,
      "slot": 2
    },
    "65机合流芯实际值": {
      "address": "VW354",
      "value": 136,
      "unit": "℃",
      "type": "Int",
      "is_readonly": true,
      "slot": 2
    },
    "芯层模具上设定值": {
      "address": "VW1130",
      "value": 135,
      "unit": "℃",
      "type": "Int",
      "is_readonly": false,
      "slot": 2
    },
    "芯层模具上实际值": {
      "address": "VW330",
      "value": 142,
      "unit": "℃",
      "type": "Int",
      "is_readonly": true,
      "slot": 2
    },
    "芯层模具下设定值": {
      "address": "VW1132",
      "value": 135,
      "unit": "℃",
      "type": "Int",
      "is_readonly": false,
      "slot": 2
    },
    "芯层模具下实际值": {
      "address": "VW332",
      "value": 142,
      "unit": "℃",
      "type": "Int",
      "is_readonly": true,
      "slot": 2
    },
    "芯层模具左设定值": {
      "address": "VW1134",
      "value": 130,
      "unit": "℃",
      "type": "Int",
      "is_readonly": false,
      "slot": 2
    },
    "芯层模具左实际值": {
      "address": "VW334",
      "value": 137,
      "unit": "℃",
      "type": "Int",
      "is_readonly": true,
      "slot": 2
    },
    "芯层模具右设定值": {
      "address": "VW1136",
      "value": 140,
      "unit": "℃",
      "type": "Int",
      "is_readonly": false,
      "slot": 2
    },
    "芯层模具右实际值": {
      "address": "VW336",
      "value": 139,
      "unit": "℃",
      "type": "Int",
      "is_readonly": true,
      "slot": 2
    },
    "外层模具上设定值": {
      "address": "VW1138",
      "value": 190,
      "unit": "℃",
      "type": "Int",
      "is_readonly": false,
      "slot": 2
    },
    "外层模具上实际值": {
      "address": "VW338",
      "value": 189,
      "unit": "℃",
      "type": "Int",
      "is_readonly": true,
      "slot": 2
    },
    "外层模具下设定值": {
      "address": "VW1140",
      "value": 180,
      "unit": "℃",
      "type": "Int",
      "is_readonly": false,
      "slot": 2
    },
    "外层模具下实际值": {
      "address": "VW340",
      "value": 181,
      "unit": "℃",
      "type": "Int",
      "is_readonly": true,
      "slot": 2
    },
    "外层模具左设定值": {
      "address": "VW1142",
      "value": 180,
      "unit": "℃",
      "type": "Int",
      "is_readonly": false,
      "slot": 2
    },
    "外层模具左实际值": {
      "address": "VW342",
      "value": 180,
      "unit": "",
      "type": "Int",
      "is_readonly": true,
      "slot": 2
    },
    "外层模具石设定值": {
      "address": "VW344",
      "value": 180,
      "unit": "℃",
      "type": "Int",
      "is_readonly": false,
      "slot": 2
    },
    "外层模具石实际值": {
      "address": "VW344",
      "value": 180,
      "unit": "℃",
      "type": "Int",
      "is_readonly": true,
      "slot": 2
    },
    "A组合流芯设定值": {
      "address": "VW146",
      "value": 200,
      "unit": "℃",
      "type": "Int",
      "is_readonly": false,
      "slot": 2
    },
    "A组合流芯实际值": {
      "address": "VW346",
      "value": 194,
      "unit": "℃",
      "type": "Int",
      "is_readonly": true,
      "slot": 2
    },
    "A组转接模设定值": {
      "address": "VW148",
      "value": 200,
      "unit": "℃",
      "type": "Int",
      "is_readonly": false,
      "slot": 2
    },
    "A组转接模实际值": {
      "address": "VW348",
      "value": 196,
      "unit": "℃",
      "type": "Int",
      "is_readonly": true,
      "slot": 2
    },
    "A组连接管设定值": {
      "address": "VW150",
      "value": 0,
      "unit": "℃",
      "type": "Int",
      "is_readonly": false,
      "slot": 2
    },
    "A组连接管实际值": {
      "address": "VW350",
      "value": 80,
      "unit": "℃",
      "type": "Int",
      "is_readonly": true,
      "slot": 2
    },
    "B组合流芯设定值": {
      "address": "VW152",
      "value": 155,
      "unit": "℃",
      "type": "Int",
      "is_readonly": false,
      "slot": 2
    },
    "B组合流芯实际值": {
      "address": "VW352",
      "value": 152,
      "unit": "℃",
      "type": "Int",
      "is_readonly": true,
      "slot": 2
    },
    "B组转接模设定值": {
      "address": "VW162",
      "value": 155,
      "unit": "℃",
      "type": "Int",
      "is_readonly": false,
      "slot": 2
    },
    "B组转接模实际值": {
      "address": "VW362",
      "value": 155,
      "unit": "℃",
      "type": "Int",
      "is_readonly": true,
      "slot": 2
    },
    "B组连接管设定值": {
      "address": "VW164",
      "value": 230,
      "unit": "℃",
      "type": "Int",
      "is_readonly": false,
      "slot": 2
    },
    "B组连接管实际值": {
      "address": "VW364",
      "value": 233,
      "unit": "℃",
      "type": "Int",
      "is_readonly": true,
      "slot": 2
    },
    "35A转速设定值": {
      "address": "VD508",
      "value": 0.0,
      "unit": "RPM",
      "type": "Real",
      "is_readonly": false,
      "slot": 2
    },
    "35A转速实际值": {
      "address": "VD532",
      "value": 0.0,
      "unit": "RPM",
      "type": "Real",
      "is_readonly": true,
      "slot": 2
    },
    "35A电流设定值": {
      "address": "VD2300",
      "value": 0.0,
      "unit": "%",
      "type": "Real",
      "is_readonly": false,
      "slot": 2
    },
    "35A电流实际值": {
      "address": "VD556",
      "value": 0.0,
      "unit": "A",
      "type": "Real",
      "is_readonly": true,
      "slot": 2
    },
    "35B转速设定值": {
      "address": "VD212",
      "value": 0.0,
      "unit": "RPM",
      "type": "Real",
      "is_readonly": false,
      "slot": 2
    },
    "35B转速实际值": {
      "address": "VD236",
      "value": 0.0,
      "unit": "RPM",
      "type": "Real",
      "is_readonly": true,
      "slot": 2
    },
    "35B电流设定值": {
      "address": "VD3308",
      "value": 0.0,
      "unit": "%",
      "type": "Real",
      "is_readonly": false,
      "slot": 2
    },
    "35B电流实际值": {
      "address": "VD264",
      "value": 0.0,
      "unit": "A",
      "type": "Real",
      "is_readonly": true,
      "slot": 2
    },
    "A组35机1区设定值": {
      "address": "VW116",
      "value": 145,
      "unit": "℃",
      "type": "Int",
      "is_readonly": false,
      "slot": 2
    },
    "A组35机1区实际值": {
      "address": "VW118",
      "value": 200,
      "unit": "℃",
      "type": "Int",
      "is_readonly": true,
      "slot": 2
    },
    "A组35机2区设定值": {
      "address": "VW316",
      "value": 144,
      "unit": "℃",
      "type": "Int",
      "is_readonly": false,
      "slot": 2
    },
    "A组35机2区实际值": {
      "address": "VW318",
      "value": 199,
      "unit": "℃",
      "type": "Int",
      "is_readonly": true,
      "slot": 2
    },
    "A组35机3区设定值": {
      "address": "VW368",
      "value": 196,
      "unit": "℃",
      "type": "Int",
      "is_readonly": false,
      "slot": 2
    },
    "A组35机3区实际值": {
      "address": "VW370",
      "value": 143,
      "unit": "℃",
      "type": "Int",
      "is_readonly": true,
      "slot": 2
    },
    "B组35机1区设定值": {
      "address": "VW118",
      "value": 200,
      "unit": "℃",
      "type": "Int",
      "is_readonly": false,
      "slot": 2
    },
    "B组35机1区实际值": {
      "address": "VW370",
      "value": 143,
      "unit": "℃",
      "type": "Int",
      "is_readonly": true,
      "slot": 2
    },
    "B组35机2区设定值": {
      "address": "VW120",
      "value": 155,
      "unit": "℃",
      "type": "Int",
      "is_readonly": false,
      "slot": 2
    },
    "B组35机2区实际值": {
      "address": "VW322",
      "value": 155,
      "unit": "℃",
      "type": "Int",
      "is_readonly": true,
      "slot": 2
    },
    "B组35机3区设定值": {
      "address": "VW112",
      "value": 150,
      "unit": "℃",
      "type": "Int",
      "is_readonly": false,
      "slot": 2
    },
    "B组35机3区实际值": {
      "address": "VW312",
      "value": 149,
      "unit": "℃",
      "type": "Int",
      "is_readonly": true,
      "slot": 2
    },
    "A组备用1设定值": {
      "address": "VW160",
      "value": 0,
      "unit": "℃",
      "type": "Int",
      "is_readonly": false,
      "slot": 2
    },
    "A组备用1实际值": {
      "address": "VW312",
      "value": 149,
      "unit": "℃",
      "type": "Int",
      "is_readonly": true,
      "slot": 2
    },
    "A组备用2设定值": {
      "address": "VW166",
      "value": 0,
      "unit": "℃",
      "type": "Int",
      "is_readonly": false,
      "slot": 2
    },
    "A组备用2实际值": {
      "address": "VW366",
      "value": 3276,
      "unit": "℃",
      "type": "Int",
      "is_readonly": true,
      "slot": 2
    },
    "B组备用1设定值": {
      "address": "VW156",
      "value": 0,
      "unit": "℃",
      "type": "Int",
      "is_readonly": false,
      "slot": 2
    },
    "B组备用1实际值": {
      "address": "VW356",
      "value": 3276,
      "unit": "℃",
      "type": "Int",
      "is_readonly": true,
      "slot": 2
    },
    "B组备用2设定值": {
      "address": "VW158",
      "value": 0,
      "unit": "℃",
      "type": "Int",
      "is_readonly": false,
      "slot": 2
    },
    "B组备用2实际值": {
      "address": "VW358",
      "value": 3276,
      "unit": "℃",
      "type": "Int",
      "is_readonly": true,
      "slot": 2
    },
    "25B调速故障": {
      "address": "V4550.7",
      "value": false,
      "unit": "",
      "type": "Bool",
      "is_readonly": true,
      "slot": 3
    },
    "25B料筒冷却风机故障": {
      "address": "V4550.4",
      "value": false,
      "unit": "",
      "type": "Bool",
      "is_readonly": false,
      "slot": 3
    },
    "25A调速故障": {
      "address": "V4551.4",
      "value": false,
      "unit": "",
      "type": "Bool",
      "is_readonly": true,
      "slot": 3
    },
    "25A料筒冷却风机故障": {
      "address": "V4550.6",
      "value": false,
      "unit": "",
      "type": "Bool",
      "is_readonly": true,
      "slot": 3
    },
    "25A过电流": {
      "address": "V4551.7",
      "value": false,
      "unit": "",
      "type": "Bool",
      "is_readonly": false,
      "slot": 3
    },
    "25B转速设定值": {
      "address": "VD212",
      "value": 0.0,
      "unit": "RPM",
      "type": "Real",
      "is_readonly": false,
      "slot": 3
    },
    "25B转速实际值": {
      "address": "VD532",
      "value": 0.0,
      "unit": "RPM",
      "type": "Real",
      "is_readonly": true,
      "slot": 3
    },
    "25B电流设定值": {
      "address": "VD2300",
      "value": 0.0,
      "unit": "%",
      "type": "Real",
      "is_readonly": false,
      "slot": 3
    },
    "25B电流实际值": {
      "address": "VD556",
      "value": 0.0,
      "unit": "A",
      "type": "Real",
      "is_readonly": true,
      "slot": 3
    },
    "25A转速设定值": {
      "address": "VD208",
      "value": 4.699997901916504,
      "unit": "RPM",
      "type": "Real",
      "is_readonly": false,
      "slot": 3
    },
    "25A转速实际值": {
      "address": "VD232",
      "value": 0.0,
      "unit": "RPM",
      "type": "Real",
      "is_readonly": true,
      "slot": 3
    },
    "25A电流设定值": {
      "address": "VD3300",
      "value": 0.0,
      "unit": "%",
      "type": "Real",
      "is_readonly": false,
      "slot": 3
    },
    "25A电流实际值": {
      "address": "VD256",
      "value": 0.0,
      "unit": "A",
      "type": "Real",
      "is_readonly": true,
      "slot": 3
    },
    "B组25机1区设定值": {
      "address": "VW102",
      "value": 145,
      "unit": "℃",
      "type": "Int",
      "is_readonly": false,
      "slot": 3
    },
    "B组25机1区实际值": {
      "address": "VW104",
      "value": 235,
      "unit": "℃",
      "type": "Int",
      "is_readonly": true,
      "slot": 3
    },
    "B组25机2区设定值": {
      "address": "VW104",
      "value": 235,
      "unit": "℃",
      "type": "Int",
      "is_readonly": false,
      "slot": 3
    },
    "B组25机2区实际值": {
      "address": "VW304",
      "value": 232,
      "unit": "℃",
      "type": "Int",
      "is_readonly": true,
      "slot": 3
    },
    "B组25机3区设定值": {
      "address": "VW106",
      "value": 235,
      "unit": "℃",
      "type": "Int",
      "is_readonly": false,
      "slot": 3
    },
    "B组25机3区实际值": {
      "address": "VW306",
      "value": 231,
      "unit": "℃",
      "type": "Int",
      "is_readonly": true,
      "slot": 3
    },
    "A组25机1区设定值": {
      "address": "VW108",
      "value": 145,
      "unit": "℃",
      "type": "Int",
      "is_readonly": false,
      "slot": 3
    },
    "A组25机1区实际值": {
      "address": "VW308",
      "value": 41,
      "unit": "℃",
      "type": "Int",
      "is_readonly": true,
      "slot": 3
    },
    "A组25机2区设定值": {
      "address": "VW116",
      "value": 170,
      "unit": "℃",
      "type": "Int",
      "is_readonly": false,
      "slot": 3
    },
    "A组25机2区实际值": {
      "address": "VW316",
      "value": 42,
      "unit": "℃",
      "type": "Int",
      "is_readonly": true,
      "slot": 3
    },
    "A组25机3区设定值": {
      "address": "VW118",
      "value": 170,
      "unit": "℃",
      "type": "Int",
      "is_readonly": false,
      "slot": 3
    },
    "A组25机3区实际值": {
      "address": "VW318",
      "value": 44,
      "unit": "℃",
      "type": "Int",
      "is_readonly": true,
      "slot": 3
    },
    "25B共挤备用1设定值": {
      "address": "VW130",
      "value": 0,
      "unit": "℃",
      "type": "Int",
      "is_readonly": false,
      "slot": 3
    },
    "25B共挤备用1实际值": {
      "address": "VW330",
      "value": 3276,
      "unit": "℃",
      "type": "Int",
      "is_readonly": true,
      "slot": 3
    },
    "25B共挤备用2设定值": {
      "address": "VW132",
      "value": 0,
      "unit": "℃",
      "type": "Int",
      "is_readonly": false,
      "slot": 3
    },
    "25B共挤备用2实际值": {
      "address": "VW332",
      "value": 3276,
      "unit": "℃",
      "type": "Int",
      "is_readonly": true,
      "slot": 3
    },
    "25A共挤备用1设定值": {
      "address": "VW134",
      "value": 0,
      "unit": "℃",
      "type": "Int",
      "is_readonly": false,
      "slot": 3
    },
    "25A共挤备用1实际值": {
      "address": "VW334",
      "value": 3276,
      "unit": "℃",
      "type": "Int",
      "is_readonly": true,
      "slot": 3
    },
    "25A共挤备用2设定值": {
      "address": "VW136",
      "value": 0,
      "unit": "℃",
      "type": "Int",
      "is_readonly": false,
      "slot": 3
    },
    "25A共挤备用2实际值": {
      "address": "VW336",
      "value": 3276,
      "unit": "℃",
      "type": "Int",
      "is_readonly": true,
      "slot": 3
    }
  }
}
------------------------------------------------------------
2026-05-09 15:44:16 | 读取PLC | 机台 | 用户ID:1
请求参数:
{
  "主机料温过低": {
    "address": "V4551.2",
    "value": false,
    "unit": "",
    "type": "Bool"
  },
  "主机料温过高": {
    "address": "V4551.1",
    "value": false,
    "unit": "",
    "type": "Bool"
  },
  "主机调速故障": {
    "address": "V4551.4",
    "value": false,
    "unit": "",
    "type": "Bool"
  },
  "主机过电流": {
    "address": "V4551.7",
    "value": false,
    "unit": "",
    "type": "Bool"
  },
  "主机料筒冷却风机故障": {
    "address": "V4550.4",
    "value": false,
    "unit": "",
    "type": "Bool"
  },
  "喂料调速器故障": {
    "address": "V4553.0",
    "value": false,
    "unit": "",
    "type": "Bool"
  },
  "喂料过电流": {
    "address": "V4553.1",
    "value": false,
    "unit": "",
    "type": "Bool"
  },
  "螺杆异位报警": {
    "address": "V4551.3",
    "value": false,
    "unit": "",
    "type": "Bool"
  },
  "主机急停未松开": {
    "address": "V4551.0",
    "value": false,
    "unit": "",
    "type": "Bool"
  },
  "35A调速故障": {
    "address": "V4550.1",
    "value": false,
    "unit": "",
    "type": "Bool"
  },
  "35A过电流": {
    "address": "V4550.7",
    "value": false,
    "unit": "",
    "type": "Bool"
  },
  "35A料筒冷却风机故障": {
    "address": "V4550.6",
    "value": false,
    "unit": "",
    "type": "Bool"
  },
  "35B调速故障": {
    "address": "V4550.5",
    "value": false,
    "unit": "",
    "type": "Bool"
  },
  "35B过电流": {
    "address": "V4550.0",
    "value": false,
    "unit": "",
    "type": "Bool"
  },
  "35B料筒冷却风机故障": {
    "address": "V4553.2",
    "value": false,
    "unit": "",
    "type": "Bool"
  },
  "主机转速设定值": {
    "address": "VD208",
    "value": 3.0,
    "unit": "RPM",
    "type": "Real"
  },
  "主机转速实际值": {
    "address": "VD232",
    "value": 0.0,
    "unit": "RPM",
    "type": "Real"
  },
  "主机电流负载占比": {
    "address": "VD3300",
    "value": 0.0,
    "unit": "%",
    "type": "Real"
  },
  "主机电流值": {
    "address": "VD256",
    "value": 0.0,
    "unit": "A",
    "type": "Real"
  },
  "喂料转速设定值": {
    "address": "VD32",
    "value": 6.000001907348633,
    "unit": "RPM",
    "type": "Real"
  },
  "喂料转速实际值": {
    "address": "VD244",
    "value": 0.0,
    "unit": "RPM",
    "type": "Real"
  },
  "喂料电流负载占比": {
    "address": "VD3304",
    "value": 0.0,
    "unit": "%",
    "type": "Real"
  },
  "喂料电流值": {
    "address": "VD260",
    "value": 0.0,
    "unit": "A",
    "type": "Real"
  },
  "65机筒1区设定值": {
    "address": "VW102",
    "value": 180,
    "unit": "℃",
    "type": "Int"
  },
  "65机筒1区实际值": {
    "address": "VW302",
    "value": 179,
    "unit": "℃",
    "type": "Int"
  },
  "65机筒2区设定值": {
    "address": "VW104",
    "value": 185,
    "unit": "℃",
    "type": "Int"
  },
  "65机筒2区实际值": {
    "address": "VW304",
    "value": 183,
    "unit": "℃",
    "type": "Int"
  },
  "65机筒3区设定值": {
    "address": "VW106",
    "value": 140,
    "unit": "℃",
    "type": "Int"
  },
  "65机筒3区实际值": {
    "address": "VW306",
    "value": 139,
    "unit": "℃",
    "type": "Int"
  },
  "65机筒4区设定值": {
    "address": "VW108",
    "value": 135,
    "unit": "℃",
    "type": "Int"
  },
  "65机筒4区实际值": {
    "address": "VW308",
    "value": 136,
    "unit": "℃",
    "type": "Int"
  },
  "65机合流芯设定值": {
    "address": "VW154",
    "value": 140,
    "unit": "℃",
    "type": "Int"
  },
  "65机合流芯实际值": {
    "address": "VW354",
    "value": 135,
    "unit": "℃",
    "type": "Int"
  },
  "芯层模具上设定值": {
    "address": "VW1130",
    "value": 135,
    "unit": "℃",
    "type": "Int"
  },
  "芯层模具上实际值": {
    "address": "VW330",
    "value": 142,
    "unit": "℃",
    "type": "Int"
  },
  "芯层模具下设定值": {
    "address": "VW1132",
    "value": 135,
    "unit": "℃",
    "type": "Int"
  },
  "芯层模具下实际值": {
    "address": "VW332",
    "value": 142,
    "unit": "℃",
    "type": "Int"
  },
  "芯层模具左设定值": {
    "address": "VW1134",
    "value": 130,
    "unit": "℃",
    "type": "Int"
  },
  "芯层模具左实际值": {
    "address": "VW334",
    "value": 137,
    "unit": "℃",
    "type": "Int"
  },
  "芯层模具右设定值": {
    "address": "VW1136",
    "value": 140,
    "unit": "℃",
    "type": "Int"
  },
  "芯层模具右实际值": {
    "address": "VW336",
    "value": 139,
    "unit": "℃",
    "type": "Int"
  },
  "外层模具上设定值": {
    "address": "VW1138",
    "value": 190,
    "unit": "℃",
    "type": "Int"
  },
  "外层模具上实际值": {
    "address": "VW338",
    "value": 190,
    "unit": "℃",
    "type": "Int"
  },
  "外层模具下设定值": {
    "address": "VW1140",
    "value": 180,
    "unit": "℃",
    "type": "Int"
  },
  "外层模具下实际值": {
    "address": "VW340",
    "value": 184,
    "unit": "℃",
    "type": "Int"
  },
  "外层模具左设定值": {
    "address": "VW1142",
    "value": 180,
    "unit": "℃",
    "type": "Int"
  },
  "外层模具左实际值": {
    "address": "VW342",
    "value": 180,
    "unit": "",
    "type": "Int"
  },
  "外层模具石设定值": {
    "address": "VW344",
    "value": 181,
    "unit": "℃",
    "type": "Int"
  },
  "外层模具石实际值": {
    "address": "VW344",
    "value": 181,
    "unit": "℃",
    "type": "Int"
  },
  "A组合流芯设定值": {
    "address": "VW146",
    "value": 200,
    "unit": "℃",
    "type": "Int"
  },
  "A组合流芯实际值": {
    "address": "VW346",
    "value": 198,
    "unit": "℃",
    "type": "Int"
  },
  "A组转接模设定值": {
    "address": "VW148",
    "value": 200,
    "unit": "℃",
    "type": "Int"
  },
  "A组转接模实际值": {
    "address": "VW348",
    "value": 200,
    "unit": "℃",
    "type": "Int"
  },
  "A组连接管设定值": {
    "address": "VW150",
    "value": 0,
    "unit": "℃",
    "type": "Int"
  },
  "A组连接管实际值": {
    "address": "VW350",
    "value": 80,
    "unit": "℃",
    "type": "Int"
  },
  "B组合流芯设定值": {
    "address": "VW152",
    "value": 155,
    "unit": "℃",
    "type": "Int"
  },
  "B组合流芯实际值": {
    "address": "VW352",
    "value": 151,
    "unit": "℃",
    "type": "Int"
  },
  "B组转接模设定值": {
    "address": "VW162",
    "value": 155,
    "unit": "℃",
    "type": "Int"
  },
  "B组转接模实际值": {
    "address": "VW362",
    "value": 154,
    "unit": "℃",
    "type": "Int"
  },
  "B组连接管设定值": {
    "address": "VW164",
    "value": 230,
    "unit": "℃",
    "type": "Int"
  },
  "B组连接管实际值": {
    "address": "VW364",
    "value": 216,
    "unit": "℃",
    "type": "Int"
  },
  "35A转速设定值": {
    "address": "VD508",
    "value": 0.0,
    "unit": "RPM",
    "type": "Real"
  },
  "35A转速实际值": {
    "address": "VD532",
    "value": 0.0,
    "unit": "RPM",
    "type": "Real"
  },
  "35A电流设定值": {
    "address": "VD2300",
    "value": 0.0,
    "unit": "%",
    "type": "Real"
  },
  "35A电流实际值": {
    "address": "VD556",
    "value": 0.0,
    "unit": "A",
    "type": "Real"
  },
  "35B转速设定值": {
    "address": "VD212",
    "value": 0.0,
    "unit": "RPM",
    "type": "Real"
  },
  "35B转速实际值": {
    "address": "VD236",
    "value": 0.0,
    "unit": "RPM",
    "type": "Real"
  },
  "35B电流设定值": {
    "address": "VD3308",
    "value": 0.0,
    "unit": "%",
    "type": "Real"
  },
  "35B电流实际值": {
    "address": "VD264",
    "value": 0.0,
    "unit": "A",
    "type": "Real"
  },
  "A组35机1区设定值": {
    "address": "VW116",
    "value": 145,
    "unit": "℃",
    "type": "Int"
  },
  "A组35机1区实际值": {
    "address": "VW316",
    "value": 145,
    "unit": "℃",
    "type": "Int"
  },
  "A组35机2区实际值": {
    "address": "VW318",
    "value": 199,
    "unit": "℃",
    "type": "Int"
  },
  "A组35机3区设定值": {
    "address": "VW368",
    "value": 196,
    "unit": "℃",
    "type": "Int"
  },
  "A组35机3区实际值": {
    "address": "VW370",
    "value": 143,
    "unit": "℃",
    "type": "Int"
  },
  "B组35机1区设定值": {
    "address": "VW118",
    "value": 200,
    "unit": "℃",
    "type": "Int"
  },
  "B组35机1区实际值": {
    "address": "VW370",
    "value": 143,
    "unit": "℃",
    "type": "Int"
  },
  "B组35机2区设定值": {
    "address": "VW120",
    "value": 155,
    "unit": "℃",
    "type": "Int"
  },
  "B组35机2区实际值": {
    "address": "VW322",
    "value": 155,
    "unit": "℃",
    "type": "Int"
  },
  "B组35机3区设定值": {
    "address": "VW112",
    "value": 150,
    "unit": "℃",
    "type": "Int"
  },
  "B组35机3区实际值": {
    "address": "VW312",
    "value": 148,
    "unit": "℃",
    "type": "Int"
  },
  "A组备用1设定值": {
    "address": "VW160",
    "value": 0,
    "unit": "℃",
    "type": "Int"
  },
  "A组备用1实际值": {
    "address": "VW312",
    "value": 148,
    "unit": "℃",
    "type": "Int"
  },
  "A组备用2设定值": {
    "address": "VW166",
    "value": 0,
    "unit": "℃",
    "type": "Int"
  },
  "A组备用2实际值": {
    "address": "VW366",
    "value": 3276,
    "unit": "℃",
    "type": "Int"
  },
  "B组备用1设定值": {
    "address": "VW156",
    "value": 0,
    "unit": "℃",
    "type": "Int"
  },
  "B组备用1实际值": {
    "address": "VW356",
    "value": 3276,
    "unit": "℃",
    "type": "Int"
  },
  "B组备用2设定值": {
    "address": "VW158",
    "value": 0,
    "unit": "℃",
    "type": "Int"
  },
  "B组备用2实际值": {
    "address": "VW358",
    "value": 3276,
    "unit": "℃",
    "type": "Int"
  },
  "25B调速故障": {
    "address": "V4550.7",
    "value": false,
    "unit": "",
    "type": "Bool"
  },
  "25B料筒冷却风机故障": {
    "address": "V4550.4",
    "value": false,
    "unit": "",
    "type": "Bool"
  },
  "25A调速故障": {
    "address": "V4551.4",
    "value": false,
    "unit": "",
    "type": "Bool"
  },
  "25A料筒冷却风机故障": {
    "address": "V4550.6",
    "value": false,
    "unit": "",
    "type": "Bool"
  },
  "25A过电流": {
    "address": "V4551.7",
    "value": false,
    "unit": "",
    "type": "Bool"
  },
  "25B转速设定值": {
    "address": "VD212",
    "value": 0.0,
    "unit": "RPM",
    "type": "Real"
  },
  "25B转速实际值": {
    "address": "VD532",
    "value": 0.0,
    "unit": "RPM",
    "type": "Real"
  },
  "25B电流设定值": {
    "address": "VD2300",
    "value": 0.0,
    "unit": "%",
    "type": "Real"
  },
  "25B电流实际值": {
    "address": "VD556",
    "value": 0.0,
    "unit": "A",
    "type": "Real"
  },
  "25A转速设定值": {
    "address": "VD208",
    "value": 4.699997901916504,
    "unit": "RPM",
    "type": "Real"
  },
  "25A转速实际值": {
    "address": "VD232",
    "value": 0.0,
    "unit": "RPM",
    "type": "Real"
  },
  "25A电流设定值": {
    "address": "VD3300",
    "value": 0.0,
    "unit": "%",
    "type": "Real"
  },
  "25A电流实际值": {
    "address": "VD256",
    "value": 0.0,
    "unit": "A",
    "type": "Real"
  },
  "B组25机1区设定值": {
    "address": "VW102",
    "value": 145,
    "unit": "℃",
    "type": "Int"
  },
  "B组25机1区实际值": {
    "address": "VW104",
    "value": 235,
    "unit": "℃",
    "type": "Int"
  },
  "B组25机2区设定值": {
    "address": "VW104",
    "value": 235,
    "unit": "℃",
    "type": "Int"
  },
  "B组25机2区实际值": {
    "address": "VW304",
    "value": 232,
    "unit": "℃",
    "type": "Int"
  },
  "B组25机3区设定值": {
    "address": "VW106",
    "value": 235,
    "unit": "℃",
    "type": "Int"
  },
  "B组25机3区实际值": {
    "address": "VW306",
    "value": 230,
    "unit": "℃",
    "type": "Int"
  },
  "A组25机1区设定值": {
    "address": "VW108",
    "value": 145,
    "unit": "℃",
    "type": "Int"
  },
  "A组25机1区实际值": {
    "address": "VW308",
    "value": 41,
    "unit": "℃",
    "type": "Int"
  },
  "A组25机2区设定值": {
    "address": "VW116",
    "value": 170,
    "unit": "℃",
    "type": "Int"
  },
  "A组25机2区实际值": {
    "address": "VW316",
    "value": 42,
    "unit": "℃",
    "type": "Int"
  },
  "A组25机3区设定值": {
    "address": "VW118",
    "value": 170,
    "unit": "℃",
    "type": "Int"
  },
  "A组25机3区实际值": {
    "address": "VW318",
    "value": 44,
    "unit": "℃",
    "type": "Int"
  },
  "25B共挤备用1设定值": {
    "address": "VW130",
    "value": 0,
    "unit": "℃",
    "type": "Int"
  },
  "25B共挤备用1实际值": {
    "address": "VW330",
    "value": 3276,
    "unit": "℃",
    "type": "Int"
  },
  "25B共挤备用2设定值": {
    "address": "VW132",
    "value": 0,
    "unit": "℃",
    "type": "Int"
  },
  "25B共挤备用2实际值": {
    "address": "VW332",
    "value": 3276,
    "unit": "℃",
    "type": "Int"
  },
  "25A共挤备用1设定值": {
    "address": "VW134",
    "value": 0,
    "unit": "℃",
    "type": "Int"
  },
  "25A共挤备用1实际值": {
    "address": "VW334",
    "value": 3276,
    "unit": "℃",
    "type": "Int"
  },
  "25A共挤备用2设定值": {
    "address": "VW136",
    "value": 0,
    "unit": "℃",
    "type": "Int"
  },
  "25A共挤备用2实际值": {
    "address": "VW336",
    "value": 3276,
    "unit": "℃",
    "type": "Int"
  }
}
详情: 机台: 默认挤出机 (ID: 1), 参数数量: 121
返回结果:
{
  "machine": {
    "id": 1,
    "name": "默认挤出机"
  },
  "parameters": {
    "主机料温过低": {
      "address": "V4551.2",
      "value": false,
      "unit": "",
      "type": "Bool",
      "is_readonly": true,
      "slot": 2
    },
    "主机料温过高": {
      "address": "V4551.1",
      "value": false,
      "unit": "",
      "type": "Bool",
      "is_readonly": true,
      "slot": 2
    },
    "主机调速故障": {
      "address": "V4551.4",
      "value": false,
      "unit": "",
      "type": "Bool",
      "is_readonly": true,
      "slot": 2
    },
    "主机过电流": {
      "address": "V4551.7",
      "value": false,
      "unit": "",
      "type": "Bool",
      "is_readonly": true,
      "slot": 2
    },
    "主机料筒冷却风机故障": {
      "address": "V4550.4",
      "value": false,
      "unit": "",
      "type": "Bool",
      "is_readonly": true,
      "slot": 2
    },
    "喂料调速器故障": {
      "address": "V4553.0",
      "value": false,
      "unit": "",
      "type": "Bool",
      "is_readonly": true,
      "slot": 2
    },
    "喂料过电流": {
      "address": "V4553.1",
      "value": false,
      "unit": "",
      "type": "Bool",
      "is_readonly": true,
      "slot": 2
    },
    "螺杆异位报警": {
      "address": "V4551.3",
      "value": false,
      "unit": "",
      "type": "Bool",
      "is_readonly": true,
      "slot": 2
    },
    "主机急停未松开": {
      "address": "V4551.0",
      "value": false,
      "unit": "",
      "type": "Bool",
      "is_readonly": true,
      "slot": 2
    },
    "35A调速故障": {
      "address": "V4550.1",
      "value": false,
      "unit": "",
      "type": "Bool",
      "is_readonly": true,
      "slot": 2
    },
    "35A过电流": {
      "address": "V4550.7",
      "value": false,
      "unit": "",
      "type": "Bool",
      "is_readonly": true,
      "slot": 2
    },
    "35A料筒冷却风机故障": {
      "address": "V4550.6",
      "value": false,
      "unit": "",
      "type": "Bool",
      "is_readonly": true,
      "slot": 2
    },
    "35B调速故障": {
      "address": "V4550.5",
      "value": false,
      "unit": "",
      "type": "Bool",
      "is_readonly": true,
      "slot": 2
    },
    "35B过电流": {
      "address": "V4550.0",
      "value": false,
      "unit": "",
      "type": "Bool",
      "is_readonly": true,
      "slot": 2
    },
    "35B料筒冷却风机故障": {
      "address": "V4553.2",
      "value": false,
      "unit": "",
      "type": "Bool",
      "is_readonly": true,
      "slot": 2
    },
    "主机转速设定值": {
      "address": "VD208",
      "value": 3.0,
      "unit": "RPM",
      "type": "Real",
      "is_readonly": false,
      "slot": 2
    },
    "主机转速实际值": {
      "address": "VD232",
      "value": 0.0,
      "unit": "RPM",
      "type": "Real",
      "is_readonly": true,
      "slot": 2
    },
    "主机电流负载占比": {
      "address": "VD3300",
      "value": 0.0,
      "unit": "%",
      "type": "Real",
      "is_readonly": true,
      "slot": 2
    },
    "主机电流值": {
      "address": "VD256",
      "value": 0.0,
      "unit": "A",
      "type": "Real",
      "is_readonly": true,
      "slot": 2
    },
    "喂料转速设定值": {
      "address": "VD32",
      "value": 6.000001907348633,
      "unit": "RPM",
      "type": "Real",
      "is_readonly": false,
      "slot": 2
    },
    "喂料转速实际值": {
      "address": "VD244",
      "value": 0.0,
      "unit": "RPM",
      "type": "Real",
      "is_readonly": true,
      "slot": 2
    },
    "喂料电流负载占比": {
      "address": "VD3304",
      "value": 0.0,
      "unit": "%",
      "type": "Real",
      "is_readonly": true,
      "slot": 2
    },
    "喂料电流值": {
      "address": "VD260",
      "value": 0.0,
      "unit": "A",
      "type": "Real",
      "is_readonly": true,
      "slot": 2
    },
    "65机筒1区设定值": {
      "address": "VW102",
      "value": 180,
      "unit": "℃",
      "type": "Int",
      "is_readonly": false,
      "slot": 2
    },
    "65机筒1区实际值": {
      "address": "VW302",
      "value": 179,
      "unit": "℃",
      "type": "Int",
      "is_readonly": true,
      "slot": 2
    },
    "65机筒2区设定值": {
      "address": "VW104",
      "value": 185,
      "unit": "℃",
      "type": "Int",
      "is_readonly": false,
      "slot": 2
    },
    "65机筒2区实际值": {
      "address": "VW304",
      "value": 183,
      "unit": "℃",
      "type": "Int",
      "is_readonly": true,
      "slot": 2
    },
    "65机筒3区设定值": {
      "address": "VW106",
      "value": 140,
      "unit": "℃",
      "type": "Int",
      "is_readonly": false,
      "slot": 2
    },
    "65机筒3区实际值": {
      "address": "VW306",
      "value": 139,
      "unit": "℃",
      "type": "Int",
      "is_readonly": true,
      "slot": 2
    },
    "65机筒4区设定值": {
      "address": "VW108",
      "value": 135,
      "unit": "℃",
      "type": "Int",
      "is_readonly": false,
      "slot": 2
    },
    "65机筒4区实际值": {
      "address": "VW308",
      "value": 136,
      "unit": "℃",
      "type": "Int",
      "is_readonly": true,
      "slot": 2
    },
    "65机合流芯设定值": {
      "address": "VW154",
      "value": 140,
      "unit": "℃",
      "type": "Int",
      "is_readonly": false,
      "slot": 2
    },
    "65机合流芯实际值": {
      "address": "VW354",
      "value": 135,
      "unit": "℃",
      "type": "Int",
      "is_readonly": true,
      "slot": 2
    },
    "芯层模具上设定值": {
      "address": "VW1130",
      "value": 135,
      "unit": "℃",
      "type": "Int",
      "is_readonly": false,
      "slot": 2
    },
    "芯层模具上实际值": {
      "address": "VW330",
      "value": 142,
      "unit": "℃",
      "type": "Int",
      "is_readonly": true,
      "slot": 2
    },
    "芯层模具下设定值": {
      "address": "VW1132",
      "value": 135,
      "unit": "℃",
      "type": "Int",
      "is_readonly": false,
      "slot": 2
    },
    "芯层模具下实际值": {
      "address": "VW332",
      "value": 142,
      "unit": "℃",
      "type": "Int",
      "is_readonly": true,
      "slot": 2
    },
    "芯层模具左设定值": {
      "address": "VW1134",
      "value": 130,
      "unit": "℃",
      "type": "Int",
      "is_readonly": false,
      "slot": 2
    },
    "芯层模具左实际值": {
      "address": "VW334",
      "value": 137,
      "unit": "℃",
      "type": "Int",
      "is_readonly": true,
      "slot": 2
    },
    "芯层模具右设定值": {
      "address": "VW1136",
      "value": 140,
      "unit": "℃",
      "type": "Int",
      "is_readonly": false,
      "slot": 2
    },
    "芯层模具右实际值": {
      "address": "VW336",
      "value": 139,
      "unit": "℃",
      "type": "Int",
      "is_readonly": true,
      "slot": 2
    },
    "外层模具上设定值": {
      "address": "VW1138",
      "value": 190,
      "unit": "℃",
      "type": "Int",
      "is_readonly": false,
      "slot": 2
    },
    "外层模具上实际值": {
      "address": "VW338",
      "value": 190,
      "unit": "℃",
      "type": "Int",
      "is_readonly": true,
      "slot": 2
    },
    "外层模具下设定值": {
      "address": "VW1140",
      "value": 180,
      "unit": "℃",
      "type": "Int",
      "is_readonly": false,
      "slot": 2
    },
    "外层模具下实际值": {
      "address": "VW340",
      "value": 184,
      "unit": "℃",
      "type": "Int",
      "is_readonly": true,
      "slot": 2
    },
    "外层模具左设定值": {
      "address": "VW1142",
      "value": 180,
      "unit": "℃",
      "type": "Int",
      "is_readonly": false,
      "slot": 2
    },
    "外层模具左实际值": {
      "address": "VW342",
      "value": 180,
      "unit": "",
      "type": "Int",
      "is_readonly": true,
      "slot": 2
    },
    "外层模具石设定值": {
      "address": "VW344",
      "value": 181,
      "unit": "℃",
      "type": "Int",
      "is_readonly": false,
      "slot": 2
    },
    "外层模具石实际值": {
      "address": "VW344",
      "value": 181,
      "unit": "℃",
      "type": "Int",
      "is_readonly": true,
      "slot": 2
    },
    "A组合流芯设定值": {
      "address": "VW146",
      "value": 200,
      "unit": "℃",
      "type": "Int",
      "is_readonly": false,
      "slot": 2
    },
    "A组合流芯实际值": {
      "address": "VW346",
      "value": 198,
      "unit": "℃",
      "type": "Int",
      "is_readonly": true,
      "slot": 2
    },
    "A组转接模设定值": {
      "address": "VW148",
      "value": 200,
      "unit": "℃",
      "type": "Int",
      "is_readonly": false,
      "slot": 2
    },
    "A组转接模实际值": {
      "address": "VW348",
      "value": 200,
      "unit": "℃",
      "type": "Int",
      "is_readonly": true,
      "slot": 2
    },
    "A组连接管设定值": {
      "address": "VW150",
      "value": 0,
      "unit": "℃",
      "type": "Int",
      "is_readonly": false,
      "slot": 2
    },
    "A组连接管实际值": {
      "address": "VW350",
      "value": 80,
      "unit": "℃",
      "type": "Int",
      "is_readonly": true,
      "slot": 2
    },
    "B组合流芯设定值": {
      "address": "VW152",
      "value": 155,
      "unit": "℃",
      "type": "Int",
      "is_readonly": false,
      "slot": 2
    },
    "B组合流芯实际值": {
      "address": "VW352",
      "value": 151,
      "unit": "℃",
      "type": "Int",
      "is_readonly": true,
      "slot": 2
    },
    "B组转接模设定值": {
      "address": "VW162",
      "value": 155,
      "unit": "℃",
      "type": "Int",
      "is_readonly": false,
      "slot": 2
    },
    "B组转接模实际值": {
      "address": "VW362",
      "value": 154,
      "unit": "℃",
      "type": "Int",
      "is_readonly": true,
      "slot": 2
    },
    "B组连接管设定值": {
      "address": "VW164",
      "value": 230,
      "unit": "℃",
      "type": "Int",
      "is_readonly": false,
      "slot": 2
    },
    "B组连接管实际值": {
      "address": "VW364",
      "value": 216,
      "unit": "℃",
      "type": "Int",
      "is_readonly": true,
      "slot": 2
    },
    "35A转速设定值": {
      "address": "VD508",
      "value": 0.0,
      "unit": "RPM",
      "type": "Real",
      "is_readonly": false,
      "slot": 2
    },
    "35A转速实际值": {
      "address": "VD532",
      "value": 0.0,
      "unit": "RPM",
      "type": "Real",
      "is_readonly": true,
      "slot": 2
    },
    "35A电流设定值": {
      "address": "VD2300",
      "value": 0.0,
      "unit": "%",
      "type": "Real",
      "is_readonly": false,
      "slot": 2
    },
    "35A电流实际值": {
      "address": "VD556",
      "value": 0.0,
      "unit": "A",
      "type": "Real",
      "is_readonly": true,
      "slot": 2
    },
    "35B转速设定值": {
      "address": "VD212",
      "value": 0.0,
      "unit": "RPM",
      "type": "Real",
      "is_readonly": false,
      "slot": 2
    },
    "35B转速实际值": {
      "address": "VD236",
      "value": 0.0,
      "unit": "RPM",
      "type": "Real",
      "is_readonly": true,
      "slot": 2
    },
    "35B电流设定值": {
      "address": "VD3308",
      "value": 0.0,
      "unit": "%",
      "type": "Real",
      "is_readonly": false,
      "slot": 2
    },
    "35B电流实际值": {
      "address": "VD264",
      "value": 0.0,
      "unit": "A",
      "type": "Real",
      "is_readonly": true,
      "slot": 2
    },
    "A组35机1区设定值": {
      "address": "VW116",
      "value": 145,
      "unit": "℃",
      "type": "Int",
      "is_readonly": false,
      "slot": 2
    },
    "A组35机1区实际值": {
      "address": "VW316",
      "value": 145,
      "unit": "℃",
      "type": "Int",
      "is_readonly": true,
      "slot": 2
    },
    "A组35机2区实际值": {
      "address": "VW318",
      "value": 199,
      "unit": "℃",
      "type": "Int",
      "is_readonly": true,
      "slot": 2
    },
    "A组35机3区设定值": {
      "address": "VW368",
      "value": 196,
      "unit": "℃",
      "type": "Int",
      "is_readonly": false,
      "slot": 2
    },
    "A组35机3区实际值": {
      "address": "VW370",
      "value": 143,
      "unit": "℃",
      "type": "Int",
      "is_readonly": true,
      "slot": 2
    },
    "B组35机1区设定值": {
      "address": "VW118",
      "value": 200,
      "unit": "℃",
      "type": "Int",
      "is_readonly": false,
      "slot": 2
    },
    "B组35机1区实际值": {
      "address": "VW370",
      "value": 143,
      "unit": "℃",
      "type": "Int",
      "is_readonly": true,
      "slot": 2
    },
    "B组35机2区设定值": {
      "address": "VW120",
      "value": 155,
      "unit": "℃",
      "type": "Int",
      "is_readonly": false,
      "slot": 2
    },
    "B组35机2区实际值": {
      "address": "VW322",
      "value": 155,
      "unit": "℃",
      "type": "Int",
      "is_readonly": true,
      "slot": 2
    },
    "B组35机3区设定值": {
      "address": "VW112",
      "value": 150,
      "unit": "℃",
      "type": "Int",
      "is_readonly": false,
      "slot": 2
    },
    "B组35机3区实际值": {
      "address": "VW312",
      "value": 148,
      "unit": "℃",
      "type": "Int",
      "is_readonly": true,
      "slot": 2
    },
    "A组备用1设定值": {
      "address": "VW160",
      "value": 0,
      "unit": "℃",
      "type": "Int",
      "is_readonly": false,
      "slot": 2
    },
    "A组备用1实际值": {
      "address": "VW312",
      "value": 148,
      "unit": "℃",
      "type": "Int",
      "is_readonly": true,
      "slot": 2
    },
    "A组备用2设定值": {
      "address": "VW166",
      "value": 0,
      "unit": "℃",
      "type": "Int",
      "is_readonly": false,
      "slot": 2
    },
    "A组备用2实际值": {
      "address": "VW366",
      "value": 3276,
      "unit": "℃",
      "type": "Int",
      "is_readonly": true,
      "slot": 2
    },
    "B组备用1设定值": {
      "address": "VW156",
      "value": 0,
      "unit": "℃",
      "type": "Int",
      "is_readonly": false,
      "slot": 2
    },
    "B组备用1实际值": {
      "address": "VW356",
      "value": 3276,
      "unit": "℃",
      "type": "Int",
      "is_readonly": true,
      "slot": 2
    },
    "B组备用2设定值": {
      "address": "VW158",
      "value": 0,
      "unit": "℃",
      "type": "Int",
      "is_readonly": false,
      "slot": 2
    },
    "B组备用2实际值": {
      "address": "VW358",
      "value": 3276,
      "unit": "℃",
      "type": "Int",
      "is_readonly": true,
      "slot": 2
    },
    "25B调速故障": {
      "address": "V4550.7",
      "value": false,
      "unit": "",
      "type": "Bool",
      "is_readonly": true,
      "slot": 3
    },
    "25B料筒冷却风机故障": {
      "address": "V4550.4",
      "value": false,
      "unit": "",
      "type": "Bool",
      "is_readonly": false,
      "slot": 3
    },
    "25A调速故障": {
      "address": "V4551.4",
      "value": false,
      "unit": "",
      "type": "Bool",
      "is_readonly": true,
      "slot": 3
    },
    "25A料筒冷却风机故障": {
      "address": "V4550.6",
      "value": false,
      "unit": "",
      "type": "Bool",
      "is_readonly": true,
      "slot": 3
    },
    "25A过电流": {
      "address": "V4551.7",
      "value": false,
      "unit": "",
      "type": "Bool",
      "is_readonly": false,
      "slot": 3
    },
    "25B转速设定值": {
      "address": "VD212",
      "value": 0.0,
      "unit": "RPM",
      "type": "Real",
      "is_readonly": false,
      "slot": 3
    },
    "25B转速实际值": {
      "address": "VD532",
      "value": 0.0,
      "unit": "RPM",
      "type": "Real",
      "is_readonly": true,
      "slot": 3
    },
    "25B电流设定值": {
      "address": "VD2300",
      "value": 0.0,
      "unit": "%",
      "type": "Real",
      "is_readonly": false,
      "slot": 3
    },
    "25B电流实际值": {
      "address": "VD556",
      "value": 0.0,
      "unit": "A",
      "type": "Real",
      "is_readonly": true,
      "slot": 3
    },
    "25A转速设定值": {
      "address": "VD208",
      "value": 4.699997901916504,
      "unit": "RPM",
      "type": "Real",
      "is_readonly": false,
      "slot": 3
    },
    "25A转速实际值": {
      "address": "VD232",
      "value": 0.0,
      "unit": "RPM",
      "type": "Real",
      "is_readonly": true,
      "slot": 3
    },
    "25A电流设定值": {
      "address": "VD3300",
      "value": 0.0,
      "unit": "%",
      "type": "Real",
      "is_readonly": false,
      "slot": 3
    },
    "25A电流实际值": {
      "address": "VD256",
      "value": 0.0,
      "unit": "A",
      "type": "Real",
      "is_readonly": true,
      "slot": 3
    },
    "B组25机1区设定值": {
      "address": "VW102",
      "value": 145,
      "unit": "℃",
      "type": "Int",
      "is_readonly": false,
      "slot": 3
    },
    "B组25机1区实际值": {
      "address": "VW104",
      "value": 235,
      "unit": "℃",
      "type": "Int",
      "is_readonly": true,
      "slot": 3
    },
    "B组25机2区设定值": {
      "address": "VW104",
      "value": 235,
      "unit": "℃",
      "type": "Int",
      "is_readonly": false,
      "slot": 3
    },
    "B组25机2区实际值": {
      "address": "VW304",
      "value": 232,
      "unit": "℃",
      "type": "Int",
      "is_readonly": true,
      "slot": 3
    },
    "B组25机3区设定值": {
      "address": "VW106",
      "value": 235,
      "unit": "℃",
      "type": "Int",
      "is_readonly": false,
      "slot": 3
    },
    "B组25机3区实际值": {
      "address": "VW306",
      "value": 230,
      "unit": "℃",
      "type": "Int",
      "is_readonly": true,
      "slot": 3
    },
    "A组25机1区设定值": {
      "address": "VW108",
      "value": 145,
      "unit": "℃",
      "type": "Int",
      "is_readonly": false,
      "slot": 3
    },
    "A组25机1区实际值": {
      "address": "VW308",
      "value": 41,
      "unit": "℃",
      "type": "Int",
      "is_readonly": true,
      "slot": 3
    },
    "A组25机2区设定值": {
      "address": "VW116",
      "value": 170,
      "unit": "℃",
      "type": "Int",
      "is_readonly": false,
      "slot": 3
    },
    "A组25机2区实际值": {
      "address": "VW316",
      "value": 42,
      "unit": "℃",
      "type": "Int",
      "is_readonly": true,
      "slot": 3
    },
    "A组25机3区设定值": {
      "address": "VW118",
      "value": 170,
      "unit": "℃",
      "type": "Int",
      "is_readonly": false,
      "slot": 3
    },
    "A组25机3区实际值": {
      "address": "VW318",
      "value": 44,
      "unit": "℃",
      "type": "Int",
      "is_readonly": true,
      "slot": 3
    },
    "25B共挤备用1设定值": {
      "address": "VW130",
      "value": 0,
      "unit": "℃",
      "type": "Int",
      "is_readonly": false,
      "slot": 3
    },
    "25B共挤备用1实际值": {
      "address": "VW330",
      "value": 3276,
      "unit": "℃",
      "type": "Int",
      "is_readonly": true,
      "slot": 3
    },
    "25B共挤备用2设定值": {
      "address": "VW132",
      "value": 0,
      "unit": "℃",
      "type": "Int",
      "is_readonly": false,
      "slot": 3
    },
    "25B共挤备用2实际值": {
      "address": "VW332",
      "value": 3276,
      "unit": "℃",
      "type": "Int",
      "is_readonly": true,
      "slot": 3
    },
    "25A共挤备用1设定值": {
      "address": "VW134",
      "value": 0,
      "unit": "℃",
      "type": "Int",
      "is_readonly": false,
      "slot": 3
    },
    "25A共挤备用1实际值": {
      "address": "VW334",
      "value": 3276,
      "unit": "℃",
      "type": "Int",
      "is_readonly": true,
      "slot": 3
    },
    "25A共挤备用2设定值": {
      "address": "VW136",
      "value": 0,
      "unit": "℃",
      "type": "Int",
      "is_readonly": false,
      "slot": 3
    },
    "25A共挤备用2实际值": {
      "address": "VW336",
      "value": 3276,
      "unit": "℃",
      "type": "Int",
      "is_readonly": true,
      "slot": 3
    }
  }
}
------------------------------------------------------------
2026-05-09 15:51:18 | 读取PLC | 机台 | 用户ID:1
请求参数:
{
  "主机料温过低": {
    "address": "V4551.2",
    "value": false,
    "unit": "",
    "type": "Bool"
  },
  "主机料温过高": {
    "address": "V4551.1",
    "value": false,
    "unit": "",
    "type": "Bool"
  },
  "主机调速故障": {
    "address": "V4551.4",
    "value": false,
    "unit": "",
    "type": "Bool"
  },
  "主机过电流": {
    "address": "V4551.7",
    "value": false,
    "unit": "",
    "type": "Bool"
  },
  "主机料筒冷却风机故障": {
    "address": "V4550.4",
    "value": false,
    "unit": "",
    "type": "Bool"
  },
  "喂料调速器故障": {
    "address": "V4553.0",
    "value": false,
    "unit": "",
    "type": "Bool"
  },
  "喂料过电流": {
    "address": "V4553.1",
    "value": false,
    "unit": "",
    "type": "Bool"
  },
  "螺杆异位报警": {
    "address": "V4551.3",
    "value": false,
    "unit": "",
    "type": "Bool"
  },
  "主机急停未松开": {
    "address": "V4551.0",
    "value": false,
    "unit": "",
    "type": "Bool"
  },
  "35A调速故障": {
    "address": "V4550.1",
    "value": false,
    "unit": "",
    "type": "Bool"
  },
  "35A过电流": {
    "address": "V4550.7",
    "value": false,
    "unit": "",
    "type": "Bool"
  },
  "35A料筒冷却风机故障": {
    "address": "V4550.6",
    "value": false,
    "unit": "",
    "type": "Bool"
  },
  "35B调速故障": {
    "address": "V4550.5",
    "value": false,
    "unit": "",
    "type": "Bool"
  },
  "35B过电流": {
    "address": "V4550.0",
    "value": false,
    "unit": "",
    "type": "Bool"
  },
  "35B料筒冷却风机故障": {
    "address": "V4553.2",
    "value": false,
    "unit": "",
    "type": "Bool"
  },
  "主机转速设定值": {
    "address": "VD208",
    "value": 3.0,
    "unit": "RPM",
    "type": "Real"
  },
  "主机转速实际值": {
    "address": "VD232",
    "value": 0.0,
    "unit": "RPM",
    "type": "Real"
  },
  "主机电流负载占比": {
    "address": "VD3300",
    "value": 0.0,
    "unit": "%",
    "type": "Real"
  },
  "主机电流值": {
    "address": "VD256",
    "value": 0.0,
    "unit": "A",
    "type": "Real"
  },
  "喂料转速设定值": {
    "address": "VD32",
    "value": 6.000001907348633,
    "unit": "RPM",
    "type": "Real"
  },
  "喂料转速实际值": {
    "address": "VD244",
    "value": 0.0,
    "unit": "RPM",
    "type": "Real"
  },
  "喂料电流负载占比": {
    "address": "VD3304",
    "value": 0.0,
    "unit": "%",
    "type": "Real"
  },
  "喂料电流值": {
    "address": "VD260",
    "value": 0.0,
    "unit": "A",
    "type": "Real"
  },
  "65机筒1区设定值": {
    "address": "VW102",
    "value": 180,
    "unit": "℃",
    "type": "Int"
  },
  "65机筒1区实际值": {
    "address": "VW302",
    "value": 179,
    "unit": "℃",
    "type": "Int"
  },
  "65机筒2区设定值": {
    "address": "VW104",
    "value": 185,
    "unit": "℃",
    "type": "Int"
  },
  "65机筒2区实际值": {
    "address": "VW304",
    "value": 183,
    "unit": "℃",
    "type": "Int"
  },
  "65机筒3区设定值": {
    "address": "VW106",
    "value": 140,
    "unit": "℃",
    "type": "Int"
  },
  "65机筒3区实际值": {
    "address": "VW306",
    "value": 141,
    "unit": "℃",
    "type": "Int"
  },
  "65机筒4区设定值": {
    "address": "VW108",
    "value": 135,
    "unit": "℃",
    "type": "Int"
  },
  "65机筒4区实际值": {
    "address": "VW308",
    "value": 135,
    "unit": "℃",
    "type": "Int"
  },
  "65机合流芯设定值": {
    "address": "VW154",
    "value": 140,
    "unit": "℃",
    "type": "Int"
  },
  "65机合流芯实际值": {
    "address": "VW354",
    "value": 136,
    "unit": "℃",
    "type": "Int"
  },
  "芯层模具上设定值": {
    "address": "VW1130",
    "value": 135,
    "unit": "℃",
    "type": "Int"
  },
  "芯层模具上实际值": {
    "address": "VW330",
    "value": 141,
    "unit": "℃",
    "type": "Int"
  },
  "芯层模具下设定值": {
    "address": "VW1132",
    "value": 135,
    "unit": "℃",
    "type": "Int"
  },
  "芯层模具下实际值": {
    "address": "VW332",
    "value": 142,
    "unit": "℃",
    "type": "Int"
  },
  "芯层模具左设定值": {
    "address": "VW1134",
    "value": 130,
    "unit": "℃",
    "type": "Int"
  },
  "芯层模具左实际值": {
    "address": "VW334",
    "value": 137,
    "unit": "℃",
    "type": "Int"
  },
  "芯层模具右设定值": {
    "address": "VW1136",
    "value": 140,
    "unit": "℃",
    "type": "Int"
  },
  "芯层模具右实际值": {
    "address": "VW336",
    "value": 139,
    "unit": "℃",
    "type": "Int"
  },
  "外层模具上设定值": {
    "address": "VW1138",
    "value": 190,
    "unit": "℃",
    "type": "Int"
  },
  "外层模具上实际值": {
    "address": "VW338",
    "value": 191,
    "unit": "℃",
    "type": "Int"
  },
  "外层模具下设定值": {
    "address": "VW1140",
    "value": 180,
    "unit": "℃",
    "type": "Int"
  },
  "外层模具下实际值": {
    "address": "VW340",
    "value": 179,
    "unit": "℃",
    "type": "Int"
  },
  "外层模具左设定值": {
    "address": "VW1142",
    "value": 180,
    "unit": "℃",
    "type": "Int"
  },
  "外层模具左实际值": {
    "address": "VW342",
    "value": 181,
    "unit": "",
    "type": "Int"
  },
  "外层模具石设定值": {
    "address": "VW344",
    "value": 181,
    "unit": "℃",
    "type": "Int"
  },
  "外层模具石实际值": {
    "address": "VW344",
    "value": 181,
    "unit": "℃",
    "type": "Int"
  },
  "A组合流芯设定值": {
    "address": "VW146",
    "value": 200,
    "unit": "℃",
    "type": "Int"
  },
  "A组合流芯实际值": {
    "address": "VW346",
    "value": 196,
    "unit": "℃",
    "type": "Int"
  },
  "A组转接模设定值": {
    "address": "VW148",
    "value": 200,
    "unit": "℃",
    "type": "Int"
  },
  "A组转接模实际值": {
    "address": "VW348",
    "value": 197,
    "unit": "℃",
    "type": "Int"
  },
  "A组连接管设定值": {
    "address": "VW150",
    "value": 0,
    "unit": "℃",
    "type": "Int"
  },
  "A组连接管实际值": {
    "address": "VW350",
    "value": 80,
    "unit": "℃",
    "type": "Int"
  },
  "B组合流芯设定值": {
    "address": "VW152",
    "value": 155,
    "unit": "℃",
    "type": "Int"
  },
  "B组合流芯实际值": {
    "address": "VW352",
    "value": 152,
    "unit": "℃",
    "type": "Int"
  },
  "B组转接模设定值": {
    "address": "VW162",
    "value": 155,
    "unit": "℃",
    "type": "Int"
  },
  "B组转接模实际值": {
    "address": "VW362",
    "value": 150,
    "unit": "℃",
    "type": "Int"
  },
  "B组连接管设定值": {
    "address": "VW164",
    "value": 230,
    "unit": "℃",
    "type": "Int"
  },
  "B组连接管实际值": {
    "address": "VW364",
    "value": 217,
    "unit": "℃",
    "type": "Int"
  },
  "35A转速设定值": {
    "address": "VD508",
    "value": 0.0,
    "unit": "RPM",
    "type": "Real"
  },
  "35A转速实际值": {
    "address": "VD532",
    "value": 0.0,
    "unit": "RPM",
    "type": "Real"
  },
  "35A电流设定值": {
    "address": "VD2300",
    "value": 0.0,
    "unit": "%",
    "type": "Real"
  },
  "35A电流实际值": {
    "address": "VD556",
    "value": 0.0,
    "unit": "A",
    "type": "Real"
  },
  "35B转速设定值": {
    "address": "VD212",
    "value": 0.0,
    "unit": "RPM",
    "type": "Real"
  },
  "35B转速实际值": {
    "address": "VD236",
    "value": 0.0,
    "unit": "RPM",
    "type": "Real"
  },
  "35B电流设定值": {
    "address": "VD3308",
    "value": 0.0,
    "unit": "%",
    "type": "Real"
  },
  "35B电流实际值": {
    "address": "VD264",
    "value": 0.0,
    "unit": "A",
    "type": "Real"
  },
  "A组35机1区设定值": {
    "address": "VW116",
    "value": 145,
    "unit": "℃",
    "type": "Int"
  },
  "A组35机1区实际值": {
    "address": "VW316",
    "value": 143,
    "unit": "℃",
    "type": "Int"
  },
  "A组35机2区实际值": {
    "address": "VW318",
    "value": 198,
    "unit": "℃",
    "type": "Int"
  },
  "A组35机3区设定值": {
    "address": "VW168",
    "value": 200,
    "unit": "℃",
    "type": "Int"
  },
  "A组35机3区实际值": {
    "address": "VW368",
    "value": 195,
    "unit": "℃",
    "type": "Int"
  },
  "B组35机1区设定值": {
    "address": "VW170",
    "value": 145,
    "unit": "℃",
    "type": "Int"
  },
  "B组35机1区实际值": {
    "address": "VW370",
    "value": 144,
    "unit": "℃",
    "type": "Int"
  },
  "B组35机2区设定值": {
    "address": "VW120",
    "value": 155,
    "unit": "℃",
    "type": "Int"
  },
  "B组35机2区实际值": {
    "address": "VW322",
    "value": 154,
    "unit": "℃",
    "type": "Int"
  },
  "B组35机3区设定值": {
    "address": "VW112",
    "value": 150,
    "unit": "℃",
    "type": "Int"
  },
  "B组35机3区实际值": {
    "address": "VW312",
    "value": 149,
    "unit": "℃",
    "type": "Int"
  },
  "A组备用1设定值": {
    "address": "VW160",
    "value": 0,
    "unit": "℃",
    "type": "Int"
  },
  "A组备用1实际值": {
    "address": "VW360",
    "value": 3276,
    "unit": "℃",
    "type": "Int"
  },
  "A组备用2设定值": {
    "address": "VW166",
    "value": 0,
    "unit": "℃",
    "type": "Int"
  },
  "A组备用2实际值": {
    "address": "VW366",
    "value": 3276,
    "unit": "℃",
    "type": "Int"
  },
  "B组备用1设定值": {
    "address": "VW156",
    "value": 0,
    "unit": "℃",
    "type": "Int"
  },
  "B组备用1实际值": {
    "address": "VW356",
    "value": 3276,
    "unit": "℃",
    "type": "Int"
  },
  "B组备用2设定值": {
    "address": "VW158",
    "value": 0,
    "unit": "℃",
    "type": "Int"
  },
  "B组备用2实际值": {
    "address": "VW358",
    "value": 3276,
    "unit": "℃",
    "type": "Int"
  },
  "25B调速故障": {
    "address": "V4550.7",
    "value": false,
    "unit": "",
    "type": "Bool"
  },
  "25B料筒冷却风机故障": {
    "address": "V4550.4",
    "value": false,
    "unit": "",
    "type": "Bool"
  },
  "25A调速故障": {
    "address": "V4551.4",
    "value": false,
    "unit": "",
    "type": "Bool"
  },
  "25A料筒冷却风机故障": {
    "address": "V4550.6",
    "value": false,
    "unit": "",
    "type": "Bool"
  },
  "25A过电流": {
    "address": "V4551.7",
    "value": false,
    "unit": "",
    "type": "Bool"
  },
  "25B转速设定值": {
    "address": "VD212",
    "value": 0.0,
    "unit": "RPM",
    "type": "Real"
  },
  "25B转速实际值": {
    "address": "VD532",
    "value": 0.0,
    "unit": "RPM",
    "type": "Real"
  },
  "25B电流设定值": {
    "address": "VD2300",
    "value": 0.0,
    "unit": "%",
    "type": "Real"
  },
  "25B电流实际值": {
    "address": "VD556",
    "value": 0.0,
    "unit": "A",
    "type": "Real"
  },
  "25A转速设定值": {
    "address": "VD208",
    "value": 4.699997901916504,
    "unit": "RPM",
    "type": "Real"
  },
  "25A转速实际值": {
    "address": "VD232",
    "value": 0.0,
    "unit": "RPM",
    "type": "Real"
  },
  "25A电流设定值": {
    "address": "VD3300",
    "value": 0.0,
    "unit": "%",
    "type": "Real"
  },
  "25A电流实际值": {
    "address": "VD256",
    "value": 0.0,
    "unit": "A",
    "type": "Real"
  },
  "B组25机1区设定值": {
    "address": "VW102",
    "value": 145,
    "unit": "℃",
    "type": "Int"
  },
  "B组25机1区实际值": {
    "address": "VW104",
    "value": 235,
    "unit": "℃",
    "type": "Int"
  },
  "B组25机2区设定值": {
    "address": "VW104",
    "value": 235,
    "unit": "℃",
    "type": "Int"
  },
  "B组25机2区实际值": {
    "address": "VW304",
    "value": 233,
    "unit": "℃",
    "type": "Int"
  },
  "B组25机3区设定值": {
    "address": "VW106",
    "value": 235,
    "unit": "℃",
    "type": "Int"
  },
  "B组25机3区实际值": {
    "address": "VW306",
    "value": 230,
    "unit": "℃",
    "type": "Int"
  },
  "A组25机1区设定值": {
    "address": "VW108",
    "value": 145,
    "unit": "℃",
    "type": "Int"
  },
  "A组25机1区实际值": {
    "address": "VW308",
    "value": 41,
    "unit": "℃",
    "type": "Int"
  },
  "A组25机2区设定值": {
    "address": "VW116",
    "value": 170,
    "unit": "℃",
    "type": "Int"
  },
  "A组25机2区实际值": {
    "address": "VW316",
    "value": 43,
    "unit": "℃",
    "type": "Int"
  },
  "A组25机3区设定值": {
    "address": "VW118",
    "value": 170,
    "unit": "℃",
    "type": "Int"
  },
  "A组25机3区实际值": {
    "address": "VW318",
    "value": 45,
    "unit": "℃",
    "type": "Int"
  },
  "25B共挤备用1设定值": {
    "address": "VW130",
    "value": 0,
    "unit": "℃",
    "type": "Int"
  },
  "25B共挤备用1实际值": {
    "address": "VW330",
    "value": 3276,
    "unit": "℃",
    "type": "Int"
  },
  "25B共挤备用2设定值": {
    "address": "VW132",
    "value": 0,
    "unit": "℃",
    "type": "Int"
  },
  "25B共挤备用2实际值": {
    "address": "VW332",
    "value": 3276,
    "unit": "℃",
    "type": "Int"
  },
  "25A共挤备用1设定值": {
    "address": "VW134",
    "value": 0,
    "unit": "℃",
    "type": "Int"
  },
  "25A共挤备用1实际值": {
    "address": "VW334",
    "value": 3276,
    "unit": "℃",
    "type": "Int"
  },
  "25A共挤备用2设定值": {
    "address": "VW136",
    "value": 0,
    "unit": "℃",
    "type": "Int"
  },
  "25A共挤备用2实际值": {
    "address": "VW336",
    "value": 3276,
    "unit": "℃",
    "type": "Int"
  }
}
详情: 机台: 默认挤出机 (ID: 1), 参数数量: 121
返回结果:
{
  "machine": {
    "id": 1,
    "name": "默认挤出机"
  },
  "parameters": {
    "主机料温过低": {
      "address": "V4551.2",
      "value": false,
      "unit": "",
      "type": "Bool",
      "is_readonly": true,
      "slot": 2
    },
    "主机料温过高": {
      "address": "V4551.1",
      "value": false,
      "unit": "",
      "type": "Bool",
      "is_readonly": true,
      "slot": 2
    },
    "主机调速故障": {
      "address": "V4551.4",
      "value": false,
      "unit": "",
      "type": "Bool",
      "is_readonly": true,
      "slot": 2
    },
    "主机过电流": {
      "address": "V4551.7",
      "value": false,
      "unit": "",
      "type": "Bool",
      "is_readonly": true,
      "slot": 2
    },
    "主机料筒冷却风机故障": {
      "address": "V4550.4",
      "value": false,
      "unit": "",
      "type": "Bool",
      "is_readonly": true,
      "slot": 2
    },
    "喂料调速器故障": {
      "address": "V4553.0",
      "value": false,
      "unit": "",
      "type": "Bool",
      "is_readonly": true,
      "slot": 2
    },
    "喂料过电流": {
      "address": "V4553.1",
      "value": false,
      "unit": "",
      "type": "Bool",
      "is_readonly": true,
      "slot": 2
    },
    "螺杆异位报警": {
      "address": "V4551.3",
      "value": false,
      "unit": "",
      "type": "Bool",
      "is_readonly": true,
      "slot": 2
    },
    "主机急停未松开": {
      "address": "V4551.0",
      "value": false,
      "unit": "",
      "type": "Bool",
      "is_readonly": true,
      "slot": 2
    },
    "35A调速故障": {
      "address": "V4550.1",
      "value": false,
      "unit": "",
      "type": "Bool",
      "is_readonly": true,
      "slot": 2
    },
    "35A过电流": {
      "address": "V4550.7",
      "value": false,
      "unit": "",
      "type": "Bool",
      "is_readonly": true,
      "slot": 2
    },
    "35A料筒冷却风机故障": {
      "address": "V4550.6",
      "value": false,
      "unit": "",
      "type": "Bool",
      "is_readonly": true,
      "slot": 2
    },
    "35B调速故障": {
      "address": "V4550.5",
      "value": false,
      "unit": "",
      "type": "Bool",
      "is_readonly": true,
      "slot": 2
    },
    "35B过电流": {
      "address": "V4550.0",
      "value": false,
      "unit": "",
      "type": "Bool",
      "is_readonly": true,
      "slot": 2
    },
    "35B料筒冷却风机故障": {
      "address": "V4553.2",
      "value": false,
      "unit": "",
      "type": "Bool",
      "is_readonly": true,
      "slot": 2
    },
    "主机转速设定值": {
      "address": "VD208",
      "value": 3.0,
      "unit": "RPM",
      "type": "Real",
      "is_readonly": false,
      "slot": 2
    },
    "主机转速实际值": {
      "address": "VD232",
      "value": 0.0,
      "unit": "RPM",
      "type": "Real",
      "is_readonly": true,
      "slot": 2
    },
    "主机电流负载占比": {
      "address": "VD3300",
      "value": 0.0,
      "unit": "%",
      "type": "Real",
      "is_readonly": true,
      "slot": 2
    },
    "主机电流值": {
      "address": "VD256",
      "value": 0.0,
      "unit": "A",
      "type": "Real",
      "is_readonly": true,
      "slot": 2
    },
    "喂料转速设定值": {
      "address": "VD32",
      "value": 6.000001907348633,
      "unit": "RPM",
      "type": "Real",
      "is_readonly": false,
      "slot": 2
    },
    "喂料转速实际值": {
      "address": "VD244",
      "value": 0.0,
      "unit": "RPM",
      "type": "Real",
      "is_readonly": true,
      "slot": 2
    },
    "喂料电流负载占比": {
      "address": "VD3304",
      "value": 0.0,
      "unit": "%",
      "type": "Real",
      "is_readonly": true,
      "slot": 2
    },
    "喂料电流值": {
      "address": "VD260",
      "value": 0.0,
      "unit": "A",
      "type": "Real",
      "is_readonly": true,
      "slot": 2
    },
    "65机筒1区设定值": {
      "address": "VW102",
      "value": 180,
      "unit": "℃",
      "type": "Int",
      "is_readonly": false,
      "slot": 2
    },
    "65机筒1区实际值": {
      "address": "VW302",
      "value": 179,
      "unit": "℃",
      "type": "Int",
      "is_readonly": true,
      "slot": 2
    },
    "65机筒2区设定值": {
      "address": "VW104",
      "value": 185,
      "unit": "℃",
      "type": "Int",
      "is_readonly": false,
      "slot": 2
    },
    "65机筒2区实际值": {
      "address": "VW304",
      "value": 183,
      "unit": "℃",
      "type": "Int",
      "is_readonly": true,
      "slot": 2
    },
    "65机筒3区设定值": {
      "address": "VW106",
      "value": 140,
      "unit": "℃",
      "type": "Int",
      "is_readonly": false,
      "slot": 2
    },
    "65机筒3区实际值": {
      "address": "VW306",
      "value": 141,
      "unit": "℃",
      "type": "Int",
      "is_readonly": true,
      "slot": 2
    },
    "65机筒4区设定值": {
      "address": "VW108",
      "value": 135,
      "unit": "℃",
      "type": "Int",
      "is_readonly": false,
      "slot": 2
    },
    "65机筒4区实际值": {
      "address": "VW308",
      "value": 135,
      "unit": "℃",
      "type": "Int",
      "is_readonly": true,
      "slot": 2
    },
    "65机合流芯设定值": {
      "address": "VW154",
      "value": 140,
      "unit": "℃",
      "type": "Int",
      "is_readonly": false,
      "slot": 2
    },
    "65机合流芯实际值": {
      "address": "VW354",
      "value": 136,
      "unit": "℃",
      "type": "Int",
      "is_readonly": true,
      "slot": 2
    },
    "芯层模具上设定值": {
      "address": "VW1130",
      "value": 135,
      "unit": "℃",
      "type": "Int",
      "is_readonly": false,
      "slot": 2
    },
    "芯层模具上实际值": {
      "address": "VW330",
      "value": 141,
      "unit": "℃",
      "type": "Int",
      "is_readonly": true,
      "slot": 2
    },
    "芯层模具下设定值": {
      "address": "VW1132",
      "value": 135,
      "unit": "℃",
      "type": "Int",
      "is_readonly": false,
      "slot": 2
    },
    "芯层模具下实际值": {
      "address": "VW332",
      "value": 142,
      "unit": "℃",
      "type": "Int",
      "is_readonly": true,
      "slot": 2
    },
    "芯层模具左设定值": {
      "address": "VW1134",
      "value": 130,
      "unit": "℃",
      "type": "Int",
      "is_readonly": false,
      "slot": 2
    },
    "芯层模具左实际值": {
      "address": "VW334",
      "value": 137,
      "unit": "℃",
      "type": "Int",
      "is_readonly": true,
      "slot": 2
    },
    "芯层模具右设定值": {
      "address": "VW1136",
      "value": 140,
      "unit": "℃",
      "type": "Int",
      "is_readonly": false,
      "slot": 2
    },
    "芯层模具右实际值": {
      "address": "VW336",
      "value": 139,
      "unit": "℃",
      "type": "Int",
      "is_readonly": true,
      "slot": 2
    },
    "外层模具上设定值": {
      "address": "VW1138",
      "value": 190,
      "unit": "℃",
      "type": "Int",
      "is_readonly": false,
      "slot": 2
    },
    "外层模具上实际值": {
      "address": "VW338",
      "value": 191,
      "unit": "℃",
      "type": "Int",
      "is_readonly": true,
      "slot": 2
    },
    "外层模具下设定值": {
      "address": "VW1140",
      "value": 180,
      "unit": "℃",
      "type": "Int",
      "is_readonly": false,
      "slot": 2
    },
    "外层模具下实际值": {
      "address": "VW340",
      "value": 179,
      "unit": "℃",
      "type": "Int",
      "is_readonly": true,
      "slot": 2
    },
    "外层模具左设定值": {
      "address": "VW1142",
      "value": 180,
      "unit": "℃",
      "type": "Int",
      "is_readonly": false,
      "slot": 2
    },
    "外层模具左实际值": {
      "address": "VW342",
      "value": 181,
      "unit": "",
      "type": "Int",
      "is_readonly": true,
      "slot": 2
    },
    "外层模具石设定值": {
      "address": "VW344",
      "value": 181,
      "unit": "℃",
      "type": "Int",
      "is_readonly": false,
      "slot": 2
    },
    "外层模具石实际值": {
      "address": "VW344",
      "value": 181,
      "unit": "℃",
      "type": "Int",
      "is_readonly": true,
      "slot": 2
    },
    "A组合流芯设定值": {
      "address": "VW146",
      "value": 200,
      "unit": "℃",
      "type": "Int",
      "is_readonly": false,
      "slot": 2
    },
    "A组合流芯实际值": {
      "address": "VW346",
      "value": 196,
      "unit": "℃",
      "type": "Int",
      "is_readonly": true,
      "slot": 2
    },
    "A组转接模设定值": {
      "address": "VW148",
      "value": 200,
      "unit": "℃",
      "type": "Int",
      "is_readonly": false,
      "slot": 2
    },
    "A组转接模实际值": {
      "address": "VW348",
      "value": 197,
      "unit": "℃",
      "type": "Int",
      "is_readonly": true,
      "slot": 2
    },
    "A组连接管设定值": {
      "address": "VW150",
      "value": 0,
      "unit": "℃",
      "type": "Int",
      "is_readonly": false,
      "slot": 2
    },
    "A组连接管实际值": {
      "address": "VW350",
      "value": 80,
      "unit": "℃",
      "type": "Int",
      "is_readonly": true,
      "slot": 2
    },
    "B组合流芯设定值": {
      "address": "VW152",
      "value": 155,
      "unit": "℃",
      "type": "Int",
      "is_readonly": false,
      "slot": 2
    },
    "B组合流芯实际值": {
      "address": "VW352",
      "value": 152,
      "unit": "℃",
      "type": "Int",
      "is_readonly": true,
      "slot": 2
    },
    "B组转接模设定值": {
      "address": "VW162",
      "value": 155,
      "unit": "℃",
      "type": "Int",
      "is_readonly": false,
      "slot": 2
    },
    "B组转接模实际值": {
      "address": "VW362",
      "value": 150,
      "unit": "℃",
      "type": "Int",
      "is_readonly": true,
      "slot": 2
    },
    "B组连接管设定值": {
      "address": "VW164",
      "value": 230,
      "unit": "℃",
      "type": "Int",
      "is_readonly": false,
      "slot": 2
    },
    "B组连接管实际值": {
      "address": "VW364",
      "value": 217,
      "unit": "℃",
      "type": "Int",
      "is_readonly": true,
      "slot": 2
    },
    "35A转速设定值": {
      "address": "VD508",
      "value": 0.0,
      "unit": "RPM",
      "type": "Real",
      "is_readonly": false,
      "slot": 2
    },
    "35A转速实际值": {
      "address": "VD532",
      "value": 0.0,
      "unit": "RPM",
      "type": "Real",
      "is_readonly": true,
      "slot": 2
    },
    "35A电流设定值": {
      "address": "VD2300",
      "value": 0.0,
      "unit": "%",
      "type": "Real",
      "is_readonly": false,
      "slot": 2
    },
    "35A电流实际值": {
      "address": "VD556",
      "value": 0.0,
      "unit": "A",
      "type": "Real",
      "is_readonly": true,
      "slot": 2
    },
    "35B转速设定值": {
      "address": "VD212",
      "value": 0.0,
      "unit": "RPM",
      "type": "Real",
      "is_readonly": false,
      "slot": 2
    },
    "35B转速实际值": {
      "address": "VD236",
      "value": 0.0,
      "unit": "RPM",
      "type": "Real",
      "is_readonly": true,
      "slot": 2
    },
    "35B电流设定值": {
      "address": "VD3308",
      "value": 0.0,
      "unit": "%",
      "type": "Real",
      "is_readonly": false,
      "slot": 2
    },
    "35B电流实际值": {
      "address": "VD264",
      "value": 0.0,
      "unit": "A",
      "type": "Real",
      "is_readonly": true,
      "slot": 2
    },
    "A组35机1区设定值": {
      "address": "VW116",
      "value": 145,
      "unit": "℃",
      "type": "Int",
      "is_readonly": false,
      "slot": 2
    },
    "A组35机1区实际值": {
      "address": "VW316",
      "value": 143,
      "unit": "℃",
      "type": "Int",
      "is_readonly": true,
      "slot": 2
    },
    "A组35机2区实际值": {
      "address": "VW318",
      "value": 198,
      "unit": "℃",
      "type": "Int",
      "is_readonly": true,
      "slot": 2
    },
    "A组35机3区设定值": {
      "address": "VW168",
      "value": 200,
      "unit": "℃",
      "type": "Int",
      "is_readonly": false,
      "slot": 2
    },
    "A组35机3区实际值": {
      "address": "VW368",
      "value": 195,
      "unit": "℃",
      "type": "Int",
      "is_readonly": true,
      "slot": 2
    },
    "B组35机1区设定值": {
      "address": "VW170",
      "value": 145,
      "unit": "℃",
      "type": "Int",
      "is_readonly": false,
      "slot": 2
    },
    "B组35机1区实际值": {
      "address": "VW370",
      "value": 144,
      "unit": "℃",
      "type": "Int",
      "is_readonly": true,
      "slot": 2
    },
    "B组35机2区设定值": {
      "address": "VW120",
      "value": 155,
      "unit": "℃",
      "type": "Int",
      "is_readonly": false,
      "slot": 2
    },
    "B组35机2区实际值": {
      "address": "VW322",
      "value": 154,
      "unit": "℃",
      "type": "Int",
      "is_readonly": true,
      "slot": 2
    },
    "B组35机3区设定值": {
      "address": "VW112",
      "value": 150,
      "unit": "℃",
      "type": "Int",
      "is_readonly": false,
      "slot": 2
    },
    "B组35机3区实际值": {
      "address": "VW312",
      "value": 149,
      "unit": "℃",
      "type": "Int",
      "is_readonly": true,
      "slot": 2
    },
    "A组备用1设定值": {
      "address": "VW160",
      "value": 0,
      "unit": "℃",
      "type": "Int",
      "is_readonly": false,
      "slot": 2
    },
    "A组备用1实际值": {
      "address": "VW360",
      "value": 3276,
      "unit": "℃",
      "type": "Int",
      "is_readonly": true,
      "slot": 2
    },
    "A组备用2设定值": {
      "address": "VW166",
      "value": 0,
      "unit": "℃",
      "type": "Int",
      "is_readonly": false,
      "slot": 2
    },
    "A组备用2实际值": {
      "address": "VW366",
      "value": 3276,
      "unit": "℃",
      "type": "Int",
      "is_readonly": true,
      "slot": 2
    },
    "B组备用1设定值": {
      "address": "VW156",
      "value": 0,
      "unit": "℃",
      "type": "Int",
      "is_readonly": false,
      "slot": 2
    },
    "B组备用1实际值": {
      "address": "VW356",
      "value": 3276,
      "unit": "℃",
      "type": "Int",
      "is_readonly": true,
      "slot": 2
    },
    "B组备用2设定值": {
      "address": "VW158",
      "value": 0,
      "unit": "℃",
      "type": "Int",
      "is_readonly": false,
      "slot": 2
    },
    "B组备用2实际值": {
      "address": "VW358",
      "value": 3276,
      "unit": "℃",
      "type": "Int",
      "is_readonly": true,
      "slot": 2
    },
    "25B调速故障": {
      "address": "V4550.7",
      "value": false,
      "unit": "",
      "type": "Bool",
      "is_readonly": true,
      "slot": 3
    },
    "25B料筒冷却风机故障": {
      "address": "V4550.4",
      "value": false,
      "unit": "",
      "type": "Bool",
      "is_readonly": false,
      "slot": 3
    },
    "25A调速故障": {
      "address": "V4551.4",
      "value": false,
      "unit": "",
      "type": "Bool",
      "is_readonly": true,
      "slot": 3
    },
    "25A料筒冷却风机故障": {
      "address": "V4550.6",
      "value": false,
      "unit": "",
      "type": "Bool",
      "is_readonly": true,
      "slot": 3
    },
    "25A过电流": {
      "address": "V4551.7",
      "value": false,
      "unit": "",
      "type": "Bool",
      "is_readonly": false,
      "slot": 3
    },
    "25B转速设定值": {
      "address": "VD212",
      "value": 0.0,
      "unit": "RPM",
      "type": "Real",
      "is_readonly": false,
      "slot": 3
    },
    "25B转速实际值": {
      "address": "VD532",
      "value": 0.0,
      "unit": "RPM",
      "type": "Real",
      "is_readonly": true,
      "slot": 3
    },
    "25B电流设定值": {
      "address": "VD2300",
      "value": 0.0,
      "unit": "%",
      "type": "Real",
      "is_readonly": false,
      "slot": 3
    },
    "25B电流实际值": {
      "address": "VD556",
      "value": 0.0,
      "unit": "A",
      "type": "Real",
      "is_readonly": true,
      "slot": 3
    },
    "25A转速设定值": {
      "address": "VD208",
      "value": 4.699997901916504,
      "unit": "RPM",
      "type": "Real",
      "is_readonly": false,
      "slot": 3
    },
    "25A转速实际值": {
      "address": "VD232",
      "value": 0.0,
      "unit": "RPM",
      "type": "Real",
      "is_readonly": true,
      "slot": 3
    },
    "25A电流设定值": {
      "address": "VD3300",
      "value": 0.0,
      "unit": "%",
      "type": "Real",
      "is_readonly": false,
      "slot": 3
    },
    "25A电流实际值": {
      "address": "VD256",
      "value": 0.0,
      "unit": "A",
      "type": "Real",
      "is_readonly": true,
      "slot": 3
    },
    "B组25机1区设定值": {
      "address": "VW102",
      "value": 145,
      "unit": "℃",
      "type": "Int",
      "is_readonly": false,
      "slot": 3
    },
    "B组25机1区实际值": {
      "address": "VW104",
      "value": 235,
      "unit": "℃",
      "type": "Int",
      "is_readonly": true,
      "slot": 3
    },
    "B组25机2区设定值": {
      "address": "VW104",
      "value": 235,
      "unit": "℃",
      "type": "Int",
      "is_readonly": false,
      "slot": 3
    },
    "B组25机2区实际值": {
      "address": "VW304",
      "value": 233,
      "unit": "℃",
      "type": "Int",
      "is_readonly": true,
      "slot": 3
    },
    "B组25机3区设定值": {
      "address": "VW106",
      "value": 235,
      "unit": "℃",
      "type": "Int",
      "is_readonly": false,
      "slot": 3
    },
    "B组25机3区实际值": {
      "address": "VW306",
      "value": 230,
      "unit": "℃",
      "type": "Int",
      "is_readonly": true,
      "slot": 3
    },
    "A组25机1区设定值": {
      "address": "VW108",
      "value": 145,
      "unit": "℃",
      "type": "Int",
      "is_readonly": false,
      "slot": 3
    },
    "A组25机1区实际值": {
      "address": "VW308",
      "value": 41,
      "unit": "℃",
      "type": "Int",
      "is_readonly": true,
      "slot": 3
    },
    "A组25机2区设定值": {
      "address": "VW116",
      "value": 170,
      "unit": "℃",
      "type": "Int",
      "is_readonly": false,
      "slot": 3
    },
    "A组25机2区实际值": {
      "address": "VW316",
      "value": 43,
      "unit": "℃",
      "type": "Int",
      "is_readonly": true,
      "slot": 3
    },
    "A组25机3区设定值": {
      "address": "VW118",
      "value": 170,
      "unit": "℃",
      "type": "Int",
      "is_readonly": false,
      "slot": 3
    },
    "A组25机3区实际值": {
      "address": "VW318",
      "value": 45,
      "unit": "℃",
      "type": "Int",
      "is_readonly": true,
      "slot": 3
    },
    "25B共挤备用1设定值": {
      "address": "VW130",
      "value": 0,
      "unit": "℃",
      "type": "Int",
      "is_readonly": false,
      "slot": 3
    },
    "25B共挤备用1实际值": {
      "address": "VW330",
      "value": 3276,
      "unit": "℃",
      "type": "Int",
      "is_readonly": true,
      "slot": 3
    },
    "25B共挤备用2设定值": {
      "address": "VW132",
      "value": 0,
      "unit": "℃",
      "type": "Int",
      "is_readonly": false,
      "slot": 3
    },
    "25B共挤备用2实际值": {
      "address": "VW332",
      "value": 3276,
      "unit": "℃",
      "type": "Int",
      "is_readonly": true,
      "slot": 3
    },
    "25A共挤备用1设定值": {
      "address": "VW134",
      "value": 0,
      "unit": "℃",
      "type": "Int",
      "is_readonly": false,
      "slot": 3
    },
    "25A共挤备用1实际值": {
      "address": "VW334",
      "value": 3276,
      "unit": "℃",
      "type": "Int",
      "is_readonly": true,
      "slot": 3
    },
    "25A共挤备用2设定值": {
      "address": "VW136",
      "value": 0,
      "unit": "℃",
      "type": "Int",
      "is_readonly": false,
      "slot": 3
    },
    "25A共挤备用2实际值": {
      "address": "VW336",
      "value": 3276,
      "unit": "℃",
      "type": "Int",
      "is_readonly": true,
      "slot": 3
    }
  }
}
------------------------------------------------------------
2026-05-09 15:59:20 | 读取PLC | 机台 | 用户ID:1
请求参数:
{
  "主机料温过低": {
    "address": "V4551.2",
    "value": false,
    "unit": "",
    "type": "Bool"
  },
  "主机料温过高": {
    "address": "V4551.1",
    "value": false,
    "unit": "",
    "type": "Bool"
  },
  "主机调速故障": {
    "address": "V4551.4",
    "value": false,
    "unit": "",
    "type": "Bool"
  },
  "主机过电流": {
    "address": "V4551.7",
    "value": false,
    "unit": "",
    "type": "Bool"
  },
  "主机料筒冷却风机故障": {
    "address": "V4550.4",
    "value": false,
    "unit": "",
    "type": "Bool"
  },
  "喂料调速器故障": {
    "address": "V4553.0",
    "value": false,
    "unit": "",
    "type": "Bool"
  },
  "喂料过电流": {
    "address": "V4553.1",
    "value": false,
    "unit": "",
    "type": "Bool"
  },
  "螺杆异位报警": {
    "address": "V4551.3",
    "value": false,
    "unit": "",
    "type": "Bool"
  },
  "主机急停未松开": {
    "address": "V4551.0",
    "value": false,
    "unit": "",
    "type": "Bool"
  },
  "35A调速故障": {
    "address": "V4550.1",
    "value": false,
    "unit": "",
    "type": "Bool"
  },
  "35A过电流": {
    "address": "V4550.7",
    "value": false,
    "unit": "",
    "type": "Bool"
  },
  "35A料筒冷却风机故障": {
    "address": "V4550.6",
    "value": false,
    "unit": "",
    "type": "Bool"
  },
  "35B调速故障": {
    "address": "V4550.5",
    "value": false,
    "unit": "",
    "type": "Bool"
  },
  "35B过电流": {
    "address": "V4550.0",
    "value": false,
    "unit": "",
    "type": "Bool"
  },
  "35B料筒冷却风机故障": {
    "address": "V4553.2",
    "value": false,
    "unit": "",
    "type": "Bool"
  },
  "主机转速设定值": {
    "address": "VD208",
    "value": 3.0,
    "unit": "RPM",
    "type": "Real"
  },
  "主机转速实际值": {
    "address": "VD232",
    "value": 0.0,
    "unit": "RPM",
    "type": "Real"
  },
  "主机电流负载占比": {
    "address": "VD3300",
    "value": 0.0,
    "unit": "%",
    "type": "Real"
  },
  "主机电流值": {
    "address": "VD256",
    "value": 0.0,
    "unit": "A",
    "type": "Real"
  },
  "喂料转速设定值": {
    "address": "VD32",
    "value": 6.000001907348633,
    "unit": "RPM",
    "type": "Real"
  },
  "喂料转速实际值": {
    "address": "VD244",
    "value": 0.0,
    "unit": "RPM",
    "type": "Real"
  },
  "喂料电流负载占比": {
    "address": "VD3304",
    "value": 0.0,
    "unit": "%",
    "type": "Real"
  },
  "喂料电流值": {
    "address": "VD260",
    "value": 0.0,
    "unit": "A",
    "type": "Real"
  },
  "65机筒1区设定值": {
    "address": "VW102",
    "value": 180,
    "unit": "℃",
    "type": "Int"
  },
  "65机筒1区实际值": {
    "address": "VW302",
    "value": 179,
    "unit": "℃",
    "type": "Int"
  },
  "65机筒2区设定值": {
    "address": "VW104",
    "value": 185,
    "unit": "℃",
    "type": "Int"
  },
  "65机筒2区实际值": {
    "address": "VW304",
    "value": 183,
    "unit": "℃",
    "type": "Int"
  },
  "65机筒3区设定值": {
    "address": "VW106",
    "value": 140,
    "unit": "℃",
    "type": "Int"
  },
  "65机筒3区实际值": {
    "address": "VW306",
    "value": 137,
    "unit": "℃",
    "type": "Int"
  },
  "65机筒4区设定值": {
    "address": "VW108",
    "value": 135,
    "unit": "℃",
    "type": "Int"
  },
  "65机筒4区实际值": {
    "address": "VW308",
    "value": 136,
    "unit": "℃",
    "type": "Int"
  },
  "65机合流芯设定值": {
    "address": "VW154",
    "value": 140,
    "unit": "℃",
    "type": "Int"
  },
  "65机合流芯实际值": {
    "address": "VW354",
    "value": 136,
    "unit": "℃",
    "type": "Int"
  },
  "芯层模具上设定值": {
    "address": "VW1130",
    "value": 135,
    "unit": "℃",
    "type": "Int"
  },
  "芯层模具上实际值": {
    "address": "VW330",
    "value": 141,
    "unit": "℃",
    "type": "Int"
  },
  "芯层模具下设定值": {
    "address": "VW1132",
    "value": 135,
    "unit": "℃",
    "type": "Int"
  },
  "芯层模具下实际值": {
    "address": "VW332",
    "value": 142,
    "unit": "℃",
    "type": "Int"
  },
  "芯层模具左设定值": {
    "address": "VW1134",
    "value": 130,
    "unit": "℃",
    "type": "Int"
  },
  "芯层模具左实际值": {
    "address": "VW334",
    "value": 136,
    "unit": "℃",
    "type": "Int"
  },
  "芯层模具右设定值": {
    "address": "VW1136",
    "value": 140,
    "unit": "℃",
    "type": "Int"
  },
  "芯层模具右实际值": {
    "address": "VW336",
    "value": 139,
    "unit": "℃",
    "type": "Int"
  },
  "外层模具上设定值": {
    "address": "VW1138",
    "value": 190,
    "unit": "℃",
    "type": "Int"
  },
  "外层模具上实际值": {
    "address": "VW338",
    "value": 193,
    "unit": "℃",
    "type": "Int"
  },
  "外层模具下设定值": {
    "address": "VW1140",
    "value": 180,
    "unit": "℃",
    "type": "Int"
  },
  "外层模具下实际值": {
    "address": "VW340",
    "value": 183,
    "unit": "℃",
    "type": "Int"
  },
  "外层模具左设定值": {
    "address": "VW1142",
    "value": 180,
    "unit": "℃",
    "type": "Int"
  },
  "外层模具左实际值": {
    "address": "VW342",
    "value": 181,
    "unit": "",
    "type": "Int"
  },
  "外层模具石设定值": {
    "address": "VW344",
    "value": 183,
    "unit": "℃",
    "type": "Int"
  },
  "外层模具石实际值": {
    "address": "VW344",
    "value": 183,
    "unit": "℃",
    "type": "Int"
  },
  "A组合流芯设定值": {
    "address": "VW146",
    "value": 200,
    "unit": "℃",
    "type": "Int"
  },
  "A组合流芯实际值": {
    "address": "VW346",
    "value": 195,
    "unit": "℃",
    "type": "Int"
  },
  "A组转接模设定值": {
    "address": "VW148",
    "value": 200,
    "unit": "℃",
    "type": "Int"
  },
  "A组转接模实际值": {
    "address": "VW348",
    "value": 196,
    "unit": "℃",
    "type": "Int"
  },
  "A组连接管设定值": {
    "address": "VW150",
    "value": 0,
    "unit": "℃",
    "type": "Int"
  },
  "A组连接管实际值": {
    "address": "VW350",
    "value": 80,
    "unit": "℃",
    "type": "Int"
  },
  "B组合流芯设定值": {
    "address": "VW152",
    "value": 155,
    "unit": "℃",
    "type": "Int"
  },
  "B组合流芯实际值": {
    "address": "VW352",
    "value": 155,
    "unit": "℃",
    "type": "Int"
  },
  "B组转接模设定值": {
    "address": "VW162",
    "value": 155,
    "unit": "℃",
    "type": "Int"
  },
  "B组转接模实际值": {
    "address": "VW362",
    "value": 155,
    "unit": "℃",
    "type": "Int"
  },
  "B组连接管设定值": {
    "address": "VW164",
    "value": 230,
    "unit": "℃",
    "type": "Int"
  },
  "B组连接管实际值": {
    "address": "VW364",
    "value": 216,
    "unit": "℃",
    "type": "Int"
  },
  "35A转速设定值": {
    "address": "VD508",
    "value": 0.0,
    "unit": "RPM",
    "type": "Real"
  },
  "35A转速实际值": {
    "address": "VD532",
    "value": 0.0,
    "unit": "RPM",
    "type": "Real"
  },
  "35A电流设定值": {
    "address": "VD2300",
    "value": 0.0,
    "unit": "%",
    "type": "Real"
  },
  "35A电流实际值": {
    "address": "VD556",
    "value": 0.0,
    "unit": "A",
    "type": "Real"
  },
  "35B转速设定值": {
    "address": "VD212",
    "value": 0.0,
    "unit": "RPM",
    "type": "Real"
  },
  "35B转速实际值": {
    "address": "VD236",
    "value": 0.0,
    "unit": "RPM",
    "type": "Real"
  },
  "35B电流设定值": {
    "address": "VD3308",
    "value": 0.0,
    "unit": "%",
    "type": "Real"
  },
  "35B电流实际值": {
    "address": "VD264",
    "value": 0.0,
    "unit": "A",
    "type": "Real"
  },
  "A组35机1区设定值": {
    "address": "VW116",
    "value": 145,
    "unit": "℃",
    "type": "Int"
  },
  "A组35机1区实际值": {
    "address": "VW316",
    "value": 144,
    "unit": "℃",
    "type": "Int"
  },
  "A组35机2区实际值": {
    "address": "VW318",
    "value": 198,
    "unit": "℃",
    "type": "Int"
  },
  "A组35机3区设定值": {
    "address": "VW168",
    "value": 200,
    "unit": "℃",
    "type": "Int"
  },
  "A组35机3区实际值": {
    "address": "VW368",
    "value": 195,
    "unit": "℃",
    "type": "Int"
  },
  "B组35机1区设定值": {
    "address": "VW170",
    "value": 145,
    "unit": "℃",
    "type": "Int"
  },
  "B组35机1区实际值": {
    "address": "VW370",
    "value": 144,
    "unit": "℃",
    "type": "Int"
  },
  "B组35机2区设定值": {
    "address": "VW120",
    "value": 155,
    "unit": "℃",
    "type": "Int"
  },
  "B组35机2区实际值": {
    "address": "VW322",
    "value": 154,
    "unit": "℃",
    "type": "Int"
  },
  "B组35机3区设定值": {
    "address": "VW112",
    "value": 150,
    "unit": "℃",
    "type": "Int"
  },
  "B组35机3区实际值": {
    "address": "VW312",
    "value": 148,
    "unit": "℃",
    "type": "Int"
  },
  "A组备用1设定值": {
    "address": "VW160",
    "value": 0,
    "unit": "℃",
    "type": "Int"
  },
  "A组备用1实际值": {
    "address": "VW360",
    "value": 3276,
    "unit": "℃",
    "type": "Int"
  },
  "A组备用2设定值": {
    "address": "VW166",
    "value": 0,
    "unit": "℃",
    "type": "Int"
  },
  "A组备用2实际值": {
    "address": "VW366",
    "value": 3276,
    "unit": "℃",
    "type": "Int"
  },
  "B组备用1设定值": {
    "address": "VW156",
    "value": 0,
    "unit": "℃",
    "type": "Int"
  },
  "B组备用1实际值": {
    "address": "VW356",
    "value": 3276,
    "unit": "℃",
    "type": "Int"
  },
  "B组备用2设定值": {
    "address": "VW158",
    "value": 0,
    "unit": "℃",
    "type": "Int"
  },
  "B组备用2实际值": {
    "address": "VW358",
    "value": 3276,
    "unit": "℃",
    "type": "Int"
  },
  "25B调速故障": {
    "address": "V4550.7",
    "value": false,
    "unit": "",
    "type": "Bool"
  },
  "25B料筒冷却风机故障": {
    "address": "V4550.4",
    "value": false,
    "unit": "",
    "type": "Bool"
  },
  "25A调速故障": {
    "address": "V4551.4",
    "value": false,
    "unit": "",
    "type": "Bool"
  },
  "25A料筒冷却风机故障": {
    "address": "V4550.6",
    "value": false,
    "unit": "",
    "type": "Bool"
  },
  "25A过电流": {
    "address": "V4551.7",
    "value": false,
    "unit": "",
    "type": "Bool"
  },
  "25B转速设定值": {
    "address": "VD212",
    "value": 0.0,
    "unit": "RPM",
    "type": "Real"
  },
  "25B转速实际值": {
    "address": "VD532",
    "value": 0.0,
    "unit": "RPM",
    "type": "Real"
  },
  "25B电流设定值": {
    "address": "VD2300",
    "value": 0.0,
    "unit": "%",
    "type": "Real"
  },
  "25B电流实际值": {
    "address": "VD556",
    "value": 0.0,
    "unit": "A",
    "type": "Real"
  },
  "25A转速设定值": {
    "address": "VD208",
    "value": 4.699997901916504,
    "unit": "RPM",
    "type": "Real"
  },
  "25A转速实际值": {
    "address": "VD232",
    "value": 0.0,
    "unit": "RPM",
    "type": "Real"
  },
  "25A电流设定值": {
    "address": "VD3300",
    "value": 0.0,
    "unit": "%",
    "type": "Real"
  },
  "25A电流实际值": {
    "address": "VD256",
    "value": 0.0,
    "unit": "A",
    "type": "Real"
  },
  "B组25机1区设定值": {
    "address": "VW102",
    "value": 145,
    "unit": "℃",
    "type": "Int"
  },
  "B组25机1区实际值": {
    "address": "VW104",
    "value": 235,
    "unit": "℃",
    "type": "Int"
  },
  "B组25机2区设定值": {
    "address": "VW104",
    "value": 235,
    "unit": "℃",
    "type": "Int"
  },
  "B组25机2区实际值": {
    "address": "VW304",
    "value": 233,
    "unit": "℃",
    "type": "Int"
  },
  "B组25机3区设定值": {
    "address": "VW106",
    "value": 235,
    "unit": "℃",
    "type": "Int"
  },
  "B组25机3区实际值": {
    "address": "VW306",
    "value": 230,
    "unit": "℃",
    "type": "Int"
  },
  "A组25机1区设定值": {
    "address": "VW108",
    "value": 145,
    "unit": "℃",
    "type": "Int"
  },
  "A组25机1区实际值": {
    "address": "VW308",
    "value": 41,
    "unit": "℃",
    "type": "Int"
  },
  "A组25机2区设定值": {
    "address": "VW116",
    "value": 170,
    "unit": "℃",
    "type": "Int"
  },
  "A组25机2区实际值": {
    "address": "VW316",
    "value": 43,
    "unit": "℃",
    "type": "Int"
  },
  "A组25机3区设定值": {
    "address": "VW118",
    "value": 170,
    "unit": "℃",
    "type": "Int"
  },
  "A组25机3区实际值": {
    "address": "VW318",
    "value": 45,
    "unit": "℃",
    "type": "Int"
  },
  "25B共挤备用1设定值": {
    "address": "VW130",
    "value": 0,
    "unit": "℃",
    "type": "Int"
  },
  "25B共挤备用1实际值": {
    "address": "VW330",
    "value": 3276,
    "unit": "℃",
    "type": "Int"
  },
  "25B共挤备用2设定值": {
    "address": "VW132",
    "value": 0,
    "unit": "℃",
    "type": "Int"
  },
  "25B共挤备用2实际值": {
    "address": "VW332",
    "value": 3276,
    "unit": "℃",
    "type": "Int"
  },
  "25A共挤备用1设定值": {
    "address": "VW134",
    "value": 0,
    "unit": "℃",
    "type": "Int"
  },
  "25A共挤备用1实际值": {
    "address": "VW334",
    "value": 3276,
    "unit": "℃",
    "type": "Int"
  },
  "25A共挤备用2设定值": {
    "address": "VW136",
    "value": 0,
    "unit": "℃",
    "type": "Int"
  },
  "25A共挤备用2实际值": {
    "address": "VW336",
    "value": 3276,
    "unit": "℃",
    "type": "Int"
  }
}
详情: 机台: 默认挤出机 (ID: 1), 参数数量: 121
返回结果:
{
  "machine": {
    "id": 1,
    "name": "默认挤出机"
  },
  "parameters": {
    "主机料温过低": {
      "address": "V4551.2",
      "value": false,
      "unit": "",
      "type": "Bool",
      "is_readonly": true,
      "slot": 2
    },
    "主机料温过高": {
      "address": "V4551.1",
      "value": false,
      "unit": "",
      "type": "Bool",
      "is_readonly": true,
      "slot": 2
    },
    "主机调速故障": {
      "address": "V4551.4",
      "value": false,
      "unit": "",
      "type": "Bool",
      "is_readonly": true,
      "slot": 2
    },
    "主机过电流": {
      "address": "V4551.7",
      "value": false,
      "unit": "",
      "type": "Bool",
      "is_readonly": true,
      "slot": 2
    },
    "主机料筒冷却风机故障": {
      "address": "V4550.4",
      "value": false,
      "unit": "",
      "type": "Bool",
      "is_readonly": true,
      "slot": 2
    },
    "喂料调速器故障": {
      "address": "V4553.0",
      "value": false,
      "unit": "",
      "type": "Bool",
      "is_readonly": true,
      "slot": 2
    },
    "喂料过电流": {
      "address": "V4553.1",
      "value": false,
      "unit": "",
      "type": "Bool",
      "is_readonly": true,
      "slot": 2
    },
    "螺杆异位报警": {
      "address": "V4551.3",
      "value": false,
      "unit": "",
      "type": "Bool",
      "is_readonly": true,
      "slot": 2
    },
    "主机急停未松开": {
      "address": "V4551.0",
      "value": false,
      "unit": "",
      "type": "Bool",
      "is_readonly": true,
      "slot": 2
    },
    "35A调速故障": {
      "address": "V4550.1",
      "value": false,
      "unit": "",
      "type": "Bool",
      "is_readonly": true,
      "slot": 2
    },
    "35A过电流": {
      "address": "V4550.7",
      "value": false,
      "unit": "",
      "type": "Bool",
      "is_readonly": true,
      "slot": 2
    },
    "35A料筒冷却风机故障": {
      "address": "V4550.6",
      "value": false,
      "unit": "",
      "type": "Bool",
      "is_readonly": true,
      "slot": 2
    },
    "35B调速故障": {
      "address": "V4550.5",
      "value": false,
      "unit": "",
      "type": "Bool",
      "is_readonly": true,
      "slot": 2
    },
    "35B过电流": {
      "address": "V4550.0",
      "value": false,
      "unit": "",
      "type": "Bool",
      "is_readonly": true,
      "slot": 2
    },
    "35B料筒冷却风机故障": {
      "address": "V4553.2",
      "value": false,
      "unit": "",
      "type": "Bool",
      "is_readonly": true,
      "slot": 2
    },
    "主机转速设定值": {
      "address": "VD208",
      "value": 3.0,
      "unit": "RPM",
      "type": "Real",
      "is_readonly": false,
      "slot": 2
    },
    "主机转速实际值": {
      "address": "VD232",
      "value": 0.0,
      "unit": "RPM",
      "type": "Real",
      "is_readonly": true,
      "slot": 2
    },
    "主机电流负载占比": {
      "address": "VD3300",
      "value": 0.0,
      "unit": "%",
      "type": "Real",
      "is_readonly": true,
      "slot": 2
    },
    "主机电流值": {
      "address": "VD256",
      "value": 0.0,
      "unit": "A",
      "type": "Real",
      "is_readonly": true,
      "slot": 2
    },
    "喂料转速设定值": {
      "address": "VD32",
      "value": 6.000001907348633,
      "unit": "RPM",
      "type": "Real",
      "is_readonly": false,
      "slot": 2
    },
    "喂料转速实际值": {
      "address": "VD244",
      "value": 0.0,
      "unit": "RPM",
      "type": "Real",
      "is_readonly": true,
      "slot": 2
    },
    "喂料电流负载占比": {
      "address": "VD3304",
      "value": 0.0,
      "unit": "%",
      "type": "Real",
      "is_readonly": true,
      "slot": 2
    },
    "喂料电流值": {
      "address": "VD260",
      "value": 0.0,
      "unit": "A",
      "type": "Real",
      "is_readonly": true,
      "slot": 2
    },
    "65机筒1区设定值": {
      "address": "VW102",
      "value": 180,
      "unit": "℃",
      "type": "Int",
      "is_readonly": false,
      "slot": 2
    },
    "65机筒1区实际值": {
      "address": "VW302",
      "value": 179,
      "unit": "℃",
      "type": "Int",
      "is_readonly": true,
      "slot": 2
    },
    "65机筒2区设定值": {
      "address": "VW104",
      "value": 185,
      "unit": "℃",
      "type": "Int",
      "is_readonly": false,
      "slot": 2
    },
    "65机筒2区实际值": {
      "address": "VW304",
      "value": 183,
      "unit": "℃",
      "type": "Int",
      "is_readonly": true,
      "slot": 2
    },
    "65机筒3区设定值": {
      "address": "VW106",
      "value": 140,
      "unit": "℃",
      "type": "Int",
      "is_readonly": false,
      "slot": 2
    },
    "65机筒3区实际值": {
      "address": "VW306",
      "value": 137,
      "unit": "℃",
      "type": "Int",
      "is_readonly": true,
      "slot": 2
    },
    "65机筒4区设定值": {
      "address": "VW108",
      "value": 135,
      "unit": "℃",
      "type": "Int",
      "is_readonly": false,
      "slot": 2
    },
    "65机筒4区实际值": {
      "address": "VW308",
      "value": 136,
      "unit": "℃",
      "type": "Int",
      "is_readonly": true,
      "slot": 2
    },
    "65机合流芯设定值": {
      "address": "VW154",
      "value": 140,
      "unit": "℃",
      "type": "Int",
      "is_readonly": false,
      "slot": 2
    },
    "65机合流芯实际值": {
      "address": "VW354",
      "value": 136,
      "unit": "℃",
      "type": "Int",
      "is_readonly": true,
      "slot": 2
    },
    "芯层模具上设定值": {
      "address": "VW1130",
      "value": 135,
      "unit": "℃",
      "type": "Int",
      "is_readonly": false,
      "slot": 2
    },
    "芯层模具上实际值": {
      "address": "VW330",
      "value": 141,
      "unit": "℃",
      "type": "Int",
      "is_readonly": true,
      "slot": 2
    },
    "芯层模具下设定值": {
      "address": "VW1132",
      "value": 135,
      "unit": "℃",
      "type": "Int",
      "is_readonly": false,
      "slot": 2
    },
    "芯层模具下实际值": {
      "address": "VW332",
      "value": 142,
      "unit": "℃",
      "type": "Int",
      "is_readonly": true,
      "slot": 2
    },
    "芯层模具左设定值": {
      "address": "VW1134",
      "value": 130,
      "unit": "℃",
      "type": "Int",
      "is_readonly": false,
      "slot": 2
    },
    "芯层模具左实际值": {
      "address": "VW334",
      "value": 136,
      "unit": "℃",
      "type": "Int",
      "is_readonly": true,
      "slot": 2
    },
    "芯层模具右设定值": {
      "address": "VW1136",
      "value": 140,
      "unit": "℃",
      "type": "Int",
      "is_readonly": false,
      "slot": 2
    },
    "芯层模具右实际值": {
      "address": "VW336",
      "value": 139,
      "unit": "℃",
      "type": "Int",
      "is_readonly": true,
      "slot": 2
    },
    "外层模具上设定值": {
      "address": "VW1138",
      "value": 190,
      "unit": "℃",
      "type": "Int",
      "is_readonly": false,
      "slot": 2
    },
    "外层模具上实际值": {
      "address": "VW338",
      "value": 193,
      "unit": "℃",
      "type": "Int",
      "is_readonly": true,
      "slot": 2
    },
    "外层模具下设定值": {
      "address": "VW1140",
      "value": 180,
      "unit": "℃",
      "type": "Int",
      "is_readonly": false,
      "slot": 2
    },
    "外层模具下实际值": {
      "address": "VW340",
      "value": 183,
      "unit": "℃",
      "type": "Int",
      "is_readonly": true,
      "slot": 2
    },
    "外层模具左设定值": {
      "address": "VW1142",
      "value": 180,
      "unit": "℃",
      "type": "Int",
      "is_readonly": false,
      "slot": 2
    },
    "外层模具左实际值": {
      "address": "VW342",
      "value": 181,
      "unit": "",
      "type": "Int",
      "is_readonly": true,
      "slot": 2
    },
    "外层模具石设定值": {
      "address": "VW344",
      "value": 183,
      "unit": "℃",
      "type": "Int",
      "is_readonly": false,
      "slot": 2
    },
    "外层模具石实际值": {
      "address": "VW344",
      "value": 183,
      "unit": "℃",
      "type": "Int",
      "is_readonly": true,
      "slot": 2
    },
    "A组合流芯设定值": {
      "address": "VW146",
      "value": 200,
      "unit": "℃",
      "type": "Int",
      "is_readonly": false,
      "slot": 2
    },
    "A组合流芯实际值": {
      "address": "VW346",
      "value": 195,
      "unit": "℃",
      "type": "Int",
      "is_readonly": true,
      "slot": 2
    },
    "A组转接模设定值": {
      "address": "VW148",
      "value": 200,
      "unit": "℃",
      "type": "Int",
      "is_readonly": false,
      "slot": 2
    },
    "A组转接模实际值": {
      "address": "VW348",
      "value": 196,
      "unit": "℃",
      "type": "Int",
      "is_readonly": true,
      "slot": 2
    },
    "A组连接管设定值": {
      "address": "VW150",
      "value": 0,
      "unit": "℃",
      "type": "Int",
      "is_readonly": false,
      "slot": 2
    },
    "A组连接管实际值": {
      "address": "VW350",
      "value": 80,
      "unit": "℃",
      "type": "Int",
      "is_readonly": true,
      "slot": 2
    },
    "B组合流芯设定值": {
      "address": "VW152",
      "value": 155,
      "unit": "℃",
      "type": "Int",
      "is_readonly": false,
      "slot": 2
    },
    "B组合流芯实际值": {
      "address": "VW352",
      "value": 155,
      "unit": "℃",
      "type": "Int",
      "is_readonly": true,
      "slot": 2
    },
    "B组转接模设定值": {
      "address": "VW162",
      "value": 155,
      "unit": "℃",
      "type": "Int",
      "is_readonly": false,
      "slot": 2
    },
    "B组转接模实际值": {
      "address": "VW362",
      "value": 155,
      "unit": "℃",
      "type": "Int",
      "is_readonly": true,
      "slot": 2
    },
    "B组连接管设定值": {
      "address": "VW164",
      "value": 230,
      "unit": "℃",
      "type": "Int",
      "is_readonly": false,
      "slot": 2
    },
    "B组连接管实际值": {
      "address": "VW364",
      "value": 216,
      "unit": "℃",
      "type": "Int",
      "is_readonly": true,
      "slot": 2
    },
    "35A转速设定值": {
      "address": "VD508",
      "value": 0.0,
      "unit": "RPM",
      "type": "Real",
      "is_readonly": false,
      "slot": 2
    },
    "35A转速实际值": {
      "address": "VD532",
      "value": 0.0,
      "unit": "RPM",
      "type": "Real",
      "is_readonly": true,
      "slot": 2
    },
    "35A电流设定值": {
      "address": "VD2300",
      "value": 0.0,
      "unit": "%",
      "type": "Real",
      "is_readonly": false,
      "slot": 2
    },
    "35A电流实际值": {
      "address": "VD556",
      "value": 0.0,
      "unit": "A",
      "type": "Real",
      "is_readonly": true,
      "slot": 2
    },
    "35B转速设定值": {
      "address": "VD212",
      "value": 0.0,
      "unit": "RPM",
      "type": "Real",
      "is_readonly": false,
      "slot": 2
    },
    "35B转速实际值": {
      "address": "VD236",
      "value": 0.0,
      "unit": "RPM",
      "type": "Real",
      "is_readonly": true,
      "slot": 2
    },
    "35B电流设定值": {
      "address": "VD3308",
      "value": 0.0,
      "unit": "%",
      "type": "Real",
      "is_readonly": false,
      "slot": 2
    },
    "35B电流实际值": {
      "address": "VD264",
      "value": 0.0,
      "unit": "A",
      "type": "Real",
      "is_readonly": true,
      "slot": 2
    },
    "A组35机1区设定值": {
      "address": "VW116",
      "value": 145,
      "unit": "℃",
      "type": "Int",
      "is_readonly": false,
      "slot": 2
    },
    "A组35机1区实际值": {
      "address": "VW316",
      "value": 144,
      "unit": "℃",
      "type": "Int",
      "is_readonly": true,
      "slot": 2
    },
    "A组35机2区实际值": {
      "address": "VW318",
      "value": 198,
      "unit": "℃",
      "type": "Int",
      "is_readonly": true,
      "slot": 2
    },
    "A组35机3区设定值": {
      "address": "VW168",
      "value": 200,
      "unit": "℃",
      "type": "Int",
      "is_readonly": false,
      "slot": 2
    },
    "A组35机3区实际值": {
      "address": "VW368",
      "value": 195,
      "unit": "℃",
      "type": "Int",
      "is_readonly": true,
      "slot": 2
    },
    "B组35机1区设定值": {
      "address": "VW170",
      "value": 145,
      "unit": "℃",
      "type": "Int",
      "is_readonly": false,
      "slot": 2
    },
    "B组35机1区实际值": {
      "address": "VW370",
      "value": 144,
      "unit": "℃",
      "type": "Int",
      "is_readonly": true,
      "slot": 2
    },
    "B组35机2区设定值": {
      "address": "VW120",
      "value": 155,
      "unit": "℃",
      "type": "Int",
      "is_readonly": false,
      "slot": 2
    },
    "B组35机2区实际值": {
      "address": "VW322",
      "value": 154,
      "unit": "℃",
      "type": "Int",
      "is_readonly": true,
      "slot": 2
    },
    "B组35机3区设定值": {
      "address": "VW112",
      "value": 150,
      "unit": "℃",
      "type": "Int",
      "is_readonly": false,
      "slot": 2
    },
    "B组35机3区实际值": {
      "address": "VW312",
      "value": 148,
      "unit": "℃",
      "type": "Int",
      "is_readonly": true,
      "slot": 2
    },
    "A组备用1设定值": {
      "address": "VW160",
      "value": 0,
      "unit": "℃",
      "type": "Int",
      "is_readonly": false,
      "slot": 2
    },
    "A组备用1实际值": {
      "address": "VW360",
      "value": 3276,
      "unit": "℃",
      "type": "Int",
      "is_readonly": true,
      "slot": 2
    },
    "A组备用2设定值": {
      "address": "VW166",
      "value": 0,
      "unit": "℃",
      "type": "Int",
      "is_readonly": false,
      "slot": 2
    },
    "A组备用2实际值": {
      "address": "VW366",
      "value": 3276,
      "unit": "℃",
      "type": "Int",
      "is_readonly": true,
      "slot": 2
    },
    "B组备用1设定值": {
      "address": "VW156",
      "value": 0,
      "unit": "℃",
      "type": "Int",
      "is_readonly": false,
      "slot": 2
    },
    "B组备用1实际值": {
      "address": "VW356",
      "value": 3276,
      "unit": "℃",
      "type": "Int",
      "is_readonly": true,
      "slot": 2
    },
    "B组备用2设定值": {
      "address": "VW158",
      "value": 0,
      "unit": "℃",
      "type": "Int",
      "is_readonly": false,
      "slot": 2
    },
    "B组备用2实际值": {
      "address": "VW358",
      "value": 3276,
      "unit": "℃",
      "type": "Int",
      "is_readonly": true,
      "slot": 2
    },
    "25B调速故障": {
      "address": "V4550.7",
      "value": false,
      "unit": "",
      "type": "Bool",
      "is_readonly": true,
      "slot": 3
    },
    "25B料筒冷却风机故障": {
      "address": "V4550.4",
      "value": false,
      "unit": "",
      "type": "Bool",
      "is_readonly": false,
      "slot": 3
    },
    "25A调速故障": {
      "address": "V4551.4",
      "value": false,
      "unit": "",
      "type": "Bool",
      "is_readonly": true,
      "slot": 3
    },
    "25A料筒冷却风机故障": {
      "address": "V4550.6",
      "value": false,
      "unit": "",
      "type": "Bool",
      "is_readonly": true,
      "slot": 3
    },
    "25A过电流": {
      "address": "V4551.7",
      "value": false,
      "unit": "",
      "type": "Bool",
      "is_readonly": false,
      "slot": 3
    },
    "25B转速设定值": {
      "address": "VD212",
      "value": 0.0,
      "unit": "RPM",
      "type": "Real",
      "is_readonly": false,
      "slot": 3
    },
    "25B转速实际值": {
      "address": "VD532",
      "value": 0.0,
      "unit": "RPM",
      "type": "Real",
      "is_readonly": true,
      "slot": 3
    },
    "25B电流设定值": {
      "address": "VD2300",
      "value": 0.0,
      "unit": "%",
      "type": "Real",
      "is_readonly": false,
      "slot": 3
    },
    "25B电流实际值": {
      "address": "VD556",
      "value": 0.0,
      "unit": "A",
      "type": "Real",
      "is_readonly": true,
      "slot": 3
    },
    "25A转速设定值": {
      "address": "VD208",
      "value": 4.699997901916504,
      "unit": "RPM",
      "type": "Real",
      "is_readonly": false,
      "slot": 3
    },
    "25A转速实际值": {
      "address": "VD232",
      "value": 0.0,
      "unit": "RPM",
      "type": "Real",
      "is_readonly": true,
      "slot": 3
    },
    "25A电流设定值": {
      "address": "VD3300",
      "value": 0.0,
      "unit": "%",
      "type": "Real",
      "is_readonly": false,
      "slot": 3
    },
    "25A电流实际值": {
      "address": "VD256",
      "value": 0.0,
      "unit": "A",
      "type": "Real",
      "is_readonly": true,
      "slot": 3
    },
    "B组25机1区设定值": {
      "address": "VW102",
      "value": 145,
      "unit": "℃",
      "type": "Int",
      "is_readonly": false,
      "slot": 3
    },
    "B组25机1区实际值": {
      "address": "VW104",
      "value": 235,
      "unit": "℃",
      "type": "Int",
      "is_readonly": true,
      "slot": 3
    },
    "B组25机2区设定值": {
      "address": "VW104",
      "value": 235,
      "unit": "℃",
      "type": "Int",
      "is_readonly": false,
      "slot": 3
    },
    "B组25机2区实际值": {
      "address": "VW304",
      "value": 233,
      "unit": "℃",
      "type": "Int",
      "is_readonly": true,
      "slot": 3
    },
    "B组25机3区设定值": {
      "address": "VW106",
      "value": 235,
      "unit": "℃",
      "type": "Int",
      "is_readonly": false,
      "slot": 3
    },
    "B组25机3区实际值": {
      "address": "VW306",
      "value": 230,
      "unit": "℃",
      "type": "Int",
      "is_readonly": true,
      "slot": 3
    },
    "A组25机1区设定值": {
      "address": "VW108",
      "value": 145,
      "unit": "℃",
      "type": "Int",
      "is_readonly": false,
      "slot": 3
    },
    "A组25机1区实际值": {
      "address": "VW308",
      "value": 41,
      "unit": "℃",
      "type": "Int",
      "is_readonly": true,
      "slot": 3
    },
    "A组25机2区设定值": {
      "address": "VW116",
      "value": 170,
      "unit": "℃",
      "type": "Int",
      "is_readonly": false,
      "slot": 3
    },
    "A组25机2区实际值": {
      "address": "VW316",
      "value": 43,
      "unit": "℃",
      "type": "Int",
      "is_readonly": true,
      "slot": 3
    },
    "A组25机3区设定值": {
      "address": "VW118",
      "value": 170,
      "unit": "℃",
      "type": "Int",
      "is_readonly": false,
      "slot": 3
    },
    "A组25机3区实际值": {
      "address": "VW318",
      "value": 45,
      "unit": "℃",
      "type": "Int",
      "is_readonly": true,
      "slot": 3
    },
    "25B共挤备用1设定值": {
      "address": "VW130",
      "value": 0,
      "unit": "℃",
      "type": "Int",
      "is_readonly": false,
      "slot": 3
    },
    "25B共挤备用1实际值": {
      "address": "VW330",
      "value": 3276,
      "unit": "℃",
      "type": "Int",
      "is_readonly": true,
      "slot": 3
    },
    "25B共挤备用2设定值": {
      "address": "VW132",
      "value": 0,
      "unit": "℃",
      "type": "Int",
      "is_readonly": false,
      "slot": 3
    },
    "25B共挤备用2实际值": {
      "address": "VW332",
      "value": 3276,
      "unit": "℃",
      "type": "Int",
      "is_readonly": true,
      "slot": 3
    },
    "25A共挤备用1设定值": {
      "address": "VW134",
      "value": 0,
      "unit": "℃",
      "type": "Int",
      "is_readonly": false,
      "slot": 3
    },
    "25A共挤备用1实际值": {
      "address": "VW334",
      "value": 3276,
      "unit": "℃",
      "type": "Int",
      "is_readonly": true,
      "slot": 3
    },
    "25A共挤备用2设定值": {
      "address": "VW136",
      "value": 0,
      "unit": "℃",
      "type": "Int",
      "is_readonly": false,
      "slot": 3
    },
    "25A共挤备用2实际值": {
      "address": "VW336",
      "value": 3276,
      "unit": "℃",
      "type": "Int",
      "is_readonly": true,
      "slot": 3
    }
  }
}
------------------------------------------------------------
2026-05-09 16:02:08 | 读取PLC | 机台 | 用户ID:1
请求参数:
{
  "主机料温过低": {
    "address": "V4551.2",
    "value": false,
    "unit": "",
    "type": "Bool"
  },
  "主机料温过高": {
    "address": "V4551.1",
    "value": false,
    "unit": "",
    "type": "Bool"
  },
  "主机调速故障": {
    "address": "V4551.4",
    "value": false,
    "unit": "",
    "type": "Bool"
  },
  "主机过电流": {
    "address": "V4551.7",
    "value": false,
    "unit": "",
    "type": "Bool"
  },
  "主机料筒冷却风机故障": {
    "address": "V4550.4",
    "value": false,
    "unit": "",
    "type": "Bool"
  },
  "喂料调速器故障": {
    "address": "V4553.0",
    "value": false,
    "unit": "",
    "type": "Bool"
  },
  "喂料过电流": {
    "address": "V4553.1",
    "value": false,
    "unit": "",
    "type": "Bool"
  },
  "螺杆异位报警": {
    "address": "V4551.3",
    "value": false,
    "unit": "",
    "type": "Bool"
  },
  "主机急停未松开": {
    "address": "V4551.0",
    "value": false,
    "unit": "",
    "type": "Bool"
  },
  "35A调速故障": {
    "address": "V4550.1",
    "value": false,
    "unit": "",
    "type": "Bool"
  },
  "35A过电流": {
    "address": "V4550.7",
    "value": false,
    "unit": "",
    "type": "Bool"
  },
  "35A料筒冷却风机故障": {
    "address": "V4550.6",
    "value": false,
    "unit": "",
    "type": "Bool"
  },
  "35B调速故障": {
    "address": "V4550.5",
    "value": false,
    "unit": "",
    "type": "Bool"
  },
  "35B过电流": {
    "address": "V4550.0",
    "value": false,
    "unit": "",
    "type": "Bool"
  },
  "35B料筒冷却风机故障": {
    "address": "V4553.2",
    "value": false,
    "unit": "",
    "type": "Bool"
  },
  "主机转速设定值": {
    "address": "VD208",
    "value": 3.0,
    "unit": "RPM",
    "type": "Real"
  },
  "主机转速实际值": {
    "address": "VD232",
    "value": 0.0,
    "unit": "RPM",
    "type": "Real"
  },
  "主机电流负载占比": {
    "address": "VD3300",
    "value": 0.0,
    "unit": "%",
    "type": "Real"
  },
  "主机电流值": {
    "address": "VD256",
    "value": 0.0,
    "unit": "A",
    "type": "Real"
  },
  "喂料转速设定值": {
    "address": "VD32",
    "value": 6.000001907348633,
    "unit": "RPM",
    "type": "Real"
  },
  "喂料转速实际值": {
    "address": "VD244",
    "value": 0.0,
    "unit": "RPM",
    "type": "Real"
  },
  "喂料电流负载占比": {
    "address": "VD3304",
    "value": 0.0,
    "unit": "%",
    "type": "Real"
  },
  "喂料电流值": {
    "address": "VD260",
    "value": 0.0,
    "unit": "A",
    "type": "Real"
  },
  "65机筒1区设定值": {
    "address": "VW102",
    "value": 180,
    "unit": "℃",
    "type": "Int"
  },
  "65机筒1区实际值": {
    "address": "VW302",
    "value": 179,
    "unit": "℃",
    "type": "Int"
  },
  "65机筒2区设定值": {
    "address": "VW104",
    "value": 185,
    "unit": "℃",
    "type": "Int"
  },
  "65机筒2区实际值": {
    "address": "VW304",
    "value": 183,
    "unit": "℃",
    "type": "Int"
  },
  "65机筒3区设定值": {
    "address": "VW106",
    "value": 140,
    "unit": "℃",
    "type": "Int"
  },
  "65机筒3区实际值": {
    "address": "VW306",
    "value": 141,
    "unit": "℃",
    "type": "Int"
  },
  "65机筒4区设定值": {
    "address": "VW108",
    "value": 135,
    "unit": "℃",
    "type": "Int"
  },
  "65机筒4区实际值": {
    "address": "VW308",
    "value": 132,
    "unit": "℃",
    "type": "Int"
  },
  "65机合流芯设定值": {
    "address": "VW154",
    "value": 140,
    "unit": "℃",
    "type": "Int"
  },
  "65机合流芯实际值": {
    "address": "VW354",
    "value": 136,
    "unit": "℃",
    "type": "Int"
  },
  "芯层模具上设定值": {
    "address": "VW1130",
    "value": 135,
    "unit": "℃",
    "type": "Int"
  },
  "芯层模具上实际值": {
    "address": "VW330",
    "value": 141,
    "unit": "℃",
    "type": "Int"
  },
  "芯层模具下设定值": {
    "address": "VW1132",
    "value": 135,
    "unit": "℃",
    "type": "Int"
  },
  "芯层模具下实际值": {
    "address": "VW332",
    "value": 142,
    "unit": "℃",
    "type": "Int"
  },
  "芯层模具左设定值": {
    "address": "VW1134",
    "value": 130,
    "unit": "℃",
    "type": "Int"
  },
  "芯层模具左实际值": {
    "address": "VW334",
    "value": 137,
    "unit": "℃",
    "type": "Int"
  },
  "芯层模具右设定值": {
    "address": "VW1136",
    "value": 140,
    "unit": "℃",
    "type": "Int"
  },
  "芯层模具右实际值": {
    "address": "VW336",
    "value": 139,
    "unit": "℃",
    "type": "Int"
  },
  "外层模具上设定值": {
    "address": "VW1138",
    "value": 190,
    "unit": "℃",
    "type": "Int"
  },
  "外层模具上实际值": {
    "address": "VW338",
    "value": 192,
    "unit": "℃",
    "type": "Int"
  },
  "外层模具下设定值": {
    "address": "VW1140",
    "value": 180,
    "unit": "℃",
    "type": "Int"
  },
  "外层模具下实际值": {
    "address": "VW340",
    "value": 180,
    "unit": "℃",
    "type": "Int"
  },
  "外层模具左设定值": {
    "address": "VW1142",
    "value": 180,
    "unit": "℃",
    "type": "Int"
  },
  "外层模具左实际值": {
    "address": "VW342",
    "value": 182,
    "unit": "",
    "type": "Int"
  },
  "外层模具石设定值": {
    "address": "VW344",
    "value": 182,
    "unit": "℃",
    "type": "Int"
  },
  "外层模具石实际值": {
    "address": "VW344",
    "value": 182,
    "unit": "℃",
    "type": "Int"
  },
  "A组合流芯设定值": {
    "address": "VW146",
    "value": 200,
    "unit": "℃",
    "type": "Int"
  },
  "A组合流芯实际值": {
    "address": "VW346",
    "value": 197,
    "unit": "℃",
    "type": "Int"
  },
  "A组转接模设定值": {
    "address": "VW148",
    "value": 200,
    "unit": "℃",
    "type": "Int"
  },
  "A组转接模实际值": {
    "address": "VW348",
    "value": 200,
    "unit": "℃",
    "type": "Int"
  },
  "A组连接管设定值": {
    "address": "VW150",
    "value": 0,
    "unit": "℃",
    "type": "Int"
  },
  "A组连接管实际值": {
    "address": "VW350",
    "value": 80,
    "unit": "℃",
    "type": "Int"
  },
  "B组合流芯设定值": {
    "address": "VW152",
    "value": 155,
    "unit": "℃",
    "type": "Int"
  },
  "B组合流芯实际值": {
    "address": "VW352",
    "value": 151,
    "unit": "℃",
    "type": "Int"
  },
  "B组转接模设定值": {
    "address": "VW162",
    "value": 155,
    "unit": "℃",
    "type": "Int"
  },
  "B组转接模实际值": {
    "address": "VW362",
    "value": 155,
    "unit": "℃",
    "type": "Int"
  },
  "B组连接管设定值": {
    "address": "VW164",
    "value": 230,
    "unit": "℃",
    "type": "Int"
  },
  "B组连接管实际值": {
    "address": "VW364",
    "value": 235,
    "unit": "℃",
    "type": "Int"
  },
  "35A转速设定值": {
    "address": "VD508",
    "value": 0.0,
    "unit": "RPM",
    "type": "Real"
  },
  "35A转速实际值": {
    "address": "VD532",
    "value": 0.0,
    "unit": "RPM",
    "type": "Real"
  },
  "35A电流设定值": {
    "address": "VD2300",
    "value": 0.0,
    "unit": "%",
    "type": "Real"
  },
  "35A电流实际值": {
    "address": "VD556",
    "value": 0.0,
    "unit": "A",
    "type": "Real"
  },
  "35B转速设定值": {
    "address": "VD212",
    "value": 0.0,
    "unit": "RPM",
    "type": "Real"
  },
  "35B转速实际值": {
    "address": "VD236",
    "value": 0.0,
    "unit": "RPM",
    "type": "Real"
  },
  "35B电流设定值": {
    "address": "VD3308",
    "value": 0.0,
    "unit": "%",
    "type": "Real"
  },
  "35B电流实际值": {
    "address": "VD264",
    "value": 0.0,
    "unit": "A",
    "type": "Real"
  },
  "A组35机1区设定值": {
    "address": "VW116",
    "value": 145,
    "unit": "℃",
    "type": "Int"
  },
  "A组35机1区实际值": {
    "address": "VW316",
    "value": 144,
    "unit": "℃",
    "type": "Int"
  },
  "A组35机2区实际值": {
    "address": "VW318",
    "value": 198,
    "unit": "℃",
    "type": "Int"
  },
  "A组35机3区设定值": {
    "address": "VW168",
    "value": 200,
    "unit": "℃",
    "type": "Int"
  },
  "A组35机3区实际值": {
    "address": "VW368",
    "value": 195,
    "unit": "℃",
    "type": "Int"
  },
  "B组35机1区设定值": {
    "address": "VW170",
    "value": 145,
    "unit": "℃",
    "type": "Int"
  },
  "B组35机1区实际值": {
    "address": "VW370",
    "value": 143,
    "unit": "℃",
    "type": "Int"
  },
  "B组35机2区设定值": {
    "address": "VW120",
    "value": 155,
    "unit": "℃",
    "type": "Int"
  },
  "B组35机2区实际值": {
    "address": "VW322",
    "value": 153,
    "unit": "℃",
    "type": "Int"
  },
  "B组35机3区设定值": {
    "address": "VW112",
    "value": 150,
    "unit": "℃",
    "type": "Int"
  },
  "B组35机3区实际值": {
    "address": "VW312",
    "value": 147,
    "unit": "℃",
    "type": "Int"
  },
  "A组备用1设定值": {
    "address": "VW160",
    "value": 0,
    "unit": "℃",
    "type": "Int"
  },
  "A组备用1实际值": {
    "address": "VW360",
    "value": 3276,
    "unit": "℃",
    "type": "Int"
  },
  "A组备用2设定值": {
    "address": "VW166",
    "value": 0,
    "unit": "℃",
    "type": "Int"
  },
  "A组备用2实际值": {
    "address": "VW366",
    "value": 3276,
    "unit": "℃",
    "type": "Int"
  },
  "B组备用1设定值": {
    "address": "VW156",
    "value": 0,
    "unit": "℃",
    "type": "Int"
  },
  "B组备用1实际值": {
    "address": "VW356",
    "value": 3276,
    "unit": "℃",
    "type": "Int"
  },
  "B组备用2设定值": {
    "address": "VW158",
    "value": 0,
    "unit": "℃",
    "type": "Int"
  },
  "B组备用2实际值": {
    "address": "VW358",
    "value": 3276,
    "unit": "℃",
    "type": "Int"
  },
  "25B调速故障": {
    "address": "V4550.7",
    "value": false,
    "unit": "",
    "type": "Bool"
  },
  "25B料筒冷却风机故障": {
    "address": "V4550.4",
    "value": false,
    "unit": "",
    "type": "Bool"
  },
  "25A调速故障": {
    "address": "V4551.4",
    "value": false,
    "unit": "",
    "type": "Bool"
  },
  "25A料筒冷却风机故障": {
    "address": "V4550.6",
    "value": false,
    "unit": "",
    "type": "Bool"
  },
  "25A过电流": {
    "address": "V4551.7",
    "value": false,
    "unit": "",
    "type": "Bool"
  },
  "25B转速设定值": {
    "address": "VD212",
    "value": 0.0,
    "unit": "RPM",
    "type": "Real"
  },
  "25B转速实际值": {
    "address": "VD532",
    "value": 0.0,
    "unit": "RPM",
    "type": "Real"
  },
  "25B电流设定值": {
    "address": "VD2300",
    "value": 0.0,
    "unit": "%",
    "type": "Real"
  },
  "25B电流实际值": {
    "address": "VD556",
    "value": 0.0,
    "unit": "A",
    "type": "Real"
  },
  "25A转速设定值": {
    "address": "VD208",
    "value": 4.699997901916504,
    "unit": "RPM",
    "type": "Real"
  },
  "25A转速实际值": {
    "address": "VD232",
    "value": 0.0,
    "unit": "RPM",
    "type": "Real"
  },
  "25A电流设定值": {
    "address": "VD3300",
    "value": 0.0,
    "unit": "%",
    "type": "Real"
  },
  "25A电流实际值": {
    "address": "VD256",
    "value": 0.0,
    "unit": "A",
    "type": "Real"
  },
  "B组25机1区设定值": {
    "address": "VW102",
    "value": 145,
    "unit": "℃",
    "type": "Int"
  },
  "B组25机1区实际值": {
    "address": "VW302",
    "value": 144,
    "unit": "℃",
    "type": "Int"
  },
  "B组25机2区设定值": {
    "address": "VW104",
    "value": 235,
    "unit": "℃",
    "type": "Int"
  },
  "B组25机2区实际值": {
    "address": "VW304",
    "value": 232,
    "unit": "℃",
    "type": "Int"
  },
  "B组25机3区设定值": {
    "address": "VW106",
    "value": 235,
    "unit": "℃",
    "type": "Int"
  },
  "B组25机3区实际值": {
    "address": "VW306",
    "value": 230,
    "unit": "℃",
    "type": "Int"
  },
  "A组25机1区设定值": {
    "address": "VW108",
    "value": 145,
    "unit": "℃",
    "type": "Int"
  },
  "A组25机1区实际值": {
    "address": "VW308",
    "value": 41,
    "unit": "℃",
    "type": "Int"
  },
  "A组25机2区设定值": {
    "address": "VW116",
    "value": 170,
    "unit": "℃",
    "type": "Int"
  },
  "A组25机2区实际值": {
    "address": "VW316",
    "value": 43,
    "unit": "℃",
    "type": "Int"
  },
  "A组25机3区设定值": {
    "address": "VW118",
    "value": 170,
    "unit": "℃",
    "type": "Int"
  },
  "A组25机3区实际值": {
    "address": "VW318",
    "value": 45,
    "unit": "℃",
    "type": "Int"
  },
  "25B共挤备用1设定值": {
    "address": "VW130",
    "value": 0,
    "unit": "℃",
    "type": "Int"
  },
  "25B共挤备用1实际值": {
    "address": "VW330",
    "value": 3276,
    "unit": "℃",
    "type": "Int"
  },
  "25B共挤备用2设定值": {
    "address": "VW132",
    "value": 0,
    "unit": "℃",
    "type": "Int"
  },
  "25B共挤备用2实际值": {
    "address": "VW332",
    "value": 3276,
    "unit": "℃",
    "type": "Int"
  },
  "25A共挤备用1设定值": {
    "address": "VW134",
    "value": 0,
    "unit": "℃",
    "type": "Int"
  },
  "25A共挤备用1实际值": {
    "address": "VW334",
    "value": 3276,
    "unit": "℃",
    "type": "Int"
  },
  "25A共挤备用2设定值": {
    "address": "VW136",
    "value": 0,
    "unit": "℃",
    "type": "Int"
  },
  "25A共挤备用2实际值": {
    "address": "VW336",
    "value": 3276,
    "unit": "℃",
    "type": "Int"
  }
}
详情: 机台: 默认挤出机 (ID: 1), 参数数量: 121
返回结果:
{
  "machine": {
    "id": 1,
    "name": "默认挤出机"
  },
  "parameters": {
    "主机料温过低": {
      "address": "V4551.2",
      "value": false,
      "unit": "",
      "type": "Bool",
      "is_readonly": true,
      "slot": 2
    },
    "主机料温过高": {
      "address": "V4551.1",
      "value": false,
      "unit": "",
      "type": "Bool",
      "is_readonly": true,
      "slot": 2
    },
    "主机调速故障": {
      "address": "V4551.4",
      "value": false,
      "unit": "",
      "type": "Bool",
      "is_readonly": true,
      "slot": 2
    },
    "主机过电流": {
      "address": "V4551.7",
      "value": false,
      "unit": "",
      "type": "Bool",
      "is_readonly": true,
      "slot": 2
    },
    "主机料筒冷却风机故障": {
      "address": "V4550.4",
      "value": false,
      "unit": "",
      "type": "Bool",
      "is_readonly": true,
      "slot": 2
    },
    "喂料调速器故障": {
      "address": "V4553.0",
      "value": false,
      "unit": "",
      "type": "Bool",
      "is_readonly": true,
      "slot": 2
    },
    "喂料过电流": {
      "address": "V4553.1",
      "value": false,
      "unit": "",
      "type": "Bool",
      "is_readonly": true,
      "slot": 2
    },
    "螺杆异位报警": {
      "address": "V4551.3",
      "value": false,
      "unit": "",
      "type": "Bool",
      "is_readonly": true,
      "slot": 2
    },
    "主机急停未松开": {
      "address": "V4551.0",
      "value": false,
      "unit": "",
      "type": "Bool",
      "is_readonly": true,
      "slot": 2
    },
    "35A调速故障": {
      "address": "V4550.1",
      "value": false,
      "unit": "",
      "type": "Bool",
      "is_readonly": true,
      "slot": 2
    },
    "35A过电流": {
      "address": "V4550.7",
      "value": false,
      "unit": "",
      "type": "Bool",
      "is_readonly": true,
      "slot": 2
    },
    "35A料筒冷却风机故障": {
      "address": "V4550.6",
      "value": false,
      "unit": "",
      "type": "Bool",
      "is_readonly": true,
      "slot": 2
    },
    "35B调速故障": {
      "address": "V4550.5",
      "value": false,
      "unit": "",
      "type": "Bool",
      "is_readonly": true,
      "slot": 2
    },
    "35B过电流": {
      "address": "V4550.0",
      "value": false,
      "unit": "",
      "type": "Bool",
      "is_readonly": true,
      "slot": 2
    },
    "35B料筒冷却风机故障": {
      "address": "V4553.2",
      "value": false,
      "unit": "",
      "type": "Bool",
      "is_readonly": true,
      "slot": 2
    },
    "主机转速设定值": {
      "address": "VD208",
      "value": 3.0,
      "unit": "RPM",
      "type": "Real",
      "is_readonly": false,
      "slot": 2
    },
    "主机转速实际值": {
      "address": "VD232",
      "value": 0.0,
      "unit": "RPM",
      "type": "Real",
      "is_readonly": true,
      "slot": 2
    },
    "主机电流负载占比": {
      "address": "VD3300",
      "value": 0.0,
      "unit": "%",
      "type": "Real",
      "is_readonly": true,
      "slot": 2
    },
    "主机电流值": {
      "address": "VD256",
      "value": 0.0,
      "unit": "A",
      "type": "Real",
      "is_readonly": true,
      "slot": 2
    },
    "喂料转速设定值": {
      "address": "VD32",
      "value": 6.000001907348633,
      "unit": "RPM",
      "type": "Real",
      "is_readonly": false,
      "slot": 2
    },
    "喂料转速实际值": {
      "address": "VD244",
      "value": 0.0,
      "unit": "RPM",
      "type": "Real",
      "is_readonly": true,
      "slot": 2
    },
    "喂料电流负载占比": {
      "address": "VD3304",
      "value": 0.0,
      "unit": "%",
      "type": "Real",
      "is_readonly": true,
      "slot": 2
    },
    "喂料电流值": {
      "address": "VD260",
      "value": 0.0,
      "unit": "A",
      "type": "Real",
      "is_readonly": true,
      "slot": 2
    },
    "65机筒1区设定值": {
      "address": "VW102",
      "value": 180,
      "unit": "℃",
      "type": "Int",
      "is_readonly": false,
      "slot": 2
    },
    "65机筒1区实际值": {
      "address": "VW302",
      "value": 179,
      "unit": "℃",
      "type": "Int",
      "is_readonly": true,
      "slot": 2
    },
    "65机筒2区设定值": {
      "address": "VW104",
      "value": 185,
      "unit": "℃",
      "type": "Int",
      "is_readonly": false,
      "slot": 2
    },
    "65机筒2区实际值": {
      "address": "VW304",
      "value": 183,
      "unit": "℃",
      "type": "Int",
      "is_readonly": true,
      "slot": 2
    },
    "65机筒3区设定值": {
      "address": "VW106",
      "value": 140,
      "unit": "℃",
      "type": "Int",
      "is_readonly": false,
      "slot": 2
    },
    "65机筒3区实际值": {
      "address": "VW306",
      "value": 141,
      "unit": "℃",
      "type": "Int",
      "is_readonly": true,
      "slot": 2
    },
    "65机筒4区设定值": {
      "address": "VW108",
      "value": 135,
      "unit": "℃",
      "type": "Int",
      "is_readonly": false,
      "slot": 2
    },
    "65机筒4区实际值": {
      "address": "VW308",
      "value": 132,
      "unit": "℃",
      "type": "Int",
      "is_readonly": true,
      "slot": 2
    },
    "65机合流芯设定值": {
      "address": "VW154",
      "value": 140,
      "unit": "℃",
      "type": "Int",
      "is_readonly": false,
      "slot": 2
    },
    "65机合流芯实际值": {
      "address": "VW354",
      "value": 136,
      "unit": "℃",
      "type": "Int",
      "is_readonly": true,
      "slot": 2
    },
    "芯层模具上设定值": {
      "address": "VW1130",
      "value": 135,
      "unit": "℃",
      "type": "Int",
      "is_readonly": false,
      "slot": 2
    },
    "芯层模具上实际值": {
      "address": "VW330",
      "value": 141,
      "unit": "℃",
      "type": "Int",
      "is_readonly": true,
      "slot": 2
    },
    "芯层模具下设定值": {
      "address": "VW1132",
      "value": 135,
      "unit": "℃",
      "type": "Int",
      "is_readonly": false,
      "slot": 2
    },
    "芯层模具下实际值": {
      "address": "VW332",
      "value": 142,
      "unit": "℃",
      "type": "Int",
      "is_readonly": true,
      "slot": 2
    },
    "芯层模具左设定值": {
      "address": "VW1134",
      "value": 130,
      "unit": "℃",
      "type": "Int",
      "is_readonly": false,
      "slot": 2
    },
    "芯层模具左实际值": {
      "address": "VW334",
      "value": 137,
      "unit": "℃",
      "type": "Int",
      "is_readonly": true,
      "slot": 2
    },
    "芯层模具右设定值": {
      "address": "VW1136",
      "value": 140,
      "unit": "℃",
      "type": "Int",
      "is_readonly": false,
      "slot": 2
    },
    "芯层模具右实际值": {
      "address": "VW336",
      "value": 139,
      "unit": "℃",
      "type": "Int",
      "is_readonly": true,
      "slot": 2
    },
    "外层模具上设定值": {
      "address": "VW1138",
      "value": 190,
      "unit": "℃",
      "type": "Int",
      "is_readonly": false,
      "slot": 2
    },
    "外层模具上实际值": {
      "address": "VW338",
      "value": 192,
      "unit": "℃",
      "type": "Int",
      "is_readonly": true,
      "slot": 2
    },
    "外层模具下设定值": {
      "address": "VW1140",
      "value": 180,
      "unit": "℃",
      "type": "Int",
      "is_readonly": false,
      "slot": 2
    },
    "外层模具下实际值": {
      "address": "VW340",
      "value": 180,
      "unit": "℃",
      "type": "Int",
      "is_readonly": true,
      "slot": 2
    },
    "外层模具左设定值": {
      "address": "VW1142",
      "value": 180,
      "unit": "℃",
      "type": "Int",
      "is_readonly": false,
      "slot": 2
    },
    "外层模具左实际值": {
      "address": "VW342",
      "value": 182,
      "unit": "",
      "type": "Int",
      "is_readonly": true,
      "slot": 2
    },
    "外层模具石设定值": {
      "address": "VW344",
      "value": 182,
      "unit": "℃",
      "type": "Int",
      "is_readonly": false,
      "slot": 2
    },
    "外层模具石实际值": {
      "address": "VW344",
      "value": 182,
      "unit": "℃",
      "type": "Int",
      "is_readonly": true,
      "slot": 2
    },
    "A组合流芯设定值": {
      "address": "VW146",
      "value": 200,
      "unit": "℃",
      "type": "Int",
      "is_readonly": false,
      "slot": 2
    },
    "A组合流芯实际值": {
      "address": "VW346",
      "value": 197,
      "unit": "℃",
      "type": "Int",
      "is_readonly": true,
      "slot": 2
    },
    "A组转接模设定值": {
      "address": "VW148",
      "value": 200,
      "unit": "℃",
      "type": "Int",
      "is_readonly": false,
      "slot": 2
    },
    "A组转接模实际值": {
      "address": "VW348",
      "value": 200,
      "unit": "℃",
      "type": "Int",
      "is_readonly": true,
      "slot": 2
    },
    "A组连接管设定值": {
      "address": "VW150",
      "value": 0,
      "unit": "℃",
      "type": "Int",
      "is_readonly": false,
      "slot": 2
    },
    "A组连接管实际值": {
      "address": "VW350",
      "value": 80,
      "unit": "℃",
      "type": "Int",
      "is_readonly": true,
      "slot": 2
    },
    "B组合流芯设定值": {
      "address": "VW152",
      "value": 155,
      "unit": "℃",
      "type": "Int",
      "is_readonly": false,
      "slot": 2
    },
    "B组合流芯实际值": {
      "address": "VW352",
      "value": 151,
      "unit": "℃",
      "type": "Int",
      "is_readonly": true,
      "slot": 2
    },
    "B组转接模设定值": {
      "address": "VW162",
      "value": 155,
      "unit": "℃",
      "type": "Int",
      "is_readonly": false,
      "slot": 2
    },
    "B组转接模实际值": {
      "address": "VW362",
      "value": 155,
      "unit": "℃",
      "type": "Int",
      "is_readonly": true,
      "slot": 2
    },
    "B组连接管设定值": {
      "address": "VW164",
      "value": 230,
      "unit": "℃",
      "type": "Int",
      "is_readonly": false,
      "slot": 2
    },
    "B组连接管实际值": {
      "address": "VW364",
      "value": 235,
      "unit": "℃",
      "type": "Int",
      "is_readonly": true,
      "slot": 2
    },
    "35A转速设定值": {
      "address": "VD508",
      "value": 0.0,
      "unit": "RPM",
      "type": "Real",
      "is_readonly": false,
      "slot": 2
    },
    "35A转速实际值": {
      "address": "VD532",
      "value": 0.0,
      "unit": "RPM",
      "type": "Real",
      "is_readonly": true,
      "slot": 2
    },
    "35A电流设定值": {
      "address": "VD2300",
      "value": 0.0,
      "unit": "%",
      "type": "Real",
      "is_readonly": false,
      "slot": 2
    },
    "35A电流实际值": {
      "address": "VD556",
      "value": 0.0,
      "unit": "A",
      "type": "Real",
      "is_readonly": true,
      "slot": 2
    },
    "35B转速设定值": {
      "address": "VD212",
      "value": 0.0,
      "unit": "RPM",
      "type": "Real",
      "is_readonly": false,
      "slot": 2
    },
    "35B转速实际值": {
      "address": "VD236",
      "value": 0.0,
      "unit": "RPM",
      "type": "Real",
      "is_readonly": true,
      "slot": 2
    },
    "35B电流设定值": {
      "address": "VD3308",
      "value": 0.0,
      "unit": "%",
      "type": "Real",
      "is_readonly": false,
      "slot": 2
    },
    "35B电流实际值": {
      "address": "VD264",
      "value": 0.0,
      "unit": "A",
      "type": "Real",
      "is_readonly": true,
      "slot": 2
    },
    "A组35机1区设定值": {
      "address": "VW116",
      "value": 145,
      "unit": "℃",
      "type": "Int",
      "is_readonly": false,
      "slot": 2
    },
    "A组35机1区实际值": {
      "address": "VW316",
      "value": 144,
      "unit": "℃",
      "type": "Int",
      "is_readonly": true,
      "slot": 2
    },
    "A组35机2区实际值": {
      "address": "VW318",
      "value": 198,
      "unit": "℃",
      "type": "Int",
      "is_readonly": true,
      "slot": 2
    },
    "A组35机3区设定值": {
      "address": "VW168",
      "value": 200,
      "unit": "℃",
      "type": "Int",
      "is_readonly": false,
      "slot": 2
    },
    "A组35机3区实际值": {
      "address": "VW368",
      "value": 195,
      "unit": "℃",
      "type": "Int",
      "is_readonly": true,
      "slot": 2
    },
    "B组35机1区设定值": {
      "address": "VW170",
      "value": 145,
      "unit": "℃",
      "type": "Int",
      "is_readonly": false,
      "slot": 2
    },
    "B组35机1区实际值": {
      "address": "VW370",
      "value": 143,
      "unit": "℃",
      "type": "Int",
      "is_readonly": true,
      "slot": 2
    },
    "B组35机2区设定值": {
      "address": "VW120",
      "value": 155,
      "unit": "℃",
      "type": "Int",
      "is_readonly": false,
      "slot": 2
    },
    "B组35机2区实际值": {
      "address": "VW322",
      "value": 153,
      "unit": "℃",
      "type": "Int",
      "is_readonly": true,
      "slot": 2
    },
    "B组35机3区设定值": {
      "address": "VW112",
      "value": 150,
      "unit": "℃",
      "type": "Int",
      "is_readonly": false,
      "slot": 2
    },
    "B组35机3区实际值": {
      "address": "VW312",
      "value": 147,
      "unit": "℃",
      "type": "Int",
      "is_readonly": true,
      "slot": 2
    },
    "A组备用1设定值": {
      "address": "VW160",
      "value": 0,
      "unit": "℃",
      "type": "Int",
      "is_readonly": false,
      "slot": 2
    },
    "A组备用1实际值": {
      "address": "VW360",
      "value": 3276,
      "unit": "℃",
      "type": "Int",
      "is_readonly": true,
      "slot": 2
    },
    "A组备用2设定值": {
      "address": "VW166",
      "value": 0,
      "unit": "℃",
      "type": "Int",
      "is_readonly": false,
      "slot": 2
    },
    "A组备用2实际值": {
      "address": "VW366",
      "value": 3276,
      "unit": "℃",
      "type": "Int",
      "is_readonly": true,
      "slot": 2
    },
    "B组备用1设定值": {
      "address": "VW156",
      "value": 0,
      "unit": "℃",
      "type": "Int",
      "is_readonly": false,
      "slot": 2
    },
    "B组备用1实际值": {
      "address": "VW356",
      "value": 3276,
      "unit": "℃",
      "type": "Int",
      "is_readonly": true,
      "slot": 2
    },
    "B组备用2设定值": {
      "address": "VW158",
      "value": 0,
      "unit": "℃",
      "type": "Int",
      "is_readonly": false,
      "slot": 2
    },
    "B组备用2实际值": {
      "address": "VW358",
      "value": 3276,
      "unit": "℃",
      "type": "Int",
      "is_readonly": true,
      "slot": 2
    },
    "25B调速故障": {
      "address": "V4550.7",
      "value": false,
      "unit": "",
      "type": "Bool",
      "is_readonly": true,
      "slot": 3
    },
    "25B料筒冷却风机故障": {
      "address": "V4550.4",
      "value": false,
      "unit": "",
      "type": "Bool",
      "is_readonly": false,
      "slot": 3
    },
    "25A调速故障": {
      "address": "V4551.4",
      "value": false,
      "unit": "",
      "type": "Bool",
      "is_readonly": true,
      "slot": 3
    },
    "25A料筒冷却风机故障": {
      "address": "V4550.6",
      "value": false,
      "unit": "",
      "type": "Bool",
      "is_readonly": true,
      "slot": 3
    },
    "25A过电流": {
      "address": "V4551.7",
      "value": false,
      "unit": "",
      "type": "Bool",
      "is_readonly": false,
      "slot": 3
    },
    "25B转速设定值": {
      "address": "VD212",
      "value": 0.0,
      "unit": "RPM",
      "type": "Real",
      "is_readonly": false,
      "slot": 3
    },
    "25B转速实际值": {
      "address": "VD532",
      "value": 0.0,
      "unit": "RPM",
      "type": "Real",
      "is_readonly": true,
      "slot": 3
    },
    "25B电流设定值": {
      "address": "VD2300",
      "value": 0.0,
      "unit": "%",
      "type": "Real",
      "is_readonly": false,
      "slot": 3
    },
    "25B电流实际值": {
      "address": "VD556",
      "value": 0.0,
      "unit": "A",
      "type": "Real",
      "is_readonly": true,
      "slot": 3
    },
    "25A转速设定值": {
      "address": "VD208",
      "value": 4.699997901916504,
      "unit": "RPM",
      "type": "Real",
      "is_readonly": false,
      "slot": 3
    },
    "25A转速实际值": {
      "address": "VD232",
      "value": 0.0,
      "unit": "RPM",
      "type": "Real",
      "is_readonly": true,
      "slot": 3
    },
    "25A电流设定值": {
      "address": "VD3300",
      "value": 0.0,
      "unit": "%",
      "type": "Real",
      "is_readonly": false,
      "slot": 3
    },
    "25A电流实际值": {
      "address": "VD256",
      "value": 0.0,
      "unit": "A",
      "type": "Real",
      "is_readonly": true,
      "slot": 3
    },
    "B组25机1区设定值": {
      "address": "VW102",
      "value": 145,
      "unit": "℃",
      "type": "Int",
      "is_readonly": false,
      "slot": 3
    },
    "B组25机1区实际值": {
      "address": "VW302",
      "value": 144,
      "unit": "℃",
      "type": "Int",
      "is_readonly": true,
      "slot": 3
    },
    "B组25机2区设定值": {
      "address": "VW104",
      "value": 235,
      "unit": "℃",
      "type": "Int",
      "is_readonly": false,
      "slot": 3
    },
    "B组25机2区实际值": {
      "address": "VW304",
      "value": 232,
      "unit": "℃",
      "type": "Int",
      "is_readonly": true,
      "slot": 3
    },
    "B组25机3区设定值": {
      "address": "VW106",
      "value": 235,
      "unit": "℃",
      "type": "Int",
      "is_readonly": false,
      "slot": 3
    },
    "B组25机3区实际值": {
      "address": "VW306",
      "value": 230,
      "unit": "℃",
      "type": "Int",
      "is_readonly": true,
      "slot": 3
    },
    "A组25机1区设定值": {
      "address": "VW108",
      "value": 145,
      "unit": "℃",
      "type": "Int",
      "is_readonly": false,
      "slot": 3
    },
    "A组25机1区实际值": {
      "address": "VW308",
      "value": 41,
      "unit": "℃",
      "type": "Int",
      "is_readonly": true,
      "slot": 3
    },
    "A组25机2区设定值": {
      "address": "VW116",
      "value": 170,
      "unit": "℃",
      "type": "Int",
      "is_readonly": false,
      "slot": 3
    },
    "A组25机2区实际值": {
      "address": "VW316",
      "value": 43,
      "unit": "℃",
      "type": "Int",
      "is_readonly": true,
      "slot": 3
    },
    "A组25机3区设定值": {
      "address": "VW118",
      "value": 170,
      "unit": "℃",
      "type": "Int",
      "is_readonly": false,
      "slot": 3
    },
    "A组25机3区实际值": {
      "address": "VW318",
      "value": 45,
      "unit": "℃",
      "type": "Int",
      "is_readonly": true,
      "slot": 3
    },
    "25B共挤备用1设定值": {
      "address": "VW130",
      "value": 0,
      "unit": "℃",
      "type": "Int",
      "is_readonly": false,
      "slot": 3
    },
    "25B共挤备用1实际值": {
      "address": "VW330",
      "value": 3276,
      "unit": "℃",
      "type": "Int",
      "is_readonly": true,
      "slot": 3
    },
    "25B共挤备用2设定值": {
      "address": "VW132",
      "value": 0,
      "unit": "℃",
      "type": "Int",
      "is_readonly": false,
      "slot": 3
    },
    "25B共挤备用2实际值": {
      "address": "VW332",
      "value": 3276,
      "unit": "℃",
      "type": "Int",
      "is_readonly": true,
      "slot": 3
    },
    "25A共挤备用1设定值": {
      "address": "VW134",
      "value": 0,
      "unit": "℃",
      "type": "Int",
      "is_readonly": false,
      "slot": 3
    },
    "25A共挤备用1实际值": {
      "address": "VW334",
      "value": 3276,
      "unit": "℃",
      "type": "Int",
      "is_readonly": true,
      "slot": 3
    },
    "25A共挤备用2设定值": {
      "address": "VW136",
      "value": 0,
      "unit": "℃",
      "type": "Int",
      "is_readonly": false,
      "slot": 3
    },
    "25A共挤备用2实际值": {
      "address": "VW336",
      "value": 3276,
      "unit": "℃",
      "type": "Int",
      "is_readonly": true,
      "slot": 3
    }
  }
}
------------------------------------------------------------
2026-05-09 16:03:57 | 读取PLC | 机台 | 用户ID:1
请求参数:
{
  "主机料温过低": {
    "address": "V4551.2",
    "value": false,
    "unit": "",
    "type": "Bool"
  },
  "主机料温过高": {
    "address": "V4551.1",
    "value": false,
    "unit": "",
    "type": "Bool"
  },
  "主机调速故障": {
    "address": "V4551.4",
    "value": false,
    "unit": "",
    "type": "Bool"
  },
  "主机过电流": {
    "address": "V4551.7",
    "value": false,
    "unit": "",
    "type": "Bool"
  },
  "主机料筒冷却风机故障": {
    "address": "V4550.4",
    "value": false,
    "unit": "",
    "type": "Bool"
  },
  "喂料调速器故障": {
    "address": "V4553.0",
    "value": false,
    "unit": "",
    "type": "Bool"
  },
  "喂料过电流": {
    "address": "V4553.1",
    "value": false,
    "unit": "",
    "type": "Bool"
  },
  "螺杆异位报警": {
    "address": "V4551.3",
    "value": false,
    "unit": "",
    "type": "Bool"
  },
  "主机急停未松开": {
    "address": "V4551.0",
    "value": false,
    "unit": "",
    "type": "Bool"
  },
  "35A调速故障": {
    "address": "V4550.1",
    "value": false,
    "unit": "",
    "type": "Bool"
  },
  "35A过电流": {
    "address": "V4550.7",
    "value": false,
    "unit": "",
    "type": "Bool"
  },
  "35A料筒冷却风机故障": {
    "address": "V4550.6",
    "value": false,
    "unit": "",
    "type": "Bool"
  },
  "35B调速故障": {
    "address": "V4550.5",
    "value": false,
    "unit": "",
    "type": "Bool"
  },
  "35B过电流": {
    "address": "V4550.0",
    "value": false,
    "unit": "",
    "type": "Bool"
  },
  "35B料筒冷却风机故障": {
    "address": "V4553.2",
    "value": false,
    "unit": "",
    "type": "Bool"
  },
  "主机转速设定值": {
    "address": "VD208",
    "value": 3.0,
    "unit": "RPM",
    "type": "Real"
  },
  "主机转速实际值": {
    "address": "VD232",
    "value": 0.0,
    "unit": "RPM",
    "type": "Real"
  },
  "主机电流负载占比": {
    "address": "VD3300",
    "value": 0.0,
    "unit": "%",
    "type": "Real"
  },
  "主机电流值": {
    "address": "VD256",
    "value": 0.0,
    "unit": "A",
    "type": "Real"
  },
  "喂料转速设定值": {
    "address": "VD32",
    "value": 6.000001907348633,
    "unit": "RPM",
    "type": "Real"
  },
  "喂料转速实际值": {
    "address": "VD244",
    "value": 0.0,
    "unit": "RPM",
    "type": "Real"
  },
  "喂料电流负载占比": {
    "address": "VD3304",
    "value": 0.0,
    "unit": "%",
    "type": "Real"
  },
  "喂料电流值": {
    "address": "VD260",
    "value": 0.0,
    "unit": "A",
    "type": "Real"
  },
  "65机筒1区设定值": {
    "address": "VW102",
    "value": 180,
    "unit": "℃",
    "type": "Int"
  },
  "65机筒1区实际值": {
    "address": "VW302",
    "value": 179,
    "unit": "℃",
    "type": "Int"
  },
  "65机筒2区设定值": {
    "address": "VW104",
    "value": 185,
    "unit": "℃",
    "type": "Int"
  },
  "65机筒2区实际值": {
    "address": "VW304",
    "value": 183,
    "unit": "℃",
    "type": "Int"
  },
  "65机筒3区设定值": {
    "address": "VW106",
    "value": 140,
    "unit": "℃",
    "type": "Int"
  },
  "65机筒3区实际值": {
    "address": "VW306",
    "value": 137,
    "unit": "℃",
    "type": "Int"
  },
  "65机筒4区设定值": {
    "address": "VW108",
    "value": 135,
    "unit": "℃",
    "type": "Int"
  },
  "65机筒4区实际值": {
    "address": "VW308",
    "value": 132,
    "unit": "℃",
    "type": "Int"
  },
  "65机合流芯设定值": {
    "address": "VW154",
    "value": 140,
    "unit": "℃",
    "type": "Int"
  },
  "65机合流芯实际值": {
    "address": "VW354",
    "value": 135,
    "unit": "℃",
    "type": "Int"
  },
  "芯层模具上设定值": {
    "address": "VW1130",
    "value": 135,
    "unit": "℃",
    "type": "Int"
  },
  "芯层模具上实际值": {
    "address": "VW330",
    "value": 142,
    "unit": "℃",
    "type": "Int"
  },
  "芯层模具下设定值": {
    "address": "VW1132",
    "value": 135,
    "unit": "℃",
    "type": "Int"
  },
  "芯层模具下实际值": {
    "address": "VW332",
    "value": 142,
    "unit": "℃",
    "type": "Int"
  },
  "芯层模具左设定值": {
    "address": "VW1134",
    "value": 130,
    "unit": "℃",
    "type": "Int"
  },
  "芯层模具左实际值": {
    "address": "VW334",
    "value": 136,
    "unit": "℃",
    "type": "Int"
  },
  "芯层模具右设定值": {
    "address": "VW1136",
    "value": 140,
    "unit": "℃",
    "type": "Int"
  },
  "芯层模具右实际值": {
    "address": "VW336",
    "value": 139,
    "unit": "℃",
    "type": "Int"
  },
  "外层模具上设定值": {
    "address": "VW1138",
    "value": 190,
    "unit": "℃",
    "type": "Int"
  },
  "外层模具上实际值": {
    "address": "VW338",
    "value": 190,
    "unit": "℃",
    "type": "Int"
  },
  "外层模具下设定值": {
    "address": "VW1140",
    "value": 180,
    "unit": "℃",
    "type": "Int"
  },
  "外层模具下实际值": {
    "address": "VW340",
    "value": 180,
    "unit": "℃",
    "type": "Int"
  },
  "外层模具左设定值": {
    "address": "VW1142",
    "value": 180,
    "unit": "℃",
    "type": "Int"
  },
  "外层模具左实际值": {
    "address": "VW342",
    "value": 181,
    "unit": "",
    "type": "Int"
  },
  "外层模具石设定值": {
    "address": "VW344",
    "value": 180,
    "unit": "℃",
    "type": "Int"
  },
  "外层模具石实际值": {
    "address": "VW344",
    "value": 180,
    "unit": "℃",
    "type": "Int"
  },
  "A组合流芯设定值": {
    "address": "VW146",
    "value": 200,
    "unit": "℃",
    "type": "Int"
  },
  "A组合流芯实际值": {
    "address": "VW346",
    "value": 196,
    "unit": "℃",
    "type": "Int"
  },
  "A组转接模设定值": {
    "address": "VW148",
    "value": 200,
    "unit": "℃",
    "type": "Int"
  },
  "A组转接模实际值": {
    "address": "VW348",
    "value": 200,
    "unit": "℃",
    "type": "Int"
  },
  "A组连接管设定值": {
    "address": "VW150",
    "value": 0,
    "unit": "℃",
    "type": "Int"
  },
  "A组连接管实际值": {
    "address": "VW350",
    "value": 81,
    "unit": "℃",
    "type": "Int"
  },
  "B组合流芯设定值": {
    "address": "VW152",
    "value": 155,
    "unit": "℃",
    "type": "Int"
  },
  "B组合流芯实际值": {
    "address": "VW352",
    "value": 151,
    "unit": "℃",
    "type": "Int"
  },
  "B组转接模设定值": {
    "address": "VW162",
    "value": 155,
    "unit": "℃",
    "type": "Int"
  },
  "B组转接模实际值": {
    "address": "VW362",
    "value": 155,
    "unit": "℃",
    "type": "Int"
  },
  "B组连接管设定值": {
    "address": "VW164",
    "value": 230,
    "unit": "℃",
    "type": "Int"
  },
  "B组连接管实际值": {
    "address": "VW364",
    "value": 243,
    "unit": "℃",
    "type": "Int"
  },
  "35A转速设定值": {
    "address": "VD508",
    "value": 0.0,
    "unit": "RPM",
    "type": "Real"
  },
  "35A转速实际值": {
    "address": "VD532",
    "value": 0.0,
    "unit": "RPM",
    "type": "Real"
  },
  "35A电流设定值": {
    "address": "VD2300",
    "value": 0.0,
    "unit": "%",
    "type": "Real"
  },
  "35A电流实际值": {
    "address": "VD556",
    "value": 0.0,
    "unit": "A",
    "type": "Real"
  },
  "35B转速设定值": {
    "address": "VD212",
    "value": 0.0,
    "unit": "RPM",
    "type": "Real"
  },
  "35B转速实际值": {
    "address": "VD236",
    "value": 0.0,
    "unit": "RPM",
    "type": "Real"
  },
  "35B电流设定值": {
    "address": "VD3308",
    "value": 0.0,
    "unit": "%",
    "type": "Real"
  },
  "35B电流实际值": {
    "address": "VD264",
    "value": 0.0,
    "unit": "A",
    "type": "Real"
  },
  "A组35机1区设定值": {
    "address": "VW116",
    "value": 145,
    "unit": "℃",
    "type": "Int"
  },
  "A组35机1区实际值": {
    "address": "VW316",
    "value": 144,
    "unit": "℃",
    "type": "Int"
  },
  "A组35机2区实际值": {
    "address": "VW318",
    "value": 198,
    "unit": "℃",
    "type": "Int"
  },
  "A组35机3区设定值": {
    "address": "VW168",
    "value": 200,
    "unit": "℃",
    "type": "Int"
  },
  "A组35机3区实际值": {
    "address": "VW368",
    "value": 195,
    "unit": "℃",
    "type": "Int"
  },
  "B组35机1区设定值": {
    "address": "VW170",
    "value": 145,
    "unit": "℃",
    "type": "Int"
  },
  "B组35机1区实际值": {
    "address": "VW370",
    "value": 143,
    "unit": "℃",
    "type": "Int"
  },
  "B组35机2区设定值": {
    "address": "VW120",
    "value": 155,
    "unit": "℃",
    "type": "Int"
  },
  "B组35机2区实际值": {
    "address": "VW322",
    "value": 153,
    "unit": "℃",
    "type": "Int"
  },
  "B组35机3区设定值": {
    "address": "VW112",
    "value": 150,
    "unit": "℃",
    "type": "Int"
  },
  "B组35机3区实际值": {
    "address": "VW312",
    "value": 148,
    "unit": "℃",
    "type": "Int"
  },
  "A组备用1设定值": {
    "address": "VW160",
    "value": 0,
    "unit": "℃",
    "type": "Int"
  },
  "A组备用1实际值": {
    "address": "VW360",
    "value": 3276,
    "unit": "℃",
    "type": "Int"
  },
  "A组备用2设定值": {
    "address": "VW166",
    "value": 0,
    "unit": "℃",
    "type": "Int"
  },
  "A组备用2实际值": {
    "address": "VW366",
    "value": 3276,
    "unit": "℃",
    "type": "Int"
  },
  "B组备用1设定值": {
    "address": "VW156",
    "value": 0,
    "unit": "℃",
    "type": "Int"
  },
  "B组备用1实际值": {
    "address": "VW356",
    "value": 3276,
    "unit": "℃",
    "type": "Int"
  },
  "B组备用2设定值": {
    "address": "VW158",
    "value": 0,
    "unit": "℃",
    "type": "Int"
  },
  "B组备用2实际值": {
    "address": "VW358",
    "value": 3276,
    "unit": "℃",
    "type": "Int"
  },
  "25B调速故障": {
    "address": "V4550.7",
    "value": false,
    "unit": "",
    "type": "Bool"
  },
  "25B料筒冷却风机故障": {
    "address": "V4550.4",
    "value": false,
    "unit": "",
    "type": "Bool"
  },
  "25A调速故障": {
    "address": "V4551.4",
    "value": false,
    "unit": "",
    "type": "Bool"
  },
  "25A料筒冷却风机故障": {
    "address": "V4550.6",
    "value": false,
    "unit": "",
    "type": "Bool"
  },
  "25A过电流": {
    "address": "V4551.7",
    "value": false,
    "unit": "",
    "type": "Bool"
  },
  "25B转速设定值": {
    "address": "VD212",
    "value": 0.0,
    "unit": "RPM",
    "type": "Real"
  },
  "25B转速实际值": {
    "address": "VD532",
    "value": 0.0,
    "unit": "RPM",
    "type": "Real"
  },
  "25B电流设定值": {
    "address": "VD2300",
    "value": 0.0,
    "unit": "%",
    "type": "Real"
  },
  "25B电流实际值": {
    "address": "VD556",
    "value": 0.0,
    "unit": "A",
    "type": "Real"
  },
  "25A转速设定值": {
    "address": "VD208",
    "value": 4.699997901916504,
    "unit": "RPM",
    "type": "Real"
  },
  "25A转速实际值": {
    "address": "VD232",
    "value": 0.0,
    "unit": "RPM",
    "type": "Real"
  },
  "25A电流设定值": {
    "address": "VD3300",
    "value": 0.0,
    "unit": "%",
    "type": "Real"
  },
  "25A电流实际值": {
    "address": "VD256",
    "value": 0.0,
    "unit": "A",
    "type": "Real"
  },
  "B组25机1区设定值": {
    "address": "VW102",
    "value": 145,
    "unit": "℃",
    "type": "Int"
  },
  "B组25机1区实际值": {
    "address": "VW302",
    "value": 144,
    "unit": "℃",
    "type": "Int"
  },
  "B组25机2区设定值": {
    "address": "VW104",
    "value": 235,
    "unit": "℃",
    "type": "Int"
  },
  "B组25机2区实际值": {
    "address": "VW304",
    "value": 232,
    "unit": "℃",
    "type": "Int"
  },
  "B组25机3区设定值": {
    "address": "VW106",
    "value": 235,
    "unit": "℃",
    "type": "Int"
  },
  "B组25机3区实际值": {
    "address": "VW306",
    "value": 230,
    "unit": "℃",
    "type": "Int"
  },
  "A组25机1区设定值": {
    "address": "VW108",
    "value": 145,
    "unit": "℃",
    "type": "Int"
  },
  "A组25机1区实际值": {
    "address": "VW308",
    "value": 41,
    "unit": "℃",
    "type": "Int"
  },
  "A组25机2区设定值": {
    "address": "VW116",
    "value": 170,
    "unit": "℃",
    "type": "Int"
  },
  "A组25机2区实际值": {
    "address": "VW316",
    "value": 43,
    "unit": "℃",
    "type": "Int"
  },
  "A组25机3区设定值": {
    "address": "VW118",
    "value": 170,
    "unit": "℃",
    "type": "Int"
  },
  "A组25机3区实际值": {
    "address": "VW318",
    "value": 45,
    "unit": "℃",
    "type": "Int"
  },
  "25B共挤备用1设定值": {
    "address": "VW130",
    "value": 0,
    "unit": "℃",
    "type": "Int"
  },
  "25B共挤备用1实际值": {
    "address": "VW330",
    "value": 3276,
    "unit": "℃",
    "type": "Int"
  },
  "25B共挤备用2设定值": {
    "address": "VW132",
    "value": 0,
    "unit": "℃",
    "type": "Int"
  },
  "25B共挤备用2实际值": {
    "address": "VW332",
    "value": 3276,
    "unit": "℃",
    "type": "Int"
  },
  "25A共挤备用1设定值": {
    "address": "VW134",
    "value": 0,
    "unit": "℃",
    "type": "Int"
  },
  "25A共挤备用1实际值": {
    "address": "VW334",
    "value": 3276,
    "unit": "℃",
    "type": "Int"
  },
  "25A共挤备用2设定值": {
    "address": "VW136",
    "value": 0,
    "unit": "℃",
    "type": "Int"
  },
  "25A共挤备用2实际值": {
    "address": "VW336",
    "value": 3276,
    "unit": "℃",
    "type": "Int"
  }
}
详情: 机台: 默认挤出机 (ID: 1), 参数数量: 121
返回结果:
{
  "machine": {
    "id": 1,
    "name": "默认挤出机"
  },
  "parameters": {
    "主机料温过低": {
      "address": "V4551.2",
      "value": false,
      "unit": "",
      "type": "Bool",
      "is_readonly": true,
      "slot": 2
    },
    "主机料温过高": {
      "address": "V4551.1",
      "value": false,
      "unit": "",
      "type": "Bool",
      "is_readonly": true,
      "slot": 2
    },
    "主机调速故障": {
      "address": "V4551.4",
      "value": false,
      "unit": "",
      "type": "Bool",
      "is_readonly": true,
      "slot": 2
    },
    "主机过电流": {
      "address": "V4551.7",
      "value": false,
      "unit": "",
      "type": "Bool",
      "is_readonly": true,
      "slot": 2
    },
    "主机料筒冷却风机故障": {
      "address": "V4550.4",
      "value": false,
      "unit": "",
      "type": "Bool",
      "is_readonly": true,
      "slot": 2
    },
    "喂料调速器故障": {
      "address": "V4553.0",
      "value": false,
      "unit": "",
      "type": "Bool",
      "is_readonly": true,
      "slot": 2
    },
    "喂料过电流": {
      "address": "V4553.1",
      "value": false,
      "unit": "",
      "type": "Bool",
      "is_readonly": true,
      "slot": 2
    },
    "螺杆异位报警": {
      "address": "V4551.3",
      "value": false,
      "unit": "",
      "type": "Bool",
      "is_readonly": true,
      "slot": 2
    },
    "主机急停未松开": {
      "address": "V4551.0",
      "value": false,
      "unit": "",
      "type": "Bool",
      "is_readonly": true,
      "slot": 2
    },
    "35A调速故障": {
      "address": "V4550.1",
      "value": false,
      "unit": "",
      "type": "Bool",
      "is_readonly": true,
      "slot": 2
    },
    "35A过电流": {
      "address": "V4550.7",
      "value": false,
      "unit": "",
      "type": "Bool",
      "is_readonly": true,
      "slot": 2
    },
    "35A料筒冷却风机故障": {
      "address": "V4550.6",
      "value": false,
      "unit": "",
      "type": "Bool",
      "is_readonly": true,
      "slot": 2
    },
    "35B调速故障": {
      "address": "V4550.5",
      "value": false,
      "unit": "",
      "type": "Bool",
      "is_readonly": true,
      "slot": 2
    },
    "35B过电流": {
      "address": "V4550.0",
      "value": false,
      "unit": "",
      "type": "Bool",
      "is_readonly": true,
      "slot": 2
    },
    "35B料筒冷却风机故障": {
      "address": "V4553.2",
      "value": false,
      "unit": "",
      "type": "Bool",
      "is_readonly": true,
      "slot": 2
    },
    "主机转速设定值": {
      "address": "VD208",
      "value": 3.0,
      "unit": "RPM",
      "type": "Real",
      "is_readonly": false,
      "slot": 2
    },
    "主机转速实际值": {
      "address": "VD232",
      "value": 0.0,
      "unit": "RPM",
      "type": "Real",
      "is_readonly": true,
      "slot": 2
    },
    "主机电流负载占比": {
      "address": "VD3300",
      "value": 0.0,
      "unit": "%",
      "type": "Real",
      "is_readonly": true,
      "slot": 2
    },
    "主机电流值": {
      "address": "VD256",
      "value": 0.0,
      "unit": "A",
      "type": "Real",
      "is_readonly": true,
      "slot": 2
    },
    "喂料转速设定值": {
      "address": "VD32",
      "value": 6.000001907348633,
      "unit": "RPM",
      "type": "Real",
      "is_readonly": false,
      "slot": 2
    },
    "喂料转速实际值": {
      "address": "VD244",
      "value": 0.0,
      "unit": "RPM",
      "type": "Real",
      "is_readonly": true,
      "slot": 2
    },
    "喂料电流负载占比": {
      "address": "VD3304",
      "value": 0.0,
      "unit": "%",
      "type": "Real",
      "is_readonly": true,
      "slot": 2
    },
    "喂料电流值": {
      "address": "VD260",
      "value": 0.0,
      "unit": "A",
      "type": "Real",
      "is_readonly": true,
      "slot": 2
    },
    "65机筒1区设定值": {
      "address": "VW102",
      "value": 180,
      "unit": "℃",
      "type": "Int",
      "is_readonly": false,
      "slot": 2
    },
    "65机筒1区实际值": {
      "address": "VW302",
      "value": 179,
      "unit": "℃",
      "type": "Int",
      "is_readonly": true,
      "slot": 2
    },
    "65机筒2区设定值": {
      "address": "VW104",
      "value": 185,
      "unit": "℃",
      "type": "Int",
      "is_readonly": false,
      "slot": 2
    },
    "65机筒2区实际值": {
      "address": "VW304",
      "value": 183,
      "unit": "℃",
      "type": "Int",
      "is_readonly": true,
      "slot": 2
    },
    "65机筒3区设定值": {
      "address": "VW106",
      "value": 140,
      "unit": "℃",
      "type": "Int",
      "is_readonly": false,
      "slot": 2
    },
    "65机筒3区实际值": {
      "address": "VW306",
      "value": 137,
      "unit": "℃",
      "type": "Int",
      "is_readonly": true,
      "slot": 2
    },
    "65机筒4区设定值": {
      "address": "VW108",
      "value": 135,
      "unit": "℃",
      "type": "Int",
      "is_readonly": false,
      "slot": 2
    },
    "65机筒4区实际值": {
      "address": "VW308",
      "value": 132,
      "unit": "℃",
      "type": "Int",
      "is_readonly": true,
      "slot": 2
    },
    "65机合流芯设定值": {
      "address": "VW154",
      "value": 140,
      "unit": "℃",
      "type": "Int",
      "is_readonly": false,
      "slot": 2
    },
    "65机合流芯实际值": {
      "address": "VW354",
      "value": 135,
      "unit": "℃",
      "type": "Int",
      "is_readonly": true,
      "slot": 2
    },
    "芯层模具上设定值": {
      "address": "VW1130",
      "value": 135,
      "unit": "℃",
      "type": "Int",
      "is_readonly": false,
      "slot": 2
    },
    "芯层模具上实际值": {
      "address": "VW330",
      "value": 142,
      "unit": "℃",
      "type": "Int",
      "is_readonly": true,
      "slot": 2
    },
    "芯层模具下设定值": {
      "address": "VW1132",
      "value": 135,
      "unit": "℃",
      "type": "Int",
      "is_readonly": false,
      "slot": 2
    },
    "芯层模具下实际值": {
      "address": "VW332",
      "value": 142,
      "unit": "℃",
      "type": "Int",
      "is_readonly": true,
      "slot": 2
    },
    "芯层模具左设定值": {
      "address": "VW1134",
      "value": 130,
      "unit": "℃",
      "type": "Int",
      "is_readonly": false,
      "slot": 2
    },
    "芯层模具左实际值": {
      "address": "VW334",
      "value": 136,
      "unit": "℃",
      "type": "Int",
      "is_readonly": true,
      "slot": 2
    },
    "芯层模具右设定值": {
      "address": "VW1136",
      "value": 140,
      "unit": "℃",
      "type": "Int",
      "is_readonly": false,
      "slot": 2
    },
    "芯层模具右实际值": {
      "address": "VW336",
      "value": 139,
      "unit": "℃",
      "type": "Int",
      "is_readonly": true,
      "slot": 2
    },
    "外层模具上设定值": {
      "address": "VW1138",
      "value": 190,
      "unit": "℃",
      "type": "Int",
      "is_readonly": false,
      "slot": 2
    },
    "外层模具上实际值": {
      "address": "VW338",
      "value": 190,
      "unit": "℃",
      "type": "Int",
      "is_readonly": true,
      "slot": 2
    },
    "外层模具下设定值": {
      "address": "VW1140",
      "value": 180,
      "unit": "℃",
      "type": "Int",
      "is_readonly": false,
      "slot": 2
    },
    "外层模具下实际值": {
      "address": "VW340",
      "value": 180,
      "unit": "℃",
      "type": "Int",
      "is_readonly": true,
      "slot": 2
    },
    "外层模具左设定值": {
      "address": "VW1142",
      "value": 180,
      "unit": "℃",
      "type": "Int",
      "is_readonly": false,
      "slot": 2
    },
    "外层模具左实际值": {
      "address": "VW342",
      "value": 181,
      "unit": "",
      "type": "Int",
      "is_readonly": true,
      "slot": 2
    },
    "外层模具石设定值": {
      "address": "VW344",
      "value": 180,
      "unit": "℃",
      "type": "Int",
      "is_readonly": false,
      "slot": 2
    },
    "外层模具石实际值": {
      "address": "VW344",
      "value": 180,
      "unit": "℃",
      "type": "Int",
      "is_readonly": true,
      "slot": 2
    },
    "A组合流芯设定值": {
      "address": "VW146",
      "value": 200,
      "unit": "℃",
      "type": "Int",
      "is_readonly": false,
      "slot": 2
    },
    "A组合流芯实际值": {
      "address": "VW346",
      "value": 196,
      "unit": "℃",
      "type": "Int",
      "is_readonly": true,
      "slot": 2
    },
    "A组转接模设定值": {
      "address": "VW148",
      "value": 200,
      "unit": "℃",
      "type": "Int",
      "is_readonly": false,
      "slot": 2
    },
    "A组转接模实际值": {
      "address": "VW348",
      "value": 200,
      "unit": "℃",
      "type": "Int",
      "is_readonly": true,
      "slot": 2
    },
    "A组连接管设定值": {
      "address": "VW150",
      "value": 0,
      "unit": "℃",
      "type": "Int",
      "is_readonly": false,
      "slot": 2
    },
    "A组连接管实际值": {
      "address": "VW350",
      "value": 81,
      "unit": "℃",
      "type": "Int",
      "is_readonly": true,
      "slot": 2
    },
    "B组合流芯设定值": {
      "address": "VW152",
      "value": 155,
      "unit": "℃",
      "type": "Int",
      "is_readonly": false,
      "slot": 2
    },
    "B组合流芯实际值": {
      "address": "VW352",
      "value": 151,
      "unit": "℃",
      "type": "Int",
      "is_readonly": true,
      "slot": 2
    },
    "B组转接模设定值": {
      "address": "VW162",
      "value": 155,
      "unit": "℃",
      "type": "Int",
      "is_readonly": false,
      "slot": 2
    },
    "B组转接模实际值": {
      "address": "VW362",
      "value": 155,
      "unit": "℃",
      "type": "Int",
      "is_readonly": true,
      "slot": 2
    },
    "B组连接管设定值": {
      "address": "VW164",
      "value": 230,
      "unit": "℃",
      "type": "Int",
      "is_readonly": false,
      "slot": 2
    },
    "B组连接管实际值": {
      "address": "VW364",
      "value": 243,
      "unit": "℃",
      "type": "Int",
      "is_readonly": true,
      "slot": 2
    },
    "35A转速设定值": {
      "address": "VD508",
      "value": 0.0,
      "unit": "RPM",
      "type": "Real",
      "is_readonly": false,
      "slot": 2
    },
    "35A转速实际值": {
      "address": "VD532",
      "value": 0.0,
      "unit": "RPM",
      "type": "Real",
      "is_readonly": true,
      "slot": 2
    },
    "35A电流设定值": {
      "address": "VD2300",
      "value": 0.0,
      "unit": "%",
      "type": "Real",
      "is_readonly": false,
      "slot": 2
    },
    "35A电流实际值": {
      "address": "VD556",
      "value": 0.0,
      "unit": "A",
      "type": "Real",
      "is_readonly": true,
      "slot": 2
    },
    "35B转速设定值": {
      "address": "VD212",
      "value": 0.0,
      "unit": "RPM",
      "type": "Real",
      "is_readonly": false,
      "slot": 2
    },
    "35B转速实际值": {
      "address": "VD236",
      "value": 0.0,
      "unit": "RPM",
      "type": "Real",
      "is_readonly": true,
      "slot": 2
    },
    "35B电流设定值": {
      "address": "VD3308",
      "value": 0.0,
      "unit": "%",
      "type": "Real",
      "is_readonly": false,
      "slot": 2
    },
    "35B电流实际值": {
      "address": "VD264",
      "value": 0.0,
      "unit": "A",
      "type": "Real",
      "is_readonly": true,
      "slot": 2
    },
    "A组35机1区设定值": {
      "address": "VW116",
      "value": 145,
      "unit": "℃",
      "type": "Int",
      "is_readonly": false,
      "slot": 2
    },
    "A组35机1区实际值": {
      "address": "VW316",
      "value": 144,
      "unit": "℃",
      "type": "Int",
      "is_readonly": true,
      "slot": 2
    },
    "A组35机2区实际值": {
      "address": "VW318",
      "value": 198,
      "unit": "℃",
      "type": "Int",
      "is_readonly": true,
      "slot": 2
    },
    "A组35机3区设定值": {
      "address": "VW168",
      "value": 200,
      "unit": "℃",
      "type": "Int",
      "is_readonly": false,
      "slot": 2
    },
    "A组35机3区实际值": {
      "address": "VW368",
      "value": 195,
      "unit": "℃",
      "type": "Int",
      "is_readonly": true,
      "slot": 2
    },
    "B组35机1区设定值": {
      "address": "VW170",
      "value": 145,
      "unit": "℃",
      "type": "Int",
      "is_readonly": false,
      "slot": 2
    },
    "B组35机1区实际值": {
      "address": "VW370",
      "value": 143,
      "unit": "℃",
      "type": "Int",
      "is_readonly": true,
      "slot": 2
    },
    "B组35机2区设定值": {
      "address": "VW120",
      "value": 155,
      "unit": "℃",
      "type": "Int",
      "is_readonly": false,
      "slot": 2
    },
    "B组35机2区实际值": {
      "address": "VW322",
      "value": 153,
      "unit": "℃",
      "type": "Int",
      "is_readonly": true,
      "slot": 2
    },
    "B组35机3区设定值": {
      "address": "VW112",
      "value": 150,
      "unit": "℃",
      "type": "Int",
      "is_readonly": false,
      "slot": 2
    },
    "B组35机3区实际值": {
      "address": "VW312",
      "value": 148,
      "unit": "℃",
      "type": "Int",
      "is_readonly": true,
      "slot": 2
    },
    "A组备用1设定值": {
      "address": "VW160",
      "value": 0,
      "unit": "℃",
      "type": "Int",
      "is_readonly": false,
      "slot": 2
    },
    "A组备用1实际值": {
      "address": "VW360",
      "value": 3276,
      "unit": "℃",
      "type": "Int",
      "is_readonly": true,
      "slot": 2
    },
    "A组备用2设定值": {
      "address": "VW166",
      "value": 0,
      "unit": "℃",
      "type": "Int",
      "is_readonly": false,
      "slot": 2
    },
    "A组备用2实际值": {
      "address": "VW366",
      "value": 3276,
      "unit": "℃",
      "type": "Int",
      "is_readonly": true,
      "slot": 2
    },
    "B组备用1设定值": {
      "address": "VW156",
      "value": 0,
      "unit": "℃",
      "type": "Int",
      "is_readonly": false,
      "slot": 2
    },
    "B组备用1实际值": {
      "address": "VW356",
      "value": 3276,
      "unit": "℃",
      "type": "Int",
      "is_readonly": true,
      "slot": 2
    },
    "B组备用2设定值": {
      "address": "VW158",
      "value": 0,
      "unit": "℃",
      "type": "Int",
      "is_readonly": false,
      "slot": 2
    },
    "B组备用2实际值": {
      "address": "VW358",
      "value": 3276,
      "unit": "℃",
      "type": "Int",
      "is_readonly": true,
      "slot": 2
    },
    "25B调速故障": {
      "address": "V4550.7",
      "value": false,
      "unit": "",
      "type": "Bool",
      "is_readonly": true,
      "slot": 3
    },
    "25B料筒冷却风机故障": {
      "address": "V4550.4",
      "value": false,
      "unit": "",
      "type": "Bool",
      "is_readonly": false,
      "slot": 3
    },
    "25A调速故障": {
      "address": "V4551.4",
      "value": false,
      "unit": "",
      "type": "Bool",
      "is_readonly": true,
      "slot": 3
    },
    "25A料筒冷却风机故障": {
      "address": "V4550.6",
      "value": false,
      "unit": "",
      "type": "Bool",
      "is_readonly": true,
      "slot": 3
    },
    "25A过电流": {
      "address": "V4551.7",
      "value": false,
      "unit": "",
      "type": "Bool",
      "is_readonly": false,
      "slot": 3
    },
    "25B转速设定值": {
      "address": "VD212",
      "value": 0.0,
      "unit": "RPM",
      "type": "Real",
      "is_readonly": false,
      "slot": 3
    },
    "25B转速实际值": {
      "address": "VD532",
      "value": 0.0,
      "unit": "RPM",
      "type": "Real",
      "is_readonly": true,
      "slot": 3
    },
    "25B电流设定值": {
      "address": "VD2300",
      "value": 0.0,
      "unit": "%",
      "type": "Real",
      "is_readonly": false,
      "slot": 3
    },
    "25B电流实际值": {
      "address": "VD556",
      "value": 0.0,
      "unit": "A",
      "type": "Real",
      "is_readonly": true,
      "slot": 3
    },
    "25A转速设定值": {
      "address": "VD208",
      "value": 4.699997901916504,
      "unit": "RPM",
      "type": "Real",
      "is_readonly": false,
      "slot": 3
    },
    "25A转速实际值": {
      "address": "VD232",
      "value": 0.0,
      "unit": "RPM",
      "type": "Real",
      "is_readonly": true,
      "slot": 3
    },
    "25A电流设定值": {
      "address": "VD3300",
      "value": 0.0,
      "unit": "%",
      "type": "Real",
      "is_readonly": false,
      "slot": 3
    },
    "25A电流实际值": {
      "address": "VD256",
      "value": 0.0,
      "unit": "A",
      "type": "Real",
      "is_readonly": true,
      "slot": 3
    },
    "B组25机1区设定值": {
      "address": "VW102",
      "value": 145,
      "unit": "℃",
      "type": "Int",
      "is_readonly": false,
      "slot": 3
    },
    "B组25机1区实际值": {
      "address": "VW302",
      "value": 144,
      "unit": "℃",
      "type": "Int",
      "is_readonly": true,
      "slot": 3
    },
    "B组25机2区设定值": {
      "address": "VW104",
      "value": 235,
      "unit": "℃",
      "type": "Int",
      "is_readonly": false,
      "slot": 3
    },
    "B组25机2区实际值": {
      "address": "VW304",
      "value": 232,
      "unit": "℃",
      "type": "Int",
      "is_readonly": true,
      "slot": 3
    },
    "B组25机3区设定值": {
      "address": "VW106",
      "value": 235,
      "unit": "℃",
      "type": "Int",
      "is_readonly": false,
      "slot": 3
    },
    "B组25机3区实际值": {
      "address": "VW306",
      "value": 230,
      "unit": "℃",
      "type": "Int",
      "is_readonly": true,
      "slot": 3
    },
    "A组25机1区设定值": {
      "address": "VW108",
      "value": 145,
      "unit": "℃",
      "type": "Int",
      "is_readonly": false,
      "slot": 3
    },
    "A组25机1区实际值": {
      "address": "VW308",
      "value": 41,
      "unit": "℃",
      "type": "Int",
      "is_readonly": true,
      "slot": 3
    },
    "A组25机2区设定值": {
      "address": "VW116",
      "value": 170,
      "unit": "℃",
      "type": "Int",
      "is_readonly": false,
      "slot": 3
    },
    "A组25机2区实际值": {
      "address": "VW316",
      "value": 43,
      "unit": "℃",
      "type": "Int",
      "is_readonly": true,
      "slot": 3
    },
    "A组25机3区设定值": {
      "address": "VW118",
      "value": 170,
      "unit": "℃",
      "type": "Int",
      "is_readonly": false,
      "slot": 3
    },
    "A组25机3区实际值": {
      "address": "VW318",
      "value": 45,
      "unit": "℃",
      "type": "Int",
      "is_readonly": true,
      "slot": 3
    },
    "25B共挤备用1设定值": {
      "address": "VW130",
      "value": 0,
      "unit": "℃",
      "type": "Int",
      "is_readonly": false,
      "slot": 3
    },
    "25B共挤备用1实际值": {
      "address": "VW330",
      "value": 3276,
      "unit": "℃",
      "type": "Int",
      "is_readonly": true,
      "slot": 3
    },
    "25B共挤备用2设定值": {
      "address": "VW132",
      "value": 0,
      "unit": "℃",
      "type": "Int",
      "is_readonly": false,
      "slot": 3
    },
    "25B共挤备用2实际值": {
      "address": "VW332",
      "value": 3276,
      "unit": "℃",
      "type": "Int",
      "is_readonly": true,
      "slot": 3
    },
    "25A共挤备用1设定值": {
      "address": "VW134",
      "value": 0,
      "unit": "℃",
      "type": "Int",
      "is_readonly": false,
      "slot": 3
    },
    "25A共挤备用1实际值": {
      "address": "VW334",
      "value": 3276,
      "unit": "℃",
      "type": "Int",
      "is_readonly": true,
      "slot": 3
    },
    "25A共挤备用2设定值": {
      "address": "VW136",
      "value": 0,
      "unit": "℃",
      "type": "Int",
      "is_readonly": false,
      "slot": 3
    },
    "25A共挤备用2实际值": {
      "address": "VW336",
      "value": 3276,
      "unit": "℃",
      "type": "Int",
      "is_readonly": true,
      "slot": 3
    }
  }
}
------------------------------------------------------------
2026-05-09 16:05:29 | 写入PLC | 记录 | 用户ID:1
请求参数:
[
  {
    "name": "主机料温过低",
    "address": "V4551.2",
    "value": "False",
    "unit": "",
    "type": "Bool",
    "readonly": true
  },
  {
    "name": "主机料温过高",
    "address": "V4551.1",
    "value": "False",
    "unit": "",
    "type": "Bool",
    "readonly": true
  },
  {
    "name": "主机调速故障",
    "address": "V4551.4",
    "value": "False",
    "unit": "",
    "type": "Bool",
    "readonly": true
  },
  {
    "name": "主机过电流",
    "address": "V4551.7",
    "value": "False",
    "unit": "",
    "type": "Bool",
    "readonly": true
  },
  {
    "name": "主机料筒冷却风机故障",
    "address": "V4550.4",
    "value": "False",
    "unit": "",
    "type": "Bool",
    "readonly": true
  },
  {
    "name": "喂料调速器故障",
    "address": "V4553.0",
    "value": "False",
    "unit": "",
    "type": "Bool",
    "readonly": true
  },
  {
    "name": "喂料过电流",
    "address": "V4553.1",
    "value": "False",
    "unit": "",
    "type": "Bool",
    "readonly": true
  },
  {
    "name": "螺杆异位报警",
    "address": "V4551.3",
    "value": "False",
    "unit": "",
    "type": "Bool",
    "readonly": true
  },
  {
    "name": "主机急停未松开",
    "address": "V4551.0",
    "value": "False",
    "unit": "",
    "type": "Bool",
    "readonly": true
  },
  {
    "name": "35A调速故障",
    "address": "V4550.1",
    "value": "False",
    "unit": "",
    "type": "Bool",
    "readonly": true
  },
  {
    "name": "35A过电流",
    "address": "V4550.7",
    "value": "False",
    "unit": "",
    "type": "Bool",
    "readonly": true
  },
  {
    "name": "35A料筒冷却风机故障",
    "address": "V4550.6",
    "value": "False",
    "unit": "",
    "type": "Bool",
    "readonly": true
  },
  {
    "name": "35B调速故障",
    "address": "V4550.5",
    "value": "False",
    "unit": "",
    "type": "Bool",
    "readonly": true
  },
  {
    "name": "35B过电流",
    "address": "V4550.0",
    "value": "False",
    "unit": "",
    "type": "Bool",
    "readonly": true
  },
  {
    "name": "35B料筒冷却风机故障",
    "address": "V4553.2",
    "value": "False",
    "unit": "",
    "type": "Bool",
    "readonly": true
  },
  {
    "name": "主机转速设定值",
    "address": "VD208",
    "value": "3",
    "unit": "RPM",
    "type": "Real",
    "readonly": false
  },
  {
    "name": "主机转速实际值",
    "address": "VD232",
    "value": "0",
    "unit": "RPM",
    "type": "Real",
    "readonly": true
  },
  {
    "name": "主机电流负载占比",
    "address": "VD3300",
    "value": "0",
    "unit": "%",
    "type": "Real",
    "readonly": true
  },
  {
    "name": "主机电流值",
    "address": "VD256",
    "value": "0",
    "unit": "A",
    "type": "Real",
    "readonly": true
  },
  {
    "name": "喂料转速设定值",
    "address": "VD32",
    "value": "6.000001907348633",
    "unit": "RPM",
    "type": "Real",
    "readonly": false
  },
  {
    "name": "喂料转速实际值",
    "address": "VD244",
    "value": "0",
    "unit": "RPM",
    "type": "Real",
    "readonly": true
  },
  {
    "name": "喂料电流负载占比",
    "address": "VD3304",
    "value": "0",
    "unit": "%",
    "type": "Real",
    "readonly": true
  },
  {
    "name": "喂料电流值",
    "address": "VD260",
    "value": "0",
    "unit": "A",
    "type": "Real",
    "readonly": true
  },
  {
    "name": "65机筒1区设定值",
    "address": "VW102",
    "value": "180",
    "unit": "℃",
    "type": "Int",
    "readonly": false
  },
  {
    "name": "65机筒1区实际值",
    "address": "VW302",
    "value": "179",
    "unit": "℃",
    "type": "Int",
    "readonly": true
  },
  {
    "name": "65机筒2区设定值",
    "address": "VW104",
    "value": "185",
    "unit": "℃",
    "type": "Int",
    "readonly": false
  },
  {
    "name": "65机筒2区实际值",
    "address": "VW304",
    "value": "183",
    "unit": "℃",
    "type": "Int",
    "readonly": true
  },
  {
    "name": "65机筒3区设定值",
    "address": "VW106",
    "value": "140",
    "unit": "℃",
    "type": "Int",
    "readonly": false
  },
  {
    "name": "65机筒3区实际值",
    "address": "VW306",
    "value": "137",
    "unit": "℃",
    "type": "Int",
    "readonly": true
  },
  {
    "name": "65机筒4区设定值",
    "address": "VW108",
    "value": "135",
    "unit": "℃",
    "type": "Int",
    "readonly": false
  },
  {
    "name": "65机筒4区实际值",
    "address": "VW308",
    "value": "132",
    "unit": "℃",
    "type": "Int",
    "readonly": true
  },
  {
    "name": "65机合流芯设定值",
    "address": "VW154",
    "value": "140",
    "unit": "℃",
    "type": "Int",
    "readonly": false
  },
  {
    "name": "65机合流芯实际值",
    "address": "VW354",
    "value": "135",
    "unit": "℃",
    "type": "Int",
    "readonly": true
  },
  {
    "name": "芯层模具上设定值",
    "address": "VW1130",
    "value": "135",
    "unit": "℃",
    "type": "Int",
    "readonly": false
  },
  {
    "name": "芯层模具上实际值",
    "address": "VW330",
    "value": "142",
    "unit": "℃",
    "type": "Int",
    "readonly": true
  },
  {
    "name": "芯层模具下设定值",
    "address": "VW1132",
    "value": "135",
    "unit": "℃",
    "type": "Int",
    "readonly": false
  },
  {
    "name": "芯层模具下实际值",
    "address": "VW332",
    "value": "142",
    "unit": "℃",
    "type": "Int",
    "readonly": true
  },
  {
    "name": "芯层模具左设定值",
    "address": "VW1134",
    "value": "130",
    "unit": "℃",
    "type": "Int",
    "readonly": false
  },
  {
    "name": "芯层模具左实际值",
    "address": "VW334",
    "value": "136",
    "unit": "℃",
    "type": "Int",
    "readonly": true
  },
  {
    "name": "芯层模具右设定值",
    "address": "VW1136",
    "value": "140",
    "unit": "℃",
    "type": "Int",
    "readonly": false
  },
  {
    "name": "芯层模具右实际值",
    "address": "VW336",
    "value": "139",
    "unit": "℃",
    "type": "Int",
    "readonly": true
  },
  {
    "name": "外层模具上设定值",
    "address": "VW1138",
    "value": "190",
    "unit": "℃",
    "type": "Int",
    "readonly": false
  },
  {
    "name": "外层模具上实际值",
    "address": "VW338",
    "value": "190",
    "unit": "℃",
    "type": "Int",
    "readonly": true
  },
  {
    "name": "外层模具下设定值",
    "address": "VW1140",
    "value": "180",
    "unit": "℃",
    "type": "Int",
    "readonly": false
  },
  {
    "name": "外层模具下实际值",
    "address": "VW340",
    "value": "180",
    "unit": "℃",
    "type": "Int",
    "readonly": true
  },
  {
    "name": "外层模具左设定值",
    "address": "VW1142",
    "value": "180",
    "unit": "℃",
    "type": "Int",
    "readonly": false
  },
  {
    "name": "外层模具左实际值",
    "address": "VW342",
    "value": "181",
    "unit": "",
    "type": "Int",
    "readonly": true
  },
  {
    "name": "外层模具石设定值",
    "address": "VW344",
    "value": "180",
    "unit": "℃",
    "type": "Int",
    "readonly": false
  },
  {
    "name": "外层模具石实际值",
    "address": "VW344",
    "value": "180",
    "unit": "℃",
    "type": "Int",
    "readonly": true
  },
  {
    "name": "A组合流芯设定值",
    "address": "VW146",
    "value": "200",
    "unit": "℃",
    "type": "Int",
    "readonly": false
  },
  {
    "name": "A组合流芯实际值",
    "address": "VW346",
    "value": "196",
    "unit": "℃",
    "type": "Int",
    "readonly": true
  },
  {
    "name": "A组转接模设定值",
    "address": "VW148",
    "value": "200",
    "unit": "℃",
    "type": "Int",
    "readonly": false
  },
  {
    "name": "A组转接模实际值",
    "address": "VW348",
    "value": "200",
    "unit": "℃",
    "type": "Int",
    "readonly": true
  },
  {
    "name": "A组连接管设定值",
    "address": "VW150",
    "value": "0",
    "unit": "℃",
    "type": "Int",
    "readonly": false
  },
  {
    "name": "A组连接管实际值",
    "address": "VW350",
    "value": "81",
    "unit": "℃",
    "type": "Int",
    "readonly": true
  },
  {
    "name": "B组合流芯设定值",
    "address": "VW152",
    "value": "155",
    "unit": "℃",
    "type": "Int",
    "readonly": false
  },
  {
    "name": "B组合流芯实际值",
    "address": "VW352",
    "value": "151",
    "unit": "℃",
    "type": "Int",
    "readonly": true
  },
  {
    "name": "B组转接模设定值",
    "address": "VW162",
    "value": "155",
    "unit": "℃",
    "type": "Int",
    "readonly": false
  },
  {
    "name": "B组转接模实际值",
    "address": "VW362",
    "value": "155",
    "unit": "℃",
    "type": "Int",
    "readonly": true
  },
  {
    "name": "B组连接管设定值",
    "address": "VW164",
    "value": "230",
    "unit": "℃",
    "type": "Int",
    "readonly": false
  },
  {
    "name": "B组连接管实际值",
    "address": "VW364",
    "value": "243",
    "unit": "℃",
    "type": "Int",
    "readonly": true
  },
  {
    "name": "35A转速设定值",
    "address": "VD508",
    "value": "0",
    "unit": "RPM",
    "type": "Real",
    "readonly": false
  },
  {
    "name": "35A转速实际值",
    "address": "VD532",
    "value": "0",
    "unit": "RPM",
    "type": "Real",
    "readonly": true
  },
  {
    "name": "35A电流设定值",
    "address": "VD2300",
    "value": "0",
    "unit": "%",
    "type": "Real",
    "readonly": false
  },
  {
    "name": "35A电流实际值",
    "address": "VD556",
    "value": "0",
    "unit": "A",
    "type": "Real",
    "readonly": true
  },
  {
    "name": "35B转速设定值",
    "address": "VD212",
    "value": "0",
    "unit": "RPM",
    "type": "Real",
    "readonly": false
  },
  {
    "name": "35B转速实际值",
    "address": "VD236",
    "value": "0",
    "unit": "RPM",
    "type": "Real",
    "readonly": true
  },
  {
    "name": "35B电流设定值",
    "address": "VD3308",
    "value": "0",
    "unit": "%",
    "type": "Real",
    "readonly": false
  },
  {
    "name": "35B电流实际值",
    "address": "VD264",
    "value": "0",
    "unit": "A",
    "type": "Real",
    "readonly": true
  },
  {
    "name": "A组35机1区设定值",
    "address": "VW116",
    "value": "145",
    "unit": "℃",
    "type": "Int",
    "readonly": false
  },
  {
    "name": "A组35机1区实际值",
    "address": "VW316",
    "value": "144",
    "unit": "℃",
    "type": "Int",
    "readonly": true
  },
  {
    "name": "A组35机2区实际值",
    "address": "VW318",
    "value": "198",
    "unit": "℃",
    "type": "Int",
    "readonly": true
  },
  {
    "name": "A组35机3区设定值",
    "address": "VW168",
    "value": "200",
    "unit": "℃",
    "type": "Int",
    "readonly": false
  },
  {
    "name": "A组35机3区实际值",
    "address": "VW368",
    "value": "195",
    "unit": "℃",
    "type": "Int",
    "readonly": true
  },
  {
    "name": "B组35机1区设定值",
    "address": "VW170",
    "value": "145",
    "unit": "℃",
    "type": "Int",
    "readonly": false
  },
  {
    "name": "B组35机1区实际值",
    "address": "VW370",
    "value": "143",
    "unit": "℃",
    "type": "Int",
    "readonly": true
  },
  {
    "name": "B组35机2区设定值",
    "address": "VW120",
    "value": "155",
    "unit": "℃",
    "type": "Int",
    "readonly": false
  },
  {
    "name": "B组35机2区实际值",
    "address": "VW322",
    "value": "153",
    "unit": "℃",
    "type": "Int",
    "readonly": true
  },
  {
    "name": "B组35机3区设定值",
    "address": "VW112",
    "value": "150",
    "unit": "℃",
    "type": "Int",
    "readonly": false
  },
  {
    "name": "B组35机3区实际值",
    "address": "VW312",
    "value": "148",
    "unit": "℃",
    "type": "Int",
    "readonly": true
  },
  {
    "name": "A组备用1设定值",
    "address": "VW160",
    "value": "0",
    "unit": "℃",
    "type": "Int",
    "readonly": false
  },
  {
    "name": "A组备用1实际值",
    "address": "VW360",
    "value": "3276",
    "unit": "℃",
    "type": "Int",
    "readonly": true
  },
  {
    "name": "A组备用2设定值",
    "address": "VW166",
    "value": "0",
    "unit": "℃",
    "type": "Int",
    "readonly": false
  },
  {
    "name": "A组备用2实际值",
    "address": "VW366",
    "value": "3276",
    "unit": "℃",
    "type": "Int",
    "readonly": true
  },
  {
    "name": "B组备用1设定值",
    "address": "VW156",
    "value": "0",
    "unit": "℃",
    "type": "Int",
    "readonly": false
  },
  {
    "name": "B组备用1实际值",
    "address": "VW356",
    "value": "3276",
    "unit": "℃",
    "type": "Int",
    "readonly": true
  },
  {
    "name": "B组备用2设定值",
    "address": "VW158",
    "value": "0",
    "unit": "℃",
    "type": "Int",
    "readonly": false
  },
  {
    "name": "B组备用2实际值",
    "address": "VW358",
    "value": "3276",
    "unit": "℃",
    "type": "Int",
    "readonly": true
  },
  {
    "name": "25B调速故障",
    "address": "V4550.7",
    "value": "False",
    "unit": "",
    "type": "Bool",
    "readonly": true
  },
  {
    "name": "25B料筒冷却风机故障",
    "address": "V4550.4",
    "value": "False",
    "unit": "",
    "type": "Bool",
    "readonly": false
  },
  {
    "name": "25A调速故障",
    "address": "V4551.4",
    "value": "False",
    "unit": "",
    "type": "Bool",
    "readonly": true
  },
  {
    "name": "25A料筒冷却风机故障",
    "address": "V4550.6",
    "value": "False",
    "unit": "",
    "type": "Bool",
    "readonly": true
  },
  {
    "name": "25A过电流",
    "address": "V4551.7",
    "value": "False",
    "unit": "",
    "type": "Bool",
    "readonly": false
  },
  {
    "name": "25B转速设定值",
    "address": "VD212",
    "value": "0",
    "unit": "RPM",
    "type": "Real",
    "readonly": false
  },
  {
    "name": "25B转速实际值",
    "address": "VD532",
    "value": "0",
    "unit": "RPM",
    "type": "Real",
    "readonly": true
  },
  {
    "name": "25B电流设定值",
    "address": "VD2300",
    "value": "0",
    "unit": "%",
    "type": "Real",
    "readonly": false
  },
  {
    "name": "25B电流实际值",
    "address": "VD556",
    "value": "0",
    "unit": "A",
    "type": "Real",
    "readonly": true
  },
  {
    "name": "25A转速设定值",
    "address": "VD208",
    "value": "4.699997901916504",
    "unit": "RPM",
    "type": "Real",
    "readonly": false
  },
  {
    "name": "25A转速实际值",
    "address": "VD232",
    "value": "0",
    "unit": "RPM",
    "type": "Real",
    "readonly": true
  },
  {
    "name": "25A电流设定值",
    "address": "VD3300",
    "value": "0",
    "unit": "%",
    "type": "Real",
    "readonly": false
  },
  {
    "name": "25A电流实际值",
    "address": "VD256",
    "value": "0",
    "unit": "A",
    "type": "Real",
    "readonly": true
  },
  {
    "name": "B组25机1区设定值",
    "address": "VW102",
    "value": "145",
    "unit": "℃",
    "type": "Int",
    "readonly": false
  },
  {
    "name": "B组25机1区实际值",
    "address": "VW302",
    "value": "144",
    "unit": "℃",
    "type": "Int",
    "readonly": true
  },
  {
    "name": "B组25机2区设定值",
    "address": "VW104",
    "value": "235",
    "unit": "℃",
    "type": "Int",
    "readonly": false
  },
  {
    "name": "B组25机2区实际值",
    "address": "VW304",
    "value": "232",
    "unit": "℃",
    "type": "Int",
    "readonly": true
  },
  {
    "name": "B组25机3区设定值",
    "address": "VW106",
    "value": "235",
    "unit": "℃",
    "type": "Int",
    "readonly": false
  },
  {
    "name": "B组25机3区实际值",
    "address": "VW306",
    "value": "230",
    "unit": "℃",
    "type": "Int",
    "readonly": true
  },
  {
    "name": "A组25机1区设定值",
    "address": "VW108",
    "value": "145",
    "unit": "℃",
    "type": "Int",
    "readonly": false
  },
  {
    "name": "A组25机1区实际值",
    "address": "VW308",
    "value": "41",
    "unit": "℃",
    "type": "Int",
    "readonly": true
  },
  {
    "name": "A组25机2区设定值",
    "address": "VW116",
    "value": "170",
    "unit": "℃",
    "type": "Int",
    "readonly": false
  },
  {
    "name": "A组25机2区实际值",
    "address": "VW316",
    "value": "43",
    "unit": "℃",
    "type": "Int",
    "readonly": true
  },
  {
    "name": "A组25机3区设定值",
    "address": "VW118",
    "value": "170",
    "unit": "℃",
    "type": "Int",
    "readonly": false
  },
  {
    "name": "A组25机3区实际值",
    "address": "VW318",
    "value": "45",
    "unit": "℃",
    "type": "Int",
    "readonly": true
  },
  {
    "name": "25B共挤备用1设定值",
    "address": "VW130",
    "value": "0",
    "unit": "℃",
    "type": "Int",
    "readonly": false
  },
  {
    "name": "25B共挤备用1实际值",
    "address": "VW330",
    "value": "3276",
    "unit": "℃",
    "type": "Int",
    "readonly": true
  },
  {
    "name": "25B共挤备用2设定值",
    "address": "VW132",
    "value": "0",
    "unit": "℃",
    "type": "Int",
    "readonly": false
  },
  {
    "name": "25B共挤备用2实际值",
    "address": "VW332",
    "value": "3276",
    "unit": "℃",
    "type": "Int",
    "readonly": true
  },
  {
    "name": "25A共挤备用1设定值",
    "address": "VW134",
    "value": "0",
    "unit": "℃",
    "type": "Int",
    "readonly": false
  },
  {
    "name": "25A共挤备用1实际值",
    "address": "VW334",
    "value": "3276",
    "unit": "℃",
    "type": "Int",
    "readonly": true
  },
  {
    "name": "25A共挤备用2设定值",
    "address": "VW136",
    "value": "0",
    "unit": "℃",
    "type": "Int",
    "readonly": false
  },
  {
    "name": "25A共挤备用2实际值",
    "address": "VW336",
    "value": "3276",
    "unit": "℃",
    "type": "Int",
    "readonly": true
  }
]
详情: 记录ID: 32, 机台ID: 1
返回结果:
{
  "success": true,
  "results": {
    "主机料温过低": "只读参数，跳过写入",
    "主机料温过高": "只读参数，跳过写入",
    "主机调速故障": "只读参数，跳过写入",
    "主机过电流": "只读参数，跳过写入",
    "主机料筒冷却风机故障": "只读参数，跳过写入",
    "喂料调速器故障": "只读参数，跳过写入",
    "喂料过电流": "只读参数，跳过写入",
    "螺杆异位报警": "只读参数，跳过写入",
    "主机急停未松开": "只读参数，跳过写入",
    "35A调速故障": "只读参数，跳过写入",
    "35A过电流": "只读参数，跳过写入",
    "35A料筒冷却风机故障": "只读参数，跳过写入",
    "35B调速故障": "只读参数，跳过写入",
    "35B过电流": "只读参数，跳过写入",
    "35B料筒冷却风机故障": "只读参数，跳过写入",
    "主机转速设定值": true,
    "主机转速实际值": "只读参数，跳过写入",
    "主机电流负载占比": "只读参数，跳过写入",
    "主机电流值": "只读参数，跳过写入",
    "喂料转速设定值": true,
    "喂料转速实际值": "只读参数，跳过写入",
    "喂料电流负载占比": "只读参数，跳过写入",
    "喂料电流值": "只读参数，跳过写入",
    "65机筒1区设定值": true,
    "65机筒1区实际值": "只读参数，跳过写入",
    "65机筒2区设定值": true,
    "65机筒2区实际值": "只读参数，跳过写入",
    "65机筒3区设定值": true,
    "65机筒3区实际值": "只读参数，跳过写入",
    "65机筒4区设定值": true,
    "65机筒4区实际值": "只读参数，跳过写入",
    "65机合流芯设定值": true,
    "65机合流芯实际值": "只读参数，跳过写入",
    "芯层模具上设定值": true,
    "芯层模具上实际值": "只读参数，跳过写入",
    "芯层模具下设定值": true,
    "芯层模具下实际值": "只读参数，跳过写入",
    "芯层模具左设定值": true,
    "芯层模具左实际值": "只读参数，跳过写入",
    "芯层模具右设定值": true,
    "芯层模具右实际值": "只读参数，跳过写入",
    "外层模具上设定值": true,
    "外层模具上实际值": "只读参数，跳过写入",
    "外层模具下设定值": true,
    "外层模具下实际值": "只读参数，跳过写入",
    "外层模具左设定值": true,
    "外层模具左实际值": "只读参数，跳过写入",
    "外层模具石设定值": true,
    "外层模具石实际值": "只读参数，跳过写入",
    "A组合流芯设定值": true,
    "A组合流芯实际值": "只读参数，跳过写入",
    "A组转接模设定值": true,
    "A组转接模实际值": "只读参数，跳过写入",
    "A组连接管设定值": true,
    "A组连接管实际值": "只读参数，跳过写入",
    "B组合流芯设定值": true,
    "B组合流芯实际值": "只读参数，跳过写入",
    "B组转接模设定值": true,
    "B组转接模实际值": "只读参数，跳过写入",
    "B组连接管设定值": true,
    "B组连接管实际值": "只读参数，跳过写入",
    "35A转速设定值": true,
    "35A转速实际值": "只读参数，跳过写入",
    "35A电流设定值": true,
    "35A电流实际值": "只读参数，跳过写入",
    "35B转速设定值": true,
    "35B转速实际值": "只读参数，跳过写入",
    "35B电流设定值": true,
    "35B电流实际值": "只读参数，跳过写入",
    "A组35机1区设定值": true,
    "A组35机1区实际值": "只读参数，跳过写入",
    "A组35机2区实际值": "只读参数，跳过写入",
    "A组35机3区设定值": true,
    "A组35机3区实际值": "只读参数，跳过写入",
    "B组35机1区设定值": true,
    "B组35机1区实际值": "只读参数，跳过写入",
    "B组35机2区设定值": true,
    "B组35机2区实际值": "只读参数，跳过写入",
    "B组35机3区设定值": true,
    "B组35机3区实际值": "只读参数，跳过写入",
    "A组备用1设定值": true,
    "A组备用1实际值": "只读参数，跳过写入",
    "A组备用2设定值": true,
    "A组备用2实际值": "只读参数，跳过写入",
    "B组备用1设定值": true,
    "B组备用1实际值": "只读参数，跳过写入",
    "B组备用2设定值": true,
    "B组备用2实际值": "只读参数，跳过写入",
    "25B调速故障": "只读参数，跳过写入",
    "25B料筒冷却风机故障": true,
    "25A调速故障": "只读参数，跳过写入",
    "25A料筒冷却风机故障": "只读参数，跳过写入",
    "25A过电流": true,
    "25B转速设定值": true,
    "25B转速实际值": "只读参数，跳过写入",
    "25B电流设定值": true,
    "25B电流实际值": "只读参数，跳过写入",
    "25A转速设定值": true,
    "25A转速实际值": "只读参数，跳过写入",
    "25A电流设定值": true,
    "25A电流实际值": "只读参数，跳过写入",
    "B组25机1区设定值": true,
    "B组25机1区实际值": "只读参数，跳过写入",
    "B组25机2区设定值": true,
    "B组25机2区实际值": "只读参数，跳过写入",
    "B组25机3区设定值": true,
    "B组25机3区实际值": "只读参数，跳过写入",
    "A组25机1区设定值": true,
    "A组25机1区实际值": "只读参数，跳过写入",
    "A组25机2区设定值": true,
    "A组25机2区实际值": "只读参数，跳过写入",
    "A组25机3区设定值": true,
    "A组25机3区实际值": "只读参数，跳过写入",
    "25B共挤备用1设定值": true,
    "25B共挤备用1实际值": "只读参数，跳过写入",
    "25B共挤备用2设定值": true,
    "25B共挤备用2实际值": "只读参数，跳过写入",
    "25A共挤备用1设定值": true,
    "25A共挤备用1实际值": "只读参数，跳过写入",
    "25A共挤备用2设定值": true,
    "25A共挤备用2实际值": "只读参数，跳过写入"
  }
}
------------------------------------------------------------
2026-05-09 16:06:08 | 写入PLC | 记录 | 用户ID:1
请求参数:
[
  {
    "name": "主机料温过低",
    "address": "V4551.2",
    "value": "False",
    "unit": "",
    "type": "Bool",
    "readonly": true
  },
  {
    "name": "主机料温过高",
    "address": "V4551.1",
    "value": "False",
    "unit": "",
    "type": "Bool",
    "readonly": true
  },
  {
    "name": "主机调速故障",
    "address": "V4551.4",
    "value": "False",
    "unit": "",
    "type": "Bool",
    "readonly": true
  },
  {
    "name": "主机过电流",
    "address": "V4551.7",
    "value": "False",
    "unit": "",
    "type": "Bool",
    "readonly": true
  },
  {
    "name": "主机料筒冷却风机故障",
    "address": "V4550.4",
    "value": "False",
    "unit": "",
    "type": "Bool",
    "readonly": true
  },
  {
    "name": "喂料调速器故障",
    "address": "V4553.0",
    "value": "False",
    "unit": "",
    "type": "Bool",
    "readonly": true
  },
  {
    "name": "喂料过电流",
    "address": "V4553.1",
    "value": "False",
    "unit": "",
    "type": "Bool",
    "readonly": true
  },
  {
    "name": "螺杆异位报警",
    "address": "V4551.3",
    "value": "False",
    "unit": "",
    "type": "Bool",
    "readonly": true
  },
  {
    "name": "主机急停未松开",
    "address": "V4551.0",
    "value": "False",
    "unit": "",
    "type": "Bool",
    "readonly": true
  },
  {
    "name": "35A调速故障",
    "address": "V4550.1",
    "value": "False",
    "unit": "",
    "type": "Bool",
    "readonly": true
  },
  {
    "name": "35A过电流",
    "address": "V4550.7",
    "value": "False",
    "unit": "",
    "type": "Bool",
    "readonly": true
  },
  {
    "name": "35A料筒冷却风机故障",
    "address": "V4550.6",
    "value": "False",
    "unit": "",
    "type": "Bool",
    "readonly": true
  },
  {
    "name": "35B调速故障",
    "address": "V4550.5",
    "value": "False",
    "unit": "",
    "type": "Bool",
    "readonly": true
  },
  {
    "name": "35B过电流",
    "address": "V4550.0",
    "value": "False",
    "unit": "",
    "type": "Bool",
    "readonly": true
  },
  {
    "name": "35B料筒冷却风机故障",
    "address": "V4553.2",
    "value": "False",
    "unit": "",
    "type": "Bool",
    "readonly": true
  },
  {
    "name": "主机转速设定值",
    "address": "VD208",
    "value": "3",
    "unit": "RPM",
    "type": "Real",
    "readonly": false
  },
  {
    "name": "主机转速实际值",
    "address": "VD232",
    "value": "0",
    "unit": "RPM",
    "type": "Real",
    "readonly": true
  },
  {
    "name": "主机电流负载占比",
    "address": "VD3300",
    "value": "0",
    "unit": "%",
    "type": "Real",
    "readonly": true
  },
  {
    "name": "主机电流值",
    "address": "VD256",
    "value": "0",
    "unit": "A",
    "type": "Real",
    "readonly": true
  },
  {
    "name": "喂料转速设定值",
    "address": "VD32",
    "value": "6.000001907348633",
    "unit": "RPM",
    "type": "Real",
    "readonly": false
  },
  {
    "name": "喂料转速实际值",
    "address": "VD244",
    "value": "0",
    "unit": "RPM",
    "type": "Real",
    "readonly": true
  },
  {
    "name": "喂料电流负载占比",
    "address": "VD3304",
    "value": "0",
    "unit": "%",
    "type": "Real",
    "readonly": true
  },
  {
    "name": "喂料电流值",
    "address": "VD260",
    "value": "0",
    "unit": "A",
    "type": "Real",
    "readonly": true
  },
  {
    "name": "65机筒1区设定值",
    "address": "VW102",
    "value": "180",
    "unit": "℃",
    "type": "Int",
    "readonly": false
  },
  {
    "name": "65机筒1区实际值",
    "address": "VW302",
    "value": "179",
    "unit": "℃",
    "type": "Int",
    "readonly": true
  },
  {
    "name": "65机筒2区设定值",
    "address": "VW104",
    "value": "185",
    "unit": "℃",
    "type": "Int",
    "readonly": false
  },
  {
    "name": "65机筒2区实际值",
    "address": "VW304",
    "value": "183",
    "unit": "℃",
    "type": "Int",
    "readonly": true
  },
  {
    "name": "65机筒3区设定值",
    "address": "VW106",
    "value": "140",
    "unit": "℃",
    "type": "Int",
    "readonly": false
  },
  {
    "name": "65机筒3区实际值",
    "address": "VW306",
    "value": "137",
    "unit": "℃",
    "type": "Int",
    "readonly": true
  },
  {
    "name": "65机筒4区设定值",
    "address": "VW108",
    "value": "135",
    "unit": "℃",
    "type": "Int",
    "readonly": false
  },
  {
    "name": "65机筒4区实际值",
    "address": "VW308",
    "value": "132",
    "unit": "℃",
    "type": "Int",
    "readonly": true
  },
  {
    "name": "65机合流芯设定值",
    "address": "VW154",
    "value": "140",
    "unit": "℃",
    "type": "Int",
    "readonly": false
  },
  {
    "name": "65机合流芯实际值",
    "address": "VW354",
    "value": "135",
    "unit": "℃",
    "type": "Int",
    "readonly": true
  },
  {
    "name": "芯层模具上设定值",
    "address": "VW1130",
    "value": "135",
    "unit": "℃",
    "type": "Int",
    "readonly": false
  },
  {
    "name": "芯层模具上实际值",
    "address": "VW330",
    "value": "142",
    "unit": "℃",
    "type": "Int",
    "readonly": true
  },
  {
    "name": "芯层模具下设定值",
    "address": "VW1132",
    "value": "135",
    "unit": "℃",
    "type": "Int",
    "readonly": false
  },
  {
    "name": "芯层模具下实际值",
    "address": "VW332",
    "value": "142",
    "unit": "℃",
    "type": "Int",
    "readonly": true
  },
  {
    "name": "芯层模具左设定值",
    "address": "VW1134",
    "value": "130",
    "unit": "℃",
    "type": "Int",
    "readonly": false
  },
  {
    "name": "芯层模具左实际值",
    "address": "VW334",
    "value": "136",
    "unit": "℃",
    "type": "Int",
    "readonly": true
  },
  {
    "name": "芯层模具右设定值",
    "address": "VW1136",
    "value": "140",
    "unit": "℃",
    "type": "Int",
    "readonly": false
  },
  {
    "name": "芯层模具右实际值",
    "address": "VW336",
    "value": "139",
    "unit": "℃",
    "type": "Int",
    "readonly": true
  },
  {
    "name": "外层模具上设定值",
    "address": "VW1138",
    "value": "190",
    "unit": "℃",
    "type": "Int",
    "readonly": false
  },
  {
    "name": "外层模具上实际值",
    "address": "VW338",
    "value": "190",
    "unit": "℃",
    "type": "Int",
    "readonly": true
  },
  {
    "name": "外层模具下设定值",
    "address": "VW1140",
    "value": "180",
    "unit": "℃",
    "type": "Int",
    "readonly": false
  },
  {
    "name": "外层模具下实际值",
    "address": "VW340",
    "value": "180",
    "unit": "℃",
    "type": "Int",
    "readonly": true
  },
  {
    "name": "外层模具左设定值",
    "address": "VW1142",
    "value": "180",
    "unit": "℃",
    "type": "Int",
    "readonly": false
  },
  {
    "name": "外层模具左实际值",
    "address": "VW342",
    "value": "181",
    "unit": "",
    "type": "Int",
    "readonly": true
  },
  {
    "name": "外层模具石设定值",
    "address": "VW344",
    "value": "180",
    "unit": "℃",
    "type": "Int",
    "readonly": false
  },
  {
    "name": "外层模具石实际值",
    "address": "VW344",
    "value": "180",
    "unit": "℃",
    "type": "Int",
    "readonly": true
  },
  {
    "name": "A组合流芯设定值",
    "address": "VW146",
    "value": "200",
    "unit": "℃",
    "type": "Int",
    "readonly": false
  },
  {
    "name": "A组合流芯实际值",
    "address": "VW346",
    "value": "196",
    "unit": "℃",
    "type": "Int",
    "readonly": true
  },
  {
    "name": "A组转接模设定值",
    "address": "VW148",
    "value": "200",
    "unit": "℃",
    "type": "Int",
    "readonly": false
  },
  {
    "name": "A组转接模实际值",
    "address": "VW348",
    "value": "200",
    "unit": "℃",
    "type": "Int",
    "readonly": true
  },
  {
    "name": "A组连接管设定值",
    "address": "VW150",
    "value": "0",
    "unit": "℃",
    "type": "Int",
    "readonly": false
  },
  {
    "name": "A组连接管实际值",
    "address": "VW350",
    "value": "81",
    "unit": "℃",
    "type": "Int",
    "readonly": true
  },
  {
    "name": "B组合流芯设定值",
    "address": "VW152",
    "value": "155",
    "unit": "℃",
    "type": "Int",
    "readonly": false
  },
  {
    "name": "B组合流芯实际值",
    "address": "VW352",
    "value": "151",
    "unit": "℃",
    "type": "Int",
    "readonly": true
  },
  {
    "name": "B组转接模设定值",
    "address": "VW162",
    "value": "155",
    "unit": "℃",
    "type": "Int",
    "readonly": false
  },
  {
    "name": "B组转接模实际值",
    "address": "VW362",
    "value": "155",
    "unit": "℃",
    "type": "Int",
    "readonly": true
  },
  {
    "name": "B组连接管设定值",
    "address": "VW164",
    "value": "230",
    "unit": "℃",
    "type": "Int",
    "readonly": false
  },
  {
    "name": "B组连接管实际值",
    "address": "VW364",
    "value": "243",
    "unit": "℃",
    "type": "Int",
    "readonly": true
  },
  {
    "name": "35A转速设定值",
    "address": "VD508",
    "value": "0",
    "unit": "RPM",
    "type": "Real",
    "readonly": false
  },
  {
    "name": "35A转速实际值",
    "address": "VD532",
    "value": "0",
    "unit": "RPM",
    "type": "Real",
    "readonly": true
  },
  {
    "name": "35A电流设定值",
    "address": "VD2300",
    "value": "0",
    "unit": "%",
    "type": "Real",
    "readonly": false
  },
  {
    "name": "35A电流实际值",
    "address": "VD556",
    "value": "0",
    "unit": "A",
    "type": "Real",
    "readonly": true
  },
  {
    "name": "35B转速设定值",
    "address": "VD212",
    "value": "0",
    "unit": "RPM",
    "type": "Real",
    "readonly": false
  },
  {
    "name": "35B转速实际值",
    "address": "VD236",
    "value": "0",
    "unit": "RPM",
    "type": "Real",
    "readonly": true
  },
  {
    "name": "35B电流设定值",
    "address": "VD3308",
    "value": "0",
    "unit": "%",
    "type": "Real",
    "readonly": false
  },
  {
    "name": "35B电流实际值",
    "address": "VD264",
    "value": "0",
    "unit": "A",
    "type": "Real",
    "readonly": true
  },
  {
    "name": "A组35机1区设定值",
    "address": "VW116",
    "value": "145",
    "unit": "℃",
    "type": "Int",
    "readonly": false
  },
  {
    "name": "A组35机1区实际值",
    "address": "VW316",
    "value": "144",
    "unit": "℃",
    "type": "Int",
    "readonly": true
  },
  {
    "name": "A组35机2区实际值",
    "address": "VW318",
    "value": "198",
    "unit": "℃",
    "type": "Int",
    "readonly": true
  },
  {
    "name": "A组35机3区设定值",
    "address": "VW168",
    "value": "200",
    "unit": "℃",
    "type": "Int",
    "readonly": false
  },
  {
    "name": "A组35机3区实际值",
    "address": "VW368",
    "value": "195",
    "unit": "℃",
    "type": "Int",
    "readonly": true
  },
  {
    "name": "B组35机1区设定值",
    "address": "VW170",
    "value": "145",
    "unit": "℃",
    "type": "Int",
    "readonly": false
  },
  {
    "name": "B组35机1区实际值",
    "address": "VW370",
    "value": "143",
    "unit": "℃",
    "type": "Int",
    "readonly": true
  },
  {
    "name": "B组35机2区设定值",
    "address": "VW120",
    "value": "155",
    "unit": "℃",
    "type": "Int",
    "readonly": false
  },
  {
    "name": "B组35机2区实际值",
    "address": "VW322",
    "value": "153",
    "unit": "℃",
    "type": "Int",
    "readonly": true
  },
  {
    "name": "B组35机3区设定值",
    "address": "VW112",
    "value": "150",
    "unit": "℃",
    "type": "Int",
    "readonly": false
  },
  {
    "name": "B组35机3区实际值",
    "address": "VW312",
    "value": "148",
    "unit": "℃",
    "type": "Int",
    "readonly": true
  },
  {
    "name": "A组备用1设定值",
    "address": "VW160",
    "value": "0",
    "unit": "℃",
    "type": "Int",
    "readonly": false
  },
  {
    "name": "A组备用1实际值",
    "address": "VW360",
    "value": "3276",
    "unit": "℃",
    "type": "Int",
    "readonly": true
  },
  {
    "name": "A组备用2设定值",
    "address": "VW166",
    "value": "0",
    "unit": "℃",
    "type": "Int",
    "readonly": false
  },
  {
    "name": "A组备用2实际值",
    "address": "VW366",
    "value": "3276",
    "unit": "℃",
    "type": "Int",
    "readonly": true
  },
  {
    "name": "B组备用1设定值",
    "address": "VW156",
    "value": "0",
    "unit": "℃",
    "type": "Int",
    "readonly": false
  },
  {
    "name": "B组备用1实际值",
    "address": "VW356",
    "value": "3276",
    "unit": "℃",
    "type": "Int",
    "readonly": true
  },
  {
    "name": "B组备用2设定值",
    "address": "VW158",
    "value": "0",
    "unit": "℃",
    "type": "Int",
    "readonly": false
  },
  {
    "name": "B组备用2实际值",
    "address": "VW358",
    "value": "3276",
    "unit": "℃",
    "type": "Int",
    "readonly": true
  },
  {
    "name": "25B调速故障",
    "address": "V4550.7",
    "value": "False",
    "unit": "",
    "type": "Bool",
    "readonly": true
  },
  {
    "name": "25B料筒冷却风机故障",
    "address": "V4550.4",
    "value": "False",
    "unit": "",
    "type": "Bool",
    "readonly": false
  },
  {
    "name": "25A调速故障",
    "address": "V4551.4",
    "value": "False",
    "unit": "",
    "type": "Bool",
    "readonly": true
  },
  {
    "name": "25A料筒冷却风机故障",
    "address": "V4550.6",
    "value": "False",
    "unit": "",
    "type": "Bool",
    "readonly": true
  },
  {
    "name": "25A过电流",
    "address": "V4551.7",
    "value": "False",
    "unit": "",
    "type": "Bool",
    "readonly": false
  },
  {
    "name": "25B转速设定值",
    "address": "VD212",
    "value": "0",
    "unit": "RPM",
    "type": "Real",
    "readonly": false
  },
  {
    "name": "25B转速实际值",
    "address": "VD532",
    "value": "0",
    "unit": "RPM",
    "type": "Real",
    "readonly": true
  },
  {
    "name": "25B电流设定值",
    "address": "VD2300",
    "value": "0",
    "unit": "%",
    "type": "Real",
    "readonly": false
  },
  {
    "name": "25B电流实际值",
    "address": "VD556",
    "value": "0",
    "unit": "A",
    "type": "Real",
    "readonly": true
  },
  {
    "name": "25A转速设定值",
    "address": "VD208",
    "value": "4.699997901916504",
    "unit": "RPM",
    "type": "Real",
    "readonly": false
  },
  {
    "name": "25A转速实际值",
    "address": "VD232",
    "value": "0",
    "unit": "RPM",
    "type": "Real",
    "readonly": true
  },
  {
    "name": "25A电流设定值",
    "address": "VD3300",
    "value": "0",
    "unit": "%",
    "type": "Real",
    "readonly": false
  },
  {
    "name": "25A电流实际值",
    "address": "VD256",
    "value": "0",
    "unit": "A",
    "type": "Real",
    "readonly": true
  },
  {
    "name": "B组25机1区设定值",
    "address": "VW102",
    "value": "145",
    "unit": "℃",
    "type": "Int",
    "readonly": false
  },
  {
    "name": "B组25机1区实际值",
    "address": "VW302",
    "value": "144",
    "unit": "℃",
    "type": "Int",
    "readonly": true
  },
  {
    "name": "B组25机2区设定值",
    "address": "VW104",
    "value": "235",
    "unit": "℃",
    "type": "Int",
    "readonly": false
  },
  {
    "name": "B组25机2区实际值",
    "address": "VW304",
    "value": "232",
    "unit": "℃",
    "type": "Int",
    "readonly": true
  },
  {
    "name": "B组25机3区设定值",
    "address": "VW106",
    "value": "235",
    "unit": "℃",
    "type": "Int",
    "readonly": false
  },
  {
    "name": "B组25机3区实际值",
    "address": "VW306",
    "value": "230",
    "unit": "℃",
    "type": "Int",
    "readonly": true
  },
  {
    "name": "A组25机1区设定值",
    "address": "VW108",
    "value": "145",
    "unit": "℃",
    "type": "Int",
    "readonly": false
  },
  {
    "name": "A组25机1区实际值",
    "address": "VW308",
    "value": "41",
    "unit": "℃",
    "type": "Int",
    "readonly": true
  },
  {
    "name": "A组25机2区设定值",
    "address": "VW116",
    "value": "170",
    "unit": "℃",
    "type": "Int",
    "readonly": false
  },
  {
    "name": "A组25机2区实际值",
    "address": "VW316",
    "value": "43",
    "unit": "℃",
    "type": "Int",
    "readonly": true
  },
  {
    "name": "A组25机3区设定值",
    "address": "VW118",
    "value": "170",
    "unit": "℃",
    "type": "Int",
    "readonly": false
  },
  {
    "name": "A组25机3区实际值",
    "address": "VW318",
    "value": "45",
    "unit": "℃",
    "type": "Int",
    "readonly": true
  },
  {
    "name": "25B共挤备用1设定值",
    "address": "VW130",
    "value": "0",
    "unit": "℃",
    "type": "Int",
    "readonly": false
  },
  {
    "name": "25B共挤备用1实际值",
    "address": "VW330",
    "value": "3276",
    "unit": "℃",
    "type": "Int",
    "readonly": true
  },
  {
    "name": "25B共挤备用2设定值",
    "address": "VW132",
    "value": "0",
    "unit": "℃",
    "type": "Int",
    "readonly": false
  },
  {
    "name": "25B共挤备用2实际值",
    "address": "VW332",
    "value": "3276",
    "unit": "℃",
    "type": "Int",
    "readonly": true
  },
  {
    "name": "25A共挤备用1设定值",
    "address": "VW134",
    "value": "0",
    "unit": "℃",
    "type": "Int",
    "readonly": false
  },
  {
    "name": "25A共挤备用1实际值",
    "address": "VW334",
    "value": "3276",
    "unit": "℃",
    "type": "Int",
    "readonly": true
  },
  {
    "name": "25A共挤备用2设定值",
    "address": "VW136",
    "value": "0",
    "unit": "℃",
    "type": "Int",
    "readonly": false
  },
  {
    "name": "25A共挤备用2实际值",
    "address": "VW336",
    "value": "3276",
    "unit": "℃",
    "type": "Int",
    "readonly": true
  }
]
详情: 记录ID: 32, 机台ID: 1
返回结果:
{
  "success": true,
  "results": {
    "主机料温过低": "只读参数，跳过写入",
    "主机料温过高": "只读参数，跳过写入",
    "主机调速故障": "只读参数，跳过写入",
    "主机过电流": "只读参数，跳过写入",
    "主机料筒冷却风机故障": "只读参数，跳过写入",
    "喂料调速器故障": "只读参数，跳过写入",
    "喂料过电流": "只读参数，跳过写入",
    "螺杆异位报警": "只读参数，跳过写入",
    "主机急停未松开": "只读参数，跳过写入",
    "35A调速故障": "只读参数，跳过写入",
    "35A过电流": "只读参数，跳过写入",
    "35A料筒冷却风机故障": "只读参数，跳过写入",
    "35B调速故障": "只读参数，跳过写入",
    "35B过电流": "只读参数，跳过写入",
    "35B料筒冷却风机故障": "只读参数，跳过写入",
    "主机转速设定值": true,
    "主机转速实际值": "只读参数，跳过写入",
    "主机电流负载占比": "只读参数，跳过写入",
    "主机电流值": "只读参数，跳过写入",
    "喂料转速设定值": true,
    "喂料转速实际值": "只读参数，跳过写入",
    "喂料电流负载占比": "只读参数，跳过写入",
    "喂料电流值": "只读参数，跳过写入",
    "65机筒1区设定值": true,
    "65机筒1区实际值": "只读参数，跳过写入",
    "65机筒2区设定值": true,
    "65机筒2区实际值": "只读参数，跳过写入",
    "65机筒3区设定值": true,
    "65机筒3区实际值": "只读参数，跳过写入",
    "65机筒4区设定值": true,
    "65机筒4区实际值": "只读参数，跳过写入",
    "65机合流芯设定值": true,
    "65机合流芯实际值": "只读参数，跳过写入",
    "芯层模具上设定值": true,
    "芯层模具上实际值": "只读参数，跳过写入",
    "芯层模具下设定值": true,
    "芯层模具下实际值": "只读参数，跳过写入",
    "芯层模具左设定值": true,
    "芯层模具左实际值": "只读参数，跳过写入",
    "芯层模具右设定值": true,
    "芯层模具右实际值": "只读参数，跳过写入",
    "外层模具上设定值": true,
    "外层模具上实际值": "只读参数，跳过写入",
    "外层模具下设定值": true,
    "外层模具下实际值": "只读参数，跳过写入",
    "外层模具左设定值": true,
    "外层模具左实际值": "只读参数，跳过写入",
    "外层模具石设定值": true,
    "外层模具石实际值": "只读参数，跳过写入",
    "A组合流芯设定值": true,
    "A组合流芯实际值": "只读参数，跳过写入",
    "A组转接模设定值": true,
    "A组转接模实际值": "只读参数，跳过写入",
    "A组连接管设定值": true,
    "A组连接管实际值": "只读参数，跳过写入",
    "B组合流芯设定值": true,
    "B组合流芯实际值": "只读参数，跳过写入",
    "B组转接模设定值": true,
    "B组转接模实际值": "只读参数，跳过写入",
    "B组连接管设定值": true,
    "B组连接管实际值": "只读参数，跳过写入",
    "35A转速设定值": true,
    "35A转速实际值": "只读参数，跳过写入",
    "35A电流设定值": true,
    "35A电流实际值": "只读参数，跳过写入",
    "35B转速设定值": true,
    "35B转速实际值": "只读参数，跳过写入",
    "35B电流设定值": true,
    "35B电流实际值": "只读参数，跳过写入",
    "A组35机1区设定值": true,
    "A组35机1区实际值": "只读参数，跳过写入",
    "A组35机2区实际值": "只读参数，跳过写入",
    "A组35机3区设定值": true,
    "A组35机3区实际值": "只读参数，跳过写入",
    "B组35机1区设定值": true,
    "B组35机1区实际值": "只读参数，跳过写入",
    "B组35机2区设定值": true,
    "B组35机2区实际值": "只读参数，跳过写入",
    "B组35机3区设定值": true,
    "B组35机3区实际值": "只读参数，跳过写入",
    "A组备用1设定值": true,
    "A组备用1实际值": "只读参数，跳过写入",
    "A组备用2设定值": true,
    "A组备用2实际值": "只读参数，跳过写入",
    "B组备用1设定值": true,
    "B组备用1实际值": "只读参数，跳过写入",
    "B组备用2设定值": true,
    "B组备用2实际值": "只读参数，跳过写入",
    "25B调速故障": "只读参数，跳过写入",
    "25B料筒冷却风机故障": true,
    "25A调速故障": "只读参数，跳过写入",
    "25A料筒冷却风机故障": "只读参数，跳过写入",
    "25A过电流": true,
    "25B转速设定值": true,
    "25B转速实际值": "只读参数，跳过写入",
    "25B电流设定值": true,
    "25B电流实际值": "只读参数，跳过写入",
    "25A转速设定值": true,
    "25A转速实际值": "只读参数，跳过写入",
    "25A电流设定值": true,
    "25A电流实际值": "只读参数，跳过写入",
    "B组25机1区设定值": true,
    "B组25机1区实际值": "只读参数，跳过写入",
    "B组25机2区设定值": true,
    "B组25机2区实际值": "只读参数，跳过写入",
    "B组25机3区设定值": true,
    "B组25机3区实际值": "只读参数，跳过写入",
    "A组25机1区设定值": true,
    "A组25机1区实际值": "只读参数，跳过写入",
    "A组25机2区设定值": true,
    "A组25机2区实际值": "只读参数，跳过写入",
    "A组25机3区设定值": true,
    "A组25机3区实际值": "只读参数，跳过写入",
    "25B共挤备用1设定值": true,
    "25B共挤备用1实际值": "只读参数，跳过写入",
    "25B共挤备用2设定值": true,
    "25B共挤备用2实际值": "只读参数，跳过写入",
    "25A共挤备用1设定值": true,
    "25A共挤备用1实际值": "只读参数，跳过写入",
    "25A共挤备用2设定值": true,
    "25A共挤备用2实际值": "只读参数，跳过写入"
  }
}
------------------------------------------------------------
