2026-04-29 10:41:04 | PLC_READ | MACHINE | 用户ID:1 | 机台: 默认挤出机 (ID: 1), 参数数量: 101
2026-04-29 10:41:50 | WRITE_TO_PLC | RECORD | 用户ID:1 | 记录ID: 18, 机台ID: 1
2026-04-29 10:46:03 | PLC_READ | MACHINE | 用户ID:1 | 机台: 默认挤出机 (ID: 1), 参数数量: 101
2026-04-29 10:47:09 | PLC_READ | MACHINE | 用户ID:1
请求参数:
{
  "主机转速设定值": {
    "address": "VD208",
    "value": 5.299997329711914,
    "unit": "RPM",
    "type": "Real"
  },
  "主机转速实际值": {
    "address": "VD232",
    "value": 0.0,
    "unit": "RPM",
    "type": "Real"
  },
  "主机电流值": {
    "address": "VD256",
    "value": 0.0,
    "unit": "A",
    "type": "Real"
  },
  "喂料转速设定值": {
    "address": "VD32",
    "value": 0.0,
    "unit": "RPM",
    "type": "Real"
  },
  "喂料转速实际值": {
    "address": "VD244",
    "value": 0.0,
    "unit": "RPM",
    "type": "Real"
  },
  "喂料电流负载占比": {
    "address": "VD3304",
    "value": 0,
    "unit": "%",
    "type": "Int"
  },
  "喂料电流值": {
    "address": "VD260",
    "value": 0.0,
    "unit": "A",
    "type": "Real"
  },
  "65机筒1区设定值": {
    "address": "VW102",
    "value": 145,
    "unit": "℃",
    "type": "Int"
  },
  "65机筒1区实际值": {
    "address": "VW302",
    "value": 144,
    "unit": "℃",
    "type": "Int"
  },
  "65机筒2区设定值": {
    "address": "VW104",
    "value": 220,
    "unit": "℃",
    "type": "Int"
  },
  "65机筒2区实际值": {
    "address": "VW304",
    "value": 216,
    "unit": "℃",
    "type": "Int"
  },
  "65机筒3区设定值": {
    "address": "VW106",
    "value": 220,
    "unit": "℃",
    "type": "Int"
  },
  "65机筒3区实际值": {
    "address": "VW306",
    "value": 214,
    "unit": "℃",
    "type": "Int"
  },
  "65机筒4区设定值": {
    "address": "VW108",
    "value": 145,
    "unit": "℃",
    "type": "Int"
  },
  "65机筒4区实际值": {
    "address": "VW308",
    "value": 31,
    "unit": "℃",
    "type": "Int"
  },
  "65机合流芯设定值": {
    "address": "VW154",
    "value": 0,
    "unit": "℃",
    "type": "Int"
  },
  "65机合流芯实际值": {
    "address": "VW354",
    "value": 0,
    "unit": "℃",
    "type": "Int"
  },
  "芯层模具上设定值": {
    "address": "VW1130",
    "value": 0,
    "unit": "℃",
    "type": "Int"
  },
  "芯层模具上实际值": {
    "address": "VW330",
    "value": 3276,
    "unit": "℃",
    "type": "Int"
  },
  "芯层模具下设定值": {
    "address": "VW1132",
    "value": 0,
    "unit": "℃",
    "type": "Int"
  },
  "芯层模具下实际值": {
    "address": "VW332",
    "value": 3276,
    "unit": "℃",
    "type": "Int"
  },
  "芯层模具左设定值": {
    "address": "VW1134",
    "value": 0,
    "unit": "℃",
    "type": "Int"
  },
  "芯层模具左实际值": {
    "address": "VW334",
    "value": 3276,
    "unit": "℃",
    "type": "Int"
  },
  "芯层模具右设定值": {
    "address": "VW1136",
    "value": 0,
    "unit": "℃",
    "type": "Int"
  },
  "芯层模具右实际值": {
    "address": "VW336",
    "value": 3276,
    "unit": "℃",
    "type": "Int"
  },
  "外层模具上设定值": {
    "address": "VW1138",
    "value": 0,
    "unit": "℃",
    "type": "Int"
  },
  "外层模具上实际值": {
    "address": "VW338",
    "value": 0,
    "unit": "℃",
    "type": "Int"
  },
  "外层模具下设定值": {
    "address": "VW1140",
    "value": 0,
    "unit": "℃",
    "type": "Int"
  },
  "外层模具下实际值": {
    "address": "VW340",
    "value": 0,
    "unit": "℃",
    "type": "Int"
  },
  "外层模具左设定值": {
    "address": "VW1142",
    "value": 0,
    "unit": "℃",
    "type": "Int"
  },
  "外层模具左实际值": {
    "address": "VW342",
    "value": 0,
    "unit": "",
    "type": "Int"
  },
  "外层模具石设定值": {
    "address": "VW344",
    "value": 0,
    "unit": "℃",
    "type": "Int"
  },
  "外层模具石实际值": {
    "address": "VW344",
    "value": 0,
    "unit": "℃",
    "type": "Int"
  },
  "A组合流芯设定值": {
    "address": "VW346",
    "value": 0,
    "unit": "℃",
    "type": "Int"
  },
  "A组合流芯实际值": {
    "address": "VW346",
    "value": 0,
    "unit": "℃",
    "type": "Int"
  },
  "A组转接模设定值": {
    "address": "VW348",
    "value": 0,
    "unit": "℃",
    "type": "Int"
  },
  "A组转接模实际值": {
    "address": "VW348",
    "value": 0,
    "unit": "℃",
    "type": "Int"
  },
  "A组连接管设定值": {
    "address": "VW350",
    "value": 0,
    "unit": "℃",
    "type": "Int"
  },
  "A组连接管实际值": {
    "address": "VW350",
    "value": 0,
    "unit": "℃",
    "type": "Int"
  },
  "B组合流芯设定值": {
    "address": "VW352",
    "value": 0,
    "unit": "℃",
    "type": "Int"
  },
  "B组合流芯实际值": {
    "address": "VW352",
    "value": 0,
    "unit": "℃",
    "type": "Int"
  },
  "B组转接模设定值": {
    "address": "VW362",
    "value": 0,
    "unit": "℃",
    "type": "Int"
  },
  "B组转接模实际值": {
    "address": "VW362",
    "value": 0,
    "unit": "℃",
    "type": "Int"
  },
  "B组连接管设定值": {
    "address": "VW364",
    "value": 0,
    "unit": "℃",
    "type": "Int"
  },
  "B组连接管实际值": {
    "address": "VW364",
    "value": 0,
    "unit": "℃",
    "type": "Int"
  },
  "35A转速设定值": {
    "address": "VD508",
    "value": 149.69998168945312,
    "unit": "RPM",
    "type": "Real"
  },
  "35A转速实际值": {
    "address": "VD532",
    "value": 0.0,
    "unit": "RPM",
    "type": "Real"
  },
  "35A电流设定值": {
    "address": "VD2300",
    "value": 0.0,
    "unit": "%",
    "type": "Real"
  },
  "35A电流实际值": {
    "address": "VD556",
    "value": 0.0,
    "unit": "A",
    "type": "Real"
  },
  "35B转速设定值": {
    "address": "VD212",
    "value": 42.39997863769531,
    "unit": "RPM",
    "type": "Real"
  },
  "35B转速实际值": {
    "address": "VD236",
    "value": 42.39997863769531,
    "unit": "RPM",
    "type": "Real"
  },
  "35B电流设定值": {
    "address": "VD3308",
    "value": 0.0,
    "unit": "%",
    "type": "Real"
  },
  "35B电流实际值": {
    "address": "VD264",
    "value": 0.0,
    "unit": "A",
    "type": "Real"
  },
  "A组35机1区设定值": {
    "address": "VW116",
    "value": 170,
    "unit": "℃",
    "type": "Int"
  },
  "A组35机1区实际值": {
    "address": "VW118",
    "value": 170,
    "unit": "℃",
    "type": "Int"
  },
  "A组35机2区设定值": {
    "address": "VW316",
    "value": 33,
    "unit": "℃",
    "type": "Int"
  },
  "A组35机2区实际值": {
    "address": "VW318",
    "value": 35,
    "unit": "℃",
    "type": "Int"
  },
  "A组35机3区设定值": {
    "address": "VW368",
    "value": 0,
    "unit": "℃",
    "type": "Int"
  },
  "A组35机3区实际值": {
    "address": "VW370",
    "value": 0,
    "unit": "℃",
    "type": "Int"
  },
  "B组35机1区设定值": {
    "address": "VW118",
    "value": 170,
    "unit": "℃",
    "type": "Int"
  },
  "B组35机1区实际值": {
    "address": "VW370",
    "value": 0,
    "unit": "℃",
    "type": "Int"
  },
  "B组35机2区设定值": {
    "address": "VW120",
    "value": 0,
    "unit": "℃",
    "type": "Int"
  },
  "B组35机2区实际值": {
    "address": "VW322",
    "value": 0,
    "unit": "℃",
    "type": "Int"
  },
  "B组35机3区设定值": {
    "address": "VW112",
    "value": 0,
    "unit": "℃",
    "type": "Int"
  },
  "B组35机3区实际值": {
    "address": "VW312",
    "value": 0,
    "unit": "℃",
    "type": "Int"
  },
  "A组备用1设定值": {
    "address": "VW160",
    "value": 0,
    "unit": "℃",
    "type": "Int"
  },
  "A组备用1实际值": {
    "address": "VW312",
    "value": 0,
    "unit": "℃",
    "type": "Int"
  },
  "A组备用2设定值": {
    "address": "VW166",
    "value": 0,
    "unit": "℃",
    "type": "Int"
  },
  "A组备用2实际值": {
    "address": "VW366",
    "value": 0,
    "unit": "℃",
    "type": "Int"
  },
  "B组备用1设定值": {
    "address": "VW156",
    "value": 0,
    "unit": "℃",
    "type": "Int"
  },
  "B组备用1实际值": {
    "address": "VW356",
    "value": 0,
    "unit": "℃",
    "type": "Int"
  },
  "B组备用2设定值": {
    "address": "VW158",
    "value": 0,
    "unit": "℃",
    "type": "Int"
  },
  "B组备用2实际值": {
    "address": "VW358",
    "value": 0,
    "unit": "℃",
    "type": "Int"
  },
  "25B转速设定值": {
    "address": "VD212",
    "value": 42.39997863769531,
    "unit": "RPM",
    "type": "Real"
  },
  "25B转速实际值": {
    "address": "VD532",
    "value": 0.0,
    "unit": "RPM",
    "type": "Real"
  },
  "25B电流设定值": {
    "address": "VD2300",
    "value": 0.0,
    "unit": "%",
    "type": "Real"
  },
  "25B电流实际值": {
    "address": "VD556",
    "value": 0.0,
    "unit": "A",
    "type": "Real"
  },
  "25A转速设定值": {
    "address": "VD208",
    "value": 5.299997329711914,
    "unit": "RPM",
    "type": "Real"
  },
  "25A转速实际值": {
    "address": "VD232",
    "value": 0.0,
    "unit": "RPM",
    "type": "Real"
  },
  "25A电流设定值": {
    "address": "VD3300",
    "value": 0.0,
    "unit": "%",
    "type": "Real"
  },
  "25A电流实际值": {
    "address": "VD256",
    "value": 0.0,
    "unit": "A",
    "type": "Real"
  },
  "B组25机1区设定值": {
    "address": "VW102",
    "value": 145,
    "unit": "℃",
    "type": "Int"
  },
  "B组25机1区实际值": {
    "address": "VW104",
    "value": 220,
    "unit": "℃",
    "type": "Int"
  },
  "B组25机2区设定值": {
    "address": "VW104",
    "value": 220,
    "unit": "℃",
    "type": "Int"
  },
  "B组25机2区实际值": {
    "address": "VW304",
    "value": 216,
    "unit": "℃",
    "type": "Int"
  },
  "B组25机3区设定值": {
    "address": "VW106",
    "value": 220,
    "unit": "℃",
    "type": "Int"
  },
  "B组25机3区实际值": {
    "address": "VW306",
    "value": 214,
    "unit": "℃",
    "type": "Int"
  },
  "A组25机1区设定值": {
    "address": "VW108",
    "value": 145,
    "unit": "℃",
    "type": "Int"
  },
  "A组25机1区实际值": {
    "address": "VW308",
    "value": 31,
    "unit": "℃",
    "type": "Int"
  },
  "A组25机2区设定值": {
    "address": "VW116",
    "value": 170,
    "unit": "℃",
    "type": "Int"
  },
  "A组25机2区实际值": {
    "address": "VW316",
    "value": 33,
    "unit": "℃",
    "type": "Int"
  },
  "A组25机3区设定值": {
    "address": "VW118",
    "value": 170,
    "unit": "℃",
    "type": "Int"
  },
  "A组25机3区实际值": {
    "address": "VW318",
    "value": 35,
    "unit": "℃",
    "type": "Int"
  },
  "25B共挤备用1设定值": {
    "address": "VW130",
    "value": 0,
    "unit": "℃",
    "type": "Int"
  },
  "25B共挤备用1实际值": {
    "address": "VW330",
    "value": 3276,
    "unit": "℃",
    "type": "Int"
  },
  "25B共挤备用2设定值": {
    "address": "VW132",
    "value": 0,
    "unit": "℃",
    "type": "Int"
  },
  "25B共挤备用2实际值": {
    "address": "VW332",
    "value": 3276,
    "unit": "℃",
    "type": "Int"
  },
  "25A共挤备用1设定值": {
    "address": "VW134",
    "value": 0,
    "unit": "℃",
    "type": "Int"
  },
  "25A共挤备用1实际值": {
    "address": "VW334",
    "value": 3276,
    "unit": "℃",
    "type": "Int"
  },
  "25A共挤备用2设定值": {
    "address": "VW136",
    "value": 0,
    "unit": "℃",
    "type": "Int"
  },
  "25A共挤备用2实际值": {
    "address": "VW336",
    "value": 3276,
    "unit": "℃",
    "type": "Int"
  }
}
详情: 机台: 默认挤出机 (ID: 1), 参数数量: 101
返回结果:
{
  "machine": {
    "id": 1,
    "name": "默认挤出机"
  },
  "parameters": {
    "主机转速设定值": {
      "address": "VD208",
      "value": 5.299997329711914,
      "unit": "RPM",
      "type": "Real",
      "is_readonly": false
    },
    "主机转速实际值": {
      "address": "VD232",
      "value": 0.0,
      "unit": "RPM",
      "type": "Real",
      "is_readonly": true
    },
    "主机电流值": {
      "address": "VD256",
      "value": 0.0,
      "unit": "A",
      "type": "Real",
      "is_readonly": true
    },
    "喂料转速设定值": {
      "address": "VD32",
      "value": 0.0,
      "unit": "RPM",
      "type": "Real",
      "is_readonly": false
    },
    "喂料转速实际值": {
      "address": "VD244",
      "value": 0.0,
      "unit": "RPM",
      "type": "Real",
      "is_readonly": true
    },
    "喂料电流负载占比": {
      "address": "VD3304",
      "value": 0,
      "unit": "%",
      "type": "Int",
      "is_readonly": true
    },
    "喂料电流值": {
      "address": "VD260",
      "value": 0.0,
      "unit": "A",
      "type": "Real",
      "is_readonly": true
    },
    "65机筒1区设定值": {
      "address": "VW102",
      "value": 145,
      "unit": "℃",
      "type": "Int",
      "is_readonly": false
    },
    "65机筒1区实际值": {
      "address": "VW302",
      "value": 144,
      "unit": "℃",
      "type": "Int",
      "is_readonly": true
    },
    "65机筒2区设定值": {
      "address": "VW104",
      "value": 220,
      "unit": "℃",
      "type": "Int",
      "is_readonly": false
    },
    "65机筒2区实际值": {
      "address": "VW304",
      "value": 216,
      "unit": "℃",
      "type": "Int",
      "is_readonly": true
    },
    "65机筒3区设定值": {
      "address": "VW106",
      "value": 220,
      "unit": "℃",
      "type": "Int",
      "is_readonly": false
    },
    "65机筒3区实际值": {
      "address": "VW306",
      "value": 214,
      "unit": "℃",
      "type": "Int",
      "is_readonly": true
    },
    "65机筒4区设定值": {
      "address": "VW108",
      "value": 145,
      "unit": "℃",
      "type": "Int",
      "is_readonly": false
    },
    "65机筒4区实际值": {
      "address": "VW308",
      "value": 31,
      "unit": "℃",
      "type": "Int",
      "is_readonly": true
    },
    "65机合流芯设定值": {
      "address": "VW154",
      "value": 0,
      "unit": "℃",
      "type": "Int",
      "is_readonly": false
    },
    "65机合流芯实际值": {
      "address": "VW354",
      "value": 0,
      "unit": "℃",
      "type": "Int",
      "is_readonly": true
    },
    "芯层模具上设定值": {
      "address": "VW1130",
      "value": 0,
      "unit": "℃",
      "type": "Int",
      "is_readonly": false
    },
    "芯层模具上实际值": {
      "address": "VW330",
      "value": 3276,
      "unit": "℃",
      "type": "Int",
      "is_readonly": true
    },
    "芯层模具下设定值": {
      "address": "VW1132",
      "value": 0,
      "unit": "℃",
      "type": "Int",
      "is_readonly": false
    },
    "芯层模具下实际值": {
      "address": "VW332",
      "value": 3276,
      "unit": "℃",
      "type": "Int",
      "is_readonly": true
    },
    "芯层模具左设定值": {
      "address": "VW1134",
      "value": 0,
      "unit": "℃",
      "type": "Int",
      "is_readonly": false
    },
    "芯层模具左实际值": {
      "address": "VW334",
      "value": 3276,
      "unit": "℃",
      "type": "Int",
      "is_readonly": true
    },
    "芯层模具右设定值": {
      "address": "VW1136",
      "value": 0,
      "unit": "℃",
      "type": "Int",
      "is_readonly": false
    },
    "芯层模具右实际值": {
      "address": "VW336",
      "value": 3276,
      "unit": "℃",
      "type": "Int",
      "is_readonly": true
    },
    "外层模具上设定值": {
      "address": "VW1138",
      "value": 0,
      "unit": "℃",
      "type": "Int",
      "is_readonly": false
    },
    "外层模具上实际值": {
      "address": "VW338",
      "value": 0,
      "unit": "℃",
      "type": "Int",
      "is_readonly": true
    },
    "外层模具下设定值": {
      "address": "VW1140",
      "value": 0,
      "unit": "℃",
      "type": "Int",
      "is_readonly": false
    },
    "外层模具下实际值": {
      "address": "VW340",
      "value": 0,
      "unit": "℃",
      "type": "Int",
      "is_readonly": true
    },
    "外层模具左设定值": {
      "address": "VW1142",
      "value": 0,
      "unit": "℃",
      "type": "Int",
      "is_readonly": false
    },
    "外层模具左实际值": {
      "address": "VW342",
      "value": 0,
      "unit": "",
      "type": "Int",
      "is_readonly": true
    },
    "外层模具石设定值": {
      "address": "VW344",
      "value": 0,
      "unit": "℃",
      "type": "Int",
      "is_readonly": false
    },
    "外层模具石实际值": {
      "address": "VW344",
      "value": 0,
      "unit": "℃",
      "type": "Int",
      "is_readonly": true
    },
    "A组合流芯设定值": {
      "address": "VW346",
      "value": 0,
      "unit": "℃",
      "type": "Int",
      "is_readonly": false
    },
    "A组合流芯实际值": {
      "address": "VW346",
      "value": 0,
      "unit": "℃",
      "type": "Int",
      "is_readonly": true
    },
    "A组转接模设定值": {
      "address": "VW348",
      "value": 0,
      "unit": "℃",
      "type": "Int",
      "is_readonly": false
    },
    "A组转接模实际值": {
      "address": "VW348",
      "value": 0,
      "unit": "℃",
      "type": "Int",
      "is_readonly": true
    },
    "A组连接管设定值": {
      "address": "VW350",
      "value": 0,
      "unit": "℃",
      "type": "Int",
      "is_readonly": false
    },
    "A组连接管实际值": {
      "address": "VW350",
      "value": 0,
      "unit": "℃",
      "type": "Int",
      "is_readonly": true
    },
    "B组合流芯设定值": {
      "address": "VW352",
      "value": 0,
      "unit": "℃",
      "type": "Int",
      "is_readonly": false
    },
    "B组合流芯实际值": {
      "address": "VW352",
      "value": 0,
      "unit": "℃",
      "type": "Int",
      "is_readonly": true
    },
    "B组转接模设定值": {
      "address": "VW362",
      "value": 0,
      "unit": "℃",
      "type": "Int",
      "is_readonly": false
    },
    "B组转接模实际值": {
      "address": "VW362",
      "value": 0,
      "unit": "℃",
      "type": "Int",
      "is_readonly": true
    },
    "B组连接管设定值": {
      "address": "VW364",
      "value": 0,
      "unit": "℃",
      "type": "Int",
      "is_readonly": false
    },
    "B组连接管实际值": {
      "address": "VW364",
      "value": 0,
      "unit": "℃",
      "type": "Int",
      "is_readonly": true
    },
    "35A转速设定值": {
      "address": "VD508",
      "value": 149.69998168945312,
      "unit": "RPM",
      "type": "Real",
      "is_readonly": false
    },
    "35A转速实际值": {
      "address": "VD532",
      "value": 0.0,
      "unit": "RPM",
      "type": "Real",
      "is_readonly": true
    },
    "35A电流设定值": {
      "address": "VD2300",
      "value": 0.0,
      "unit": "%",
      "type": "Real",
      "is_readonly": false
    },
    "35A电流实际值": {
      "address": "VD556",
      "value": 0.0,
      "unit": "A",
      "type": "Real",
      "is_readonly": true
    },
    "35B转速设定值": {
      "address": "VD212",
      "value": 42.39997863769531,
      "unit": "RPM",
      "type": "Real",
      "is_readonly": false
    },
    "35B转速实际值": {
      "address": "VD236",
      "value": 42.39997863769531,
      "unit": "RPM",
      "type": "Real",
      "is_readonly": true
    },
    "35B电流设定值": {
      "address": "VD3308",
      "value": 0.0,
      "unit": "%",
      "type": "Real",
      "is_readonly": false
    },
    "35B电流实际值": {
      "address": "VD264",
      "value": 0.0,
      "unit": "A",
      "type": "Real",
      "is_readonly": true
    },
    "A组35机1区设定值": {
      "address": "VW116",
      "value": 170,
      "unit": "℃",
      "type": "Int",
      "is_readonly": false
    },
    "A组35机1区实际值": {
      "address": "VW118",
      "value": 170,
      "unit": "℃",
      "type": "Int",
      "is_readonly": true
    },
    "A组35机2区设定值": {
      "address": "VW316",
      "value": 33,
      "unit": "℃",
      "type": "Int",
      "is_readonly": false
    },
    "A组35机2区实际值": {
      "address": "VW318",
      "value": 35,
      "unit": "℃",
      "type": "Int",
      "is_readonly": true
    },
    "A组35机3区设定值": {
      "address": "VW368",
      "value": 0,
      "unit": "℃",
      "type": "Int",
      "is_readonly": false
    },
    "A组35机3区实际值": {
      "address": "VW370",
      "value": 0,
      "unit": "℃",
      "type": "Int",
      "is_readonly": true
    },
    "B组35机1区设定值": {
      "address": "VW118",
      "value": 170,
      "unit": "℃",
      "type": "Int",
      "is_readonly": false
    },
    "B组35机1区实际值": {
      "address": "VW370",
      "value": 0,
      "unit": "℃",
      "type": "Int",
      "is_readonly": true
    },
    "B组35机2区设定值": {
      "address": "VW120",
      "value": 0,
      "unit": "℃",
      "type": "Int",
      "is_readonly": false
    },
    "B组35机2区实际值": {
      "address": "VW322",
      "value": 0,
      "unit": "℃",
      "type": "Int",
      "is_readonly": true
    },
    "B组35机3区设定值": {
      "address": "VW112",
      "value": 0,
      "unit": "℃",
      "type": "Int",
      "is_readonly": false
    },
    "B组35机3区实际值": {
      "address": "VW312",
      "value": 0,
      "unit": "℃",
      "type": "Int",
      "is_readonly": true
    },
    "A组备用1设定值": {
      "address": "VW160",
      "value": 0,
      "unit": "℃",
      "type": "Int",
      "is_readonly": false
    },
    "A组备用1实际值": {
      "address": "VW312",
      "value": 0,
      "unit": "℃",
      "type": "Int",
      "is_readonly": true
    },
    "A组备用2设定值": {
      "address": "VW166",
      "value": 0,
      "unit": "℃",
      "type": "Int",
      "is_readonly": false
    },
    "A组备用2实际值": {
      "address": "VW366",
      "value": 0,
      "unit": "℃",
      "type": "Int",
      "is_readonly": true
    },
    "B组备用1设定值": {
      "address": "VW156",
      "value": 0,
      "unit": "℃",
      "type": "Int",
      "is_readonly": false
    },
    "B组备用1实际值": {
      "address": "VW356",
      "value": 0,
      "unit": "℃",
      "type": "Int",
      "is_readonly": true
    },
    "B组备用2设定值": {
      "address": "VW158",
      "value": 0,
      "unit": "℃",
      "type": "Int",
      "is_readonly": false
    },
    "B组备用2实际值": {
      "address": "VW358",
      "value": 0,
      "unit": "℃",
      "type": "Int",
      "is_readonly": true
    },
    "25B转速设定值": {
      "address": "VD212",
      "value": 42.39997863769531,
      "unit": "RPM",
      "type": "Real",
      "is_readonly": false
    },
    "25B转速实际值": {
      "address": "VD532",
      "value": 0.0,
      "unit": "RPM",
      "type": "Real",
      "is_readonly": true
    },
    "25B电流设定值": {
      "address": "VD2300",
      "value": 0.0,
      "unit": "%",
      "type": "Real",
      "is_readonly": false
    },
    "25B电流实际值": {
      "address": "VD556",
      "value": 0.0,
      "unit": "A",
      "type": "Real",
      "is_readonly": true
    },
    "25A转速设定值": {
      "address": "VD208",
      "value": 5.299997329711914,
      "unit": "RPM",
      "type": "Real",
      "is_readonly": false
    },
    "25A转速实际值": {
      "address": "VD232",
      "value": 0.0,
      "unit": "RPM",
      "type": "Real",
      "is_readonly": true
    },
    "25A电流设定值": {
      "address": "VD3300",
      "value": 0.0,
      "unit": "%",
      "type": "Real",
      "is_readonly": false
    },
    "25A电流实际值": {
      "address": "VD256",
      "value": 0.0,
      "unit": "A",
      "type": "Real",
      "is_readonly": true
    },
    "B组25机1区设定值": {
      "address": "VW102",
      "value": 145,
      "unit": "℃",
      "type": "Int",
      "is_readonly": false
    },
    "B组25机1区实际值": {
      "address": "VW104",
      "value": 220,
      "unit": "℃",
      "type": "Int",
      "is_readonly": true
    },
    "B组25机2区设定值": {
      "address": "VW104",
      "value": 220,
      "unit": "℃",
      "type": "Int",
      "is_readonly": false
    },
    "B组25机2区实际值": {
      "address": "VW304",
      "value": 216,
      "unit": "℃",
      "type": "Int",
      "is_readonly": true
    },
    "B组25机3区设定值": {
      "address": "VW106",
      "value": 220,
      "unit": "℃",
      "type": "Int",
      "is_readonly": false
    },
    "B组25机3区实际值": {
      "address": "VW306",
      "value": 214,
      "unit": "℃",
      "type": "Int",
      "is_readonly": true
    },
    "A组25机1区设定值": {
      "address": "VW108",
      "value": 145,
      "unit": "℃",
      "type": "Int",
      "is_readonly": false
    },
    "A组25机1区实际值": {
      "address": "VW308",
      "value": 31,
      "unit": "℃",
      "type": "Int",
      "is_readonly": true
    },
    "A组25机2区设定值": {
      "address": "VW116",
      "value": 170,
      "unit": "℃",
      "type": "Int",
      "is_readonly": false
    },
    "A组25机2区实际值": {
      "address": "VW316",
      "value": 33,
      "unit": "℃",
      "type": "Int",
      "is_readonly": true
    },
    "A组25机3区设定值": {
      "address": "VW118",
      "value": 170,
      "unit": "℃",
      "type": "Int",
      "is_readonly": false
    },
    "A组25机3区实际值": {
      "address": "VW318",
      "value": 35,
      "unit": "℃",
      "type": "Int",
      "is_readonly": true
    },
    "25B共挤备用1设定值": {
      "address": "VW130",
      "value": 0,
      "unit": "℃",
      "type": "Int",
      "is_readonly": false
    },
    "25B共挤备用1实际值": {
      "address": "VW330",
      "value": 3276,
      "unit": "℃",
      "type": "Int",
      "is_readonly": true
    },
    "25B共挤备用2设定值": {
      "address": "VW132",
      "value": 0,
      "unit": "℃",
      "type": "Int",
      "is_readonly": false
    },
    "25B共挤备用2实际值": {
      "address": "VW332",
      "value": 3276,
      "unit": "℃",
      "type": "Int",
      "is_readonly": true
    },
    "25A共挤备用1设定值": {
      "address": "VW134",
      "value": 0,
      "unit": "℃",
      "type": "Int",
      "is_readonly": false
    },
    "25A共挤备用1实际值": {
      "address": "VW334",
      "value": 3276,
      "unit": "℃",
      "type": "Int",
      "is_readonly": true
    },
    "25A共挤备用2设定值": {
      "address": "VW136",
      "value": 0,
      "unit": "℃",
      "type": "Int",
      "is_readonly": false
    },
    "25A共挤备用2实际值": {
      "address": "VW336",
      "value": 3276,
      "unit": "℃",
      "type": "Int",
      "is_readonly": true
    }
  }
}
------------------------------------------------------------
2026-04-29 10:48:06 | WRITE_TO_PLC | RECORD | 用户ID:1
请求参数:
[
  {
    "name": "主机转速设定值",
    "address": "VD208",
    "value": "5.299997329711914",
    "unit": "RPM",
    "type": "Real",
    "readonly": false
  },
  {
    "name": "主机转速实际值",
    "address": "VD232",
    "value": "0",
    "unit": "RPM",
    "type": "Real",
    "readonly": true
  },
  {
    "name": "主机电流值",
    "address": "VD256",
    "value": "0",
    "unit": "A",
    "type": "Real",
    "readonly": true
  },
  {
    "name": "喂料转速设定值",
    "address": "VD32",
    "value": "0",
    "unit": "RPM",
    "type": "Real",
    "readonly": false
  },
  {
    "name": "喂料转速实际值",
    "address": "VD244",
    "value": "0",
    "unit": "RPM",
    "type": "Real",
    "readonly": true
  },
  {
    "name": "喂料电流负载占比",
    "address": "VD3304",
    "value": "0",
    "unit": "%",
    "type": "Int",
    "readonly": true
  },
  {
    "name": "喂料电流值",
    "address": "VD260",
    "value": "0",
    "unit": "A",
    "type": "Real",
    "readonly": true
  },
  {
    "name": "65机筒1区设定值",
    "address": "VW102",
    "value": "145",
    "unit": "℃",
    "type": "Int",
    "readonly": false
  },
  {
    "name": "65机筒1区实际值",
    "address": "VW302",
    "value": "144",
    "unit": "℃",
    "type": "Int",
    "readonly": true
  },
  {
    "name": "65机筒2区设定值",
    "address": "VW104",
    "value": "220",
    "unit": "℃",
    "type": "Int",
    "readonly": false
  },
  {
    "name": "65机筒2区实际值",
    "address": "VW304",
    "value": "218",
    "unit": "℃",
    "type": "Int",
    "readonly": true
  },
  {
    "name": "65机筒3区设定值",
    "address": "VW106",
    "value": "220",
    "unit": "℃",
    "type": "Int",
    "readonly": false
  },
  {
    "name": "65机筒3区实际值",
    "address": "VW306",
    "value": "215",
    "unit": "℃",
    "type": "Int",
    "readonly": true
  },
  {
    "name": "65机筒4区设定值",
    "address": "VW108",
    "value": "145",
    "unit": "℃",
    "type": "Int",
    "readonly": false
  },
  {
    "name": "65机筒4区实际值",
    "address": "VW308",
    "value": "36",
    "unit": "℃",
    "type": "Int",
    "readonly": true
  },
  {
    "name": "65机合流芯设定值",
    "address": "VW154",
    "value": "0",
    "unit": "℃",
    "type": "Int",
    "readonly": false
  },
  {
    "name": "65机合流芯实际值",
    "address": "VW354",
    "value": "0",
    "unit": "℃",
    "type": "Int",
    "readonly": true
  },
  {
    "name": "芯层模具上设定值",
    "address": "VW1130",
    "value": "0",
    "unit": "℃",
    "type": "Int",
    "readonly": false
  },
  {
    "name": "芯层模具上实际值",
    "address": "VW330",
    "value": "3276",
    "unit": "℃",
    "type": "Int",
    "readonly": true
  },
  {
    "name": "芯层模具下设定值",
    "address": "VW1132",
    "value": "0",
    "unit": "℃",
    "type": "Int",
    "readonly": false
  },
  {
    "name": "芯层模具下实际值",
    "address": "VW332",
    "value": "3276",
    "unit": "℃",
    "type": "Int",
    "readonly": true
  },
  {
    "name": "芯层模具左设定值",
    "address": "VW1134",
    "value": "0",
    "unit": "℃",
    "type": "Int",
    "readonly": false
  },
  {
    "name": "芯层模具左实际值",
    "address": "VW334",
    "value": "3276",
    "unit": "℃",
    "type": "Int",
    "readonly": true
  },
  {
    "name": "芯层模具右设定值",
    "address": "VW1136",
    "value": "0",
    "unit": "℃",
    "type": "Int",
    "readonly": false
  },
  {
    "name": "芯层模具右实际值",
    "address": "VW336",
    "value": "3276",
    "unit": "℃",
    "type": "Int",
    "readonly": true
  },
  {
    "name": "外层模具上设定值",
    "address": "VW1138",
    "value": "0",
    "unit": "℃",
    "type": "Int",
    "readonly": false
  },
  {
    "name": "外层模具上实际值",
    "address": "VW338",
    "value": "0",
    "unit": "℃",
    "type": "Int",
    "readonly": true
  },
  {
    "name": "外层模具下设定值",
    "address": "VW1140",
    "value": "0",
    "unit": "℃",
    "type": "Int",
    "readonly": false
  },
  {
    "name": "外层模具下实际值",
    "address": "VW340",
    "value": "0",
    "unit": "℃",
    "type": "Int",
    "readonly": true
  },
  {
    "name": "外层模具左设定值",
    "address": "VW1142",
    "value": "0",
    "unit": "℃",
    "type": "Int",
    "readonly": false
  },
  {
    "name": "外层模具左实际值",
    "address": "VW342",
    "value": "0",
    "unit": "",
    "type": "Int",
    "readonly": true
  },
  {
    "name": "外层模具石设定值",
    "address": "VW344",
    "value": "0",
    "unit": "℃",
    "type": "Int",
    "readonly": false
  },
  {
    "name": "外层模具石实际值",
    "address": "VW344",
    "value": "0",
    "unit": "℃",
    "type": "Int",
    "readonly": true
  },
  {
    "name": "A组合流芯设定值",
    "address": "VW346",
    "value": "0",
    "unit": "℃",
    "type": "Int",
    "readonly": false
  },
  {
    "name": "A组合流芯实际值",
    "address": "VW346",
    "value": "0",
    "unit": "℃",
    "type": "Int",
    "readonly": true
  },
  {
    "name": "A组转接模设定值",
    "address": "VW348",
    "value": "0",
    "unit": "℃",
    "type": "Int",
    "readonly": false
  },
  {
    "name": "A组转接模实际值",
    "address": "VW348",
    "value": "0",
    "unit": "℃",
    "type": "Int",
    "readonly": true
  },
  {
    "name": "A组连接管设定值",
    "address": "VW350",
    "value": "0",
    "unit": "℃",
    "type": "Int",
    "readonly": false
  },
  {
    "name": "A组连接管实际值",
    "address": "VW350",
    "value": "0",
    "unit": "℃",
    "type": "Int",
    "readonly": true
  },
  {
    "name": "B组合流芯设定值",
    "address": "VW352",
    "value": "0",
    "unit": "℃",
    "type": "Int",
    "readonly": false
  },
  {
    "name": "B组合流芯实际值",
    "address": "VW352",
    "value": "0",
    "unit": "℃",
    "type": "Int",
    "readonly": true
  },
  {
    "name": "B组转接模设定值",
    "address": "VW362",
    "value": "0",
    "unit": "℃",
    "type": "Int",
    "readonly": false
  },
  {
    "name": "B组转接模实际值",
    "address": "VW362",
    "value": "0",
    "unit": "℃",
    "type": "Int",
    "readonly": true
  },
  {
    "name": "B组连接管设定值",
    "address": "VW364",
    "value": "0",
    "unit": "℃",
    "type": "Int",
    "readonly": false
  },
  {
    "name": "B组连接管实际值",
    "address": "VW364",
    "value": "0",
    "unit": "℃",
    "type": "Int",
    "readonly": true
  },
  {
    "name": "35A转速设定值",
    "address": "VD508",
    "value": "149.69998168945312",
    "unit": "RPM",
    "type": "Real",
    "readonly": false
  },
  {
    "name": "35A转速实际值",
    "address": "VD532",
    "value": "0",
    "unit": "RPM",
    "type": "Real",
    "readonly": true
  },
  {
    "name": "35A电流设定值",
    "address": "VD2300",
    "value": "0",
    "unit": "%",
    "type": "Real",
    "readonly": false
  },
  {
    "name": "35A电流实际值",
    "address": "VD556",
    "value": "0",
    "unit": "A",
    "type": "Real",
    "readonly": true
  },
  {
    "name": "35B转速设定值",
    "address": "VD212",
    "value": "42.39997863769531",
    "unit": "RPM",
    "type": "Real",
    "readonly": false
  },
  {
    "name": "35B转速实际值",
    "address": "VD236",
    "value": "42.39997863769531",
    "unit": "RPM",
    "type": "Real",
    "readonly": true
  },
  {
    "name": "35B电流设定值",
    "address": "VD3308",
    "value": "0",
    "unit": "%",
    "type": "Real",
    "readonly": false
  },
  {
    "name": "35B电流实际值",
    "address": "VD264",
    "value": "0",
    "unit": "A",
    "type": "Real",
    "readonly": true
  },
  {
    "name": "A组35机1区设定值",
    "address": "VW116",
    "value": "170",
    "unit": "℃",
    "type": "Int",
    "readonly": false
  },
  {
    "name": "A组35机1区实际值",
    "address": "VW118",
    "value": "170",
    "unit": "℃",
    "type": "Int",
    "readonly": true
  },
  {
    "name": "A组35机2区设定值",
    "address": "VW316",
    "value": "38",
    "unit": "℃",
    "type": "Int",
    "readonly": false
  },
  {
    "name": "A组35机2区实际值",
    "address": "VW318",
    "value": "40",
    "unit": "℃",
    "type": "Int",
    "readonly": true
  },
  {
    "name": "A组35机3区设定值",
    "address": "VW368",
    "value": "0",
    "unit": "℃",
    "type": "Int",
    "readonly": false
  },
  {
    "name": "A组35机3区实际值",
    "address": "VW370",
    "value": "0",
    "unit": "℃",
    "type": "Int",
    "readonly": true
  },
  {
    "name": "B组35机1区设定值",
    "address": "VW118",
    "value": "170",
    "unit": "℃",
    "type": "Int",
    "readonly": false
  },
  {
    "name": "B组35机1区实际值",
    "address": "VW370",
    "value": "0",
    "unit": "℃",
    "type": "Int",
    "readonly": true
  },
  {
    "name": "B组35机2区设定值",
    "address": "VW120",
    "value": "0",
    "unit": "℃",
    "type": "Int",
    "readonly": false
  },
  {
    "name": "B组35机2区实际值",
    "address": "VW322",
    "value": "0",
    "unit": "℃",
    "type": "Int",
    "readonly": true
  },
  {
    "name": "B组35机3区设定值",
    "address": "VW112",
    "value": "0",
    "unit": "℃",
    "type": "Int",
    "readonly": false
  },
  {
    "name": "B组35机3区实际值",
    "address": "VW312",
    "value": "0",
    "unit": "℃",
    "type": "Int",
    "readonly": true
  },
  {
    "name": "A组备用1设定值",
    "address": "VW160",
    "value": "0",
    "unit": "℃",
    "type": "Int",
    "readonly": false
  },
  {
    "name": "A组备用1实际值",
    "address": "VW312",
    "value": "0",
    "unit": "℃",
    "type": "Int",
    "readonly": true
  },
  {
    "name": "A组备用2设定值",
    "address": "VW166",
    "value": "0",
    "unit": "℃",
    "type": "Int",
    "readonly": false
  },
  {
    "name": "A组备用2实际值",
    "address": "VW366",
    "value": "0",
    "unit": "℃",
    "type": "Int",
    "readonly": true
  },
  {
    "name": "B组备用1设定值",
    "address": "VW156",
    "value": "0",
    "unit": "℃",
    "type": "Int",
    "readonly": false
  },
  {
    "name": "B组备用1实际值",
    "address": "VW356",
    "value": "0",
    "unit": "℃",
    "type": "Int",
    "readonly": true
  },
  {
    "name": "B组备用2设定值",
    "address": "VW158",
    "value": "0",
    "unit": "℃",
    "type": "Int",
    "readonly": false
  },
  {
    "name": "B组备用2实际值",
    "address": "VW358",
    "value": "0",
    "unit": "℃",
    "type": "Int",
    "readonly": true
  },
  {
    "name": "25B转速设定值",
    "address": "VD212",
    "value": "42.39997863769531",
    "unit": "RPM",
    "type": "Real",
    "readonly": false
  },
  {
    "name": "25B转速实际值",
    "address": "VD532",
    "value": "0",
    "unit": "RPM",
    "type": "Real",
    "readonly": true
  },
  {
    "name": "25B电流设定值",
    "address": "VD2300",
    "value": "0",
    "unit": "%",
    "type": "Real",
    "readonly": false
  },
  {
    "name": "25B电流实际值",
    "address": "VD556",
    "value": "0",
    "unit": "A",
    "type": "Real",
    "readonly": true
  },
  {
    "name": "25A转速设定值",
    "address": "VD208",
    "value": "5.299997329711914",
    "unit": "RPM",
    "type": "Real",
    "readonly": false
  },
  {
    "name": "25A转速实际值",
    "address": "VD232",
    "value": "0",
    "unit": "RPM",
    "type": "Real",
    "readonly": true
  },
  {
    "name": "25A电流设定值",
    "address": "VD3300",
    "value": "0",
    "unit": "%",
    "type": "Real",
    "readonly": false
  },
  {
    "name": "25A电流实际值",
    "address": "VD256",
    "value": "0",
    "unit": "A",
    "type": "Real",
    "readonly": true
  },
  {
    "name": "B组25机1区设定值",
    "address": "VW102",
    "value": "145",
    "unit": "℃",
    "type": "Int",
    "readonly": false
  },
  {
    "name": "B组25机1区实际值",
    "address": "VW104",
    "value": "220",
    "unit": "℃",
    "type": "Int",
    "readonly": true
  },
  {
    "name": "B组25机2区设定值",
    "address": "VW104",
    "value": "220",
    "unit": "℃",
    "type": "Int",
    "readonly": false
  },
  {
    "name": "B组25机2区实际值",
    "address": "VW304",
    "value": "218",
    "unit": "℃",
    "type": "Int",
    "readonly": true
  },
  {
    "name": "B组25机3区设定值",
    "address": "VW106",
    "value": "220",
    "unit": "℃",
    "type": "Int",
    "readonly": false
  },
  {
    "name": "B组25机3区实际值",
    "address": "VW306",
    "value": "215",
    "unit": "℃",
    "type": "Int",
    "readonly": true
  },
  {
    "name": "A组25机1区设定值",
    "address": "VW108",
    "value": "145",
    "unit": "℃",
    "type": "Int",
    "readonly": false
  },
  {
    "name": "A组25机1区实际值",
    "address": "VW308",
    "value": "36",
    "unit": "℃",
    "type": "Int",
    "readonly": true
  },
  {
    "name": "A组25机2区设定值",
    "address": "VW116",
    "value": "170",
    "unit": "℃",
    "type": "Int",
    "readonly": false
  },
  {
    "name": "A组25机2区实际值",
    "address": "VW316",
    "value": "38",
    "unit": "℃",
    "type": "Int",
    "readonly": true
  },
  {
    "name": "A组25机3区设定值",
    "address": "VW118",
    "value": "170",
    "unit": "℃",
    "type": "Int",
    "readonly": false
  },
  {
    "name": "A组25机3区实际值",
    "address": "VW318",
    "value": "40",
    "unit": "℃",
    "type": "Int",
    "readonly": true
  },
  {
    "name": "25B共挤备用1设定值",
    "address": "VW130",
    "value": "0",
    "unit": "℃",
    "type": "Int",
    "readonly": false
  },
  {
    "name": "25B共挤备用1实际值",
    "address": "VW330",
    "value": "3276",
    "unit": "℃",
    "type": "Int",
    "readonly": true
  },
  {
    "name": "25B共挤备用2设定值",
    "address": "VW132",
    "value": "0",
    "unit": "℃",
    "type": "Int",
    "readonly": false
  },
  {
    "name": "25B共挤备用2实际值",
    "address": "VW332",
    "value": "3276",
    "unit": "℃",
    "type": "Int",
    "readonly": true
  },
  {
    "name": "25A共挤备用1设定值",
    "address": "VW134",
    "value": "0",
    "unit": "℃",
    "type": "Int",
    "readonly": false
  },
  {
    "name": "25A共挤备用1实际值",
    "address": "VW334",
    "value": "3276",
    "unit": "℃",
    "type": "Int",
    "readonly": true
  },
  {
    "name": "25A共挤备用2设定值",
    "address": "VW136",
    "value": "0",
    "unit": "℃",
    "type": "Int",
    "readonly": false
  },
  {
    "name": "25A共挤备用2实际值",
    "address": "VW336",
    "value": "3276",
    "unit": "℃",
    "type": "Int",
    "readonly": true
  }
]
详情: 记录ID: 18, 机台ID: 1
返回结果:
{
  "success": true,
  "results": {
    "主机转速设定值": true,
    "主机转速实际值": "只读参数，跳过写入",
    "主机电流值": "只读参数，跳过写入",
    "喂料转速设定值": true,
    "喂料转速实际值": "只读参数，跳过写入",
    "喂料电流负载占比": "只读参数，跳过写入",
    "喂料电流值": "只读参数，跳过写入",
    "65机筒1区设定值": true,
    "65机筒1区实际值": "只读参数，跳过写入",
    "65机筒2区设定值": true,
    "65机筒2区实际值": "只读参数，跳过写入",
    "65机筒3区设定值": true,
    "65机筒3区实际值": "只读参数，跳过写入",
    "65机筒4区设定值": true,
    "65机筒4区实际值": "只读参数，跳过写入",
    "65机合流芯设定值": true,
    "65机合流芯实际值": "只读参数，跳过写入",
    "芯层模具上设定值": true,
    "芯层模具上实际值": "只读参数，跳过写入",
    "芯层模具下设定值": true,
    "芯层模具下实际值": "只读参数，跳过写入",
    "芯层模具左设定值": true,
    "芯层模具左实际值": "只读参数，跳过写入",
    "芯层模具右设定值": true,
    "芯层模具右实际值": "只读参数，跳过写入",
    "外层模具上设定值": true,
    "外层模具上实际值": "只读参数，跳过写入",
    "外层模具下设定值": true,
    "外层模具下实际值": "只读参数，跳过写入",
    "外层模具左设定值": true,
    "外层模具左实际值": "只读参数，跳过写入",
    "外层模具石设定值": true,
    "外层模具石实际值": "只读参数，跳过写入",
    "A组合流芯设定值": true,
    "A组合流芯实际值": "只读参数，跳过写入",
    "A组转接模设定值": true,
    "A组转接模实际值": "只读参数，跳过写入",
    "A组连接管设定值": true,
    "A组连接管实际值": "只读参数，跳过写入",
    "B组合流芯设定值": true,
    "B组合流芯实际值": "只读参数，跳过写入",
    "B组转接模设定值": true,
    "B组转接模实际值": "只读参数，跳过写入",
    "B组连接管设定值": true,
    "B组连接管实际值": "只读参数，跳过写入",
    "35A转速设定值": true,
    "35A转速实际值": "只读参数，跳过写入",
    "35A电流设定值": true,
    "35A电流实际值": "只读参数，跳过写入",
    "35B转速设定值": true,
    "35B转速实际值": "只读参数，跳过写入",
    "35B电流设定值": true,
    "35B电流实际值": "只读参数，跳过写入",
    "A组35机1区设定值": true,
    "A组35机1区实际值": "只读参数，跳过写入",
    "A组35机2区设定值": true,
    "A组35机2区实际值": "只读参数，跳过写入",
    "A组35机3区设定值": true,
    "A组35机3区实际值": "只读参数，跳过写入",
    "B组35机1区设定值": true,
    "B组35机1区实际值": "只读参数，跳过写入",
    "B组35机2区设定值": true,
    "B组35机2区实际值": "只读参数，跳过写入",
    "B组35机3区设定值": true,
    "B组35机3区实际值": "只读参数，跳过写入",
    "A组备用1设定值": true,
    "A组备用1实际值": "只读参数，跳过写入",
    "A组备用2设定值": true,
    "A组备用2实际值": "只读参数，跳过写入",
    "B组备用1设定值": true,
    "B组备用1实际值": "只读参数，跳过写入",
    "B组备用2设定值": true,
    "B组备用2实际值": "只读参数，跳过写入",
    "25B转速设定值": true,
    "25B转速实际值": "只读参数，跳过写入",
    "25B电流设定值": true,
    "25B电流实际值": "只读参数，跳过写入",
    "25A转速设定值": true,
    "25A转速实际值": "只读参数，跳过写入",
    "25A电流设定值": true,
    "25A电流实际值": "只读参数，跳过写入",
    "B组25机1区设定值": true,
    "B组25机1区实际值": "只读参数，跳过写入",
    "B组25机2区设定值": true,
    "B组25机2区实际值": "只读参数，跳过写入",
    "B组25机3区设定值": true,
    "B组25机3区实际值": "只读参数，跳过写入",
    "A组25机1区设定值": true,
    "A组25机1区实际值": "只读参数，跳过写入",
    "A组25机2区设定值": true,
    "A组25机2区实际值": "只读参数，跳过写入",
    "A组25机3区设定值": true,
    "A组25机3区实际值": "只读参数，跳过写入",
    "25B共挤备用1设定值": true,
    "25B共挤备用1实际值": "只读参数，跳过写入",
    "25B共挤备用2设定值": true,
    "25B共挤备用2实际值": "只读参数，跳过写入",
    "25A共挤备用1设定值": true,
    "25A共挤备用1实际值": "只读参数，跳过写入",
    "25A共挤备用2设定值": true,
    "25A共挤备用2实际值": "只读参数，跳过写入"
  }
}
------------------------------------------------------------
2026-04-29 11:07:26 | PLC_READ | MACHINE | 用户ID:1
请求参数:
{
  "主机转速设定值": {
    "address": "VD208",
    "value": 5.299997329711914,
    "unit": "RPM",
    "type": "Real"
  },
  "主机转速实际值": {
    "address": "VD232",
    "value": 0.0,
    "unit": "RPM",
    "type": "Real"
  },
  "主机电流值": {
    "address": "VD256",
    "value": 0.0,
    "unit": "A",
    "type": "Real"
  },
  "喂料转速设定值": {
    "address": "VD32",
    "value": 0.0,
    "unit": "RPM",
    "type": "Real"
  },
  "喂料转速实际值": {
    "address": "VD244",
    "value": 0.0,
    "unit": "RPM",
    "type": "Real"
  },
  "喂料电流负载占比": {
    "address": "VD3304",
    "value": 0,
    "unit": "%",
    "type": "Int"
  },
  "喂料电流值": {
    "address": "VD260",
    "value": 0.0,
    "unit": "A",
    "type": "Real"
  },
  "65机筒1区设定值": {
    "address": "VW102",
    "value": 145,
    "unit": "℃",
    "type": "Int"
  },
  "65机筒1区实际值": {
    "address": "VW302",
    "value": 144,
    "unit": "℃",
    "type": "Int"
  },
  "65机筒2区设定值": {
    "address": "VW104",
    "value": 220,
    "unit": "℃",
    "type": "Int"
  },
  "65机筒2区实际值": {
    "address": "VW304",
    "value": 217,
    "unit": "℃",
    "type": "Int"
  },
  "65机筒3区设定值": {
    "address": "VW106",
    "value": 220,
    "unit": "℃",
    "type": "Int"
  },
  "65机筒3区实际值": {
    "address": "VW306",
    "value": 215,
    "unit": "℃",
    "type": "Int"
  },
  "65机筒4区设定值": {
    "address": "VW108",
    "value": 145,
    "unit": "℃",
    "type": "Int"
  },
  "65机筒4区实际值": {
    "address": "VW308",
    "value": 31,
    "unit": "℃",
    "type": "Int"
  },
  "65机合流芯设定值": {
    "address": "VW154",
    "value": 0,
    "unit": "℃",
    "type": "Int"
  },
  "65机合流芯实际值": {
    "address": "VW354",
    "value": 0,
    "unit": "℃",
    "type": "Int"
  },
  "芯层模具上设定值": {
    "address": "VW1130",
    "value": 0,
    "unit": "℃",
    "type": "Int"
  },
  "芯层模具上实际值": {
    "address": "VW330",
    "value": 3276,
    "unit": "℃",
    "type": "Int"
  },
  "芯层模具下设定值": {
    "address": "VW1132",
    "value": 0,
    "unit": "℃",
    "type": "Int"
  },
  "芯层模具下实际值": {
    "address": "VW332",
    "value": 3276,
    "unit": "℃",
    "type": "Int"
  },
  "芯层模具左设定值": {
    "address": "VW1134",
    "value": 0,
    "unit": "℃",
    "type": "Int"
  },
  "芯层模具左实际值": {
    "address": "VW334",
    "value": 3276,
    "unit": "℃",
    "type": "Int"
  },
  "芯层模具右设定值": {
    "address": "VW1136",
    "value": 0,
    "unit": "℃",
    "type": "Int"
  },
  "芯层模具右实际值": {
    "address": "VW336",
    "value": 3276,
    "unit": "℃",
    "type": "Int"
  },
  "外层模具上设定值": {
    "address": "VW1138",
    "value": 0,
    "unit": "℃",
    "type": "Int"
  },
  "外层模具上实际值": {
    "address": "VW338",
    "value": 0,
    "unit": "℃",
    "type": "Int"
  },
  "外层模具下设定值": {
    "address": "VW1140",
    "value": 0,
    "unit": "℃",
    "type": "Int"
  },
  "外层模具下实际值": {
    "address": "VW340",
    "value": 0,
    "unit": "℃",
    "type": "Int"
  },
  "外层模具左设定值": {
    "address": "VW1142",
    "value": 0,
    "unit": "℃",
    "type": "Int"
  },
  "外层模具左实际值": {
    "address": "VW342",
    "value": 0,
    "unit": "",
    "type": "Int"
  },
  "外层模具石设定值": {
    "address": "VW344",
    "value": 0,
    "unit": "℃",
    "type": "Int"
  },
  "外层模具石实际值": {
    "address": "VW344",
    "value": 0,
    "unit": "℃",
    "type": "Int"
  },
  "A组合流芯设定值": {
    "address": "VW346",
    "value": 0,
    "unit": "℃",
    "type": "Int"
  },
  "A组合流芯实际值": {
    "address": "VW346",
    "value": 0,
    "unit": "℃",
    "type": "Int"
  },
  "A组转接模设定值": {
    "address": "VW348",
    "value": 0,
    "unit": "℃",
    "type": "Int"
  },
  "A组转接模实际值": {
    "address": "VW348",
    "value": 0,
    "unit": "℃",
    "type": "Int"
  },
  "A组连接管设定值": {
    "address": "VW350",
    "value": 0,
    "unit": "℃",
    "type": "Int"
  },
  "A组连接管实际值": {
    "address": "VW350",
    "value": 0,
    "unit": "℃",
    "type": "Int"
  },
  "B组合流芯设定值": {
    "address": "VW352",
    "value": 0,
    "unit": "℃",
    "type": "Int"
  },
  "B组合流芯实际值": {
    "address": "VW352",
    "value": 0,
    "unit": "℃",
    "type": "Int"
  },
  "B组转接模设定值": {
    "address": "VW362",
    "value": 0,
    "unit": "℃",
    "type": "Int"
  },
  "B组转接模实际值": {
    "address": "VW362",
    "value": 0,
    "unit": "℃",
    "type": "Int"
  },
  "B组连接管设定值": {
    "address": "VW364",
    "value": 0,
    "unit": "℃",
    "type": "Int"
  },
  "B组连接管实际值": {
    "address": "VW364",
    "value": 0,
    "unit": "℃",
    "type": "Int"
  },
  "35A转速设定值": {
    "address": "VD508",
    "value": 149.69998168945312,
    "unit": "RPM",
    "type": "Real"
  },
  "35A转速实际值": {
    "address": "VD532",
    "value": 0.0,
    "unit": "RPM",
    "type": "Real"
  },
  "35A电流设定值": {
    "address": "VD2300",
    "value": 0.0,
    "unit": "%",
    "type": "Real"
  },
  "35A电流实际值": {
    "address": "VD556",
    "value": 0.0,
    "unit": "A",
    "type": "Real"
  },
  "35B转速设定值": {
    "address": "VD212",
    "value": 42.39997863769531,
    "unit": "RPM",
    "type": "Real"
  },
  "35B转速实际值": {
    "address": "VD236",
    "value": 42.39997863769531,
    "unit": "RPM",
    "type": "Real"
  },
  "35B电流设定值": {
    "address": "VD3308",
    "value": 0.0,
    "unit": "%",
    "type": "Real"
  },
  "35B电流实际值": {
    "address": "VD264",
    "value": 0.0,
    "unit": "A",
    "type": "Real"
  },
  "A组35机1区设定值": {
    "address": "VW116",
    "value": 170,
    "unit": "℃",
    "type": "Int"
  },
  "A组35机1区实际值": {
    "address": "VW118",
    "value": 170,
    "unit": "℃",
    "type": "Int"
  },
  "A组35机2区设定值": {
    "address": "VW316",
    "value": 33,
    "unit": "℃",
    "type": "Int"
  },
  "A组35机2区实际值": {
    "address": "VW318",
    "value": 35,
    "unit": "℃",
    "type": "Int"
  },
  "A组35机3区设定值": {
    "address": "VW368",
    "value": 0,
    "unit": "℃",
    "type": "Int"
  },
  "A组35机3区实际值": {
    "address": "VW370",
    "value": 0,
    "unit": "℃",
    "type": "Int"
  },
  "B组35机1区设定值": {
    "address": "VW118",
    "value": 170,
    "unit": "℃",
    "type": "Int"
  },
  "B组35机1区实际值": {
    "address": "VW370",
    "value": 0,
    "unit": "℃",
    "type": "Int"
  },
  "B组35机2区设定值": {
    "address": "VW120",
    "value": 0,
    "unit": "℃",
    "type": "Int"
  },
  "B组35机2区实际值": {
    "address": "VW322",
    "value": 0,
    "unit": "℃",
    "type": "Int"
  },
  "B组35机3区设定值": {
    "address": "VW112",
    "value": 0,
    "unit": "℃",
    "type": "Int"
  },
  "B组35机3区实际值": {
    "address": "VW312",
    "value": 0,
    "unit": "℃",
    "type": "Int"
  },
  "A组备用1设定值": {
    "address": "VW160",
    "value": 0,
    "unit": "℃",
    "type": "Int"
  },
  "A组备用1实际值": {
    "address": "VW312",
    "value": 0,
    "unit": "℃",
    "type": "Int"
  },
  "A组备用2设定值": {
    "address": "VW166",
    "value": 0,
    "unit": "℃",
    "type": "Int"
  },
  "A组备用2实际值": {
    "address": "VW366",
    "value": 0,
    "unit": "℃",
    "type": "Int"
  },
  "B组备用1设定值": {
    "address": "VW156",
    "value": 0,
    "unit": "℃",
    "type": "Int"
  },
  "B组备用1实际值": {
    "address": "VW356",
    "value": 0,
    "unit": "℃",
    "type": "Int"
  },
  "B组备用2设定值": {
    "address": "VW158",
    "value": 0,
    "unit": "℃",
    "type": "Int"
  },
  "B组备用2实际值": {
    "address": "VW358",
    "value": 0,
    "unit": "℃",
    "type": "Int"
  },
  "25B转速设定值": {
    "address": "VD212",
    "value": 42.39997863769531,
    "unit": "RPM",
    "type": "Real"
  },
  "25B转速实际值": {
    "address": "VD532",
    "value": 0.0,
    "unit": "RPM",
    "type": "Real"
  },
  "25B电流设定值": {
    "address": "VD2300",
    "value": 0.0,
    "unit": "%",
    "type": "Real"
  },
  "25B电流实际值": {
    "address": "VD556",
    "value": 0.0,
    "unit": "A",
    "type": "Real"
  },
  "25A转速设定值": {
    "address": "VD208",
    "value": 5.299997329711914,
    "unit": "RPM",
    "type": "Real"
  },
  "25A转速实际值": {
    "address": "VD232",
    "value": 0.0,
    "unit": "RPM",
    "type": "Real"
  },
  "25A电流设定值": {
    "address": "VD3300",
    "value": 0.0,
    "unit": "%",
    "type": "Real"
  },
  "25A电流实际值": {
    "address": "VD256",
    "value": 0.0,
    "unit": "A",
    "type": "Real"
  },
  "B组25机1区设定值": {
    "address": "VW102",
    "value": 145,
    "unit": "℃",
    "type": "Int"
  },
  "B组25机1区实际值": {
    "address": "VW104",
    "value": 220,
    "unit": "℃",
    "type": "Int"
  },
  "B组25机2区设定值": {
    "address": "VW104",
    "value": 220,
    "unit": "℃",
    "type": "Int"
  },
  "B组25机2区实际值": {
    "address": "VW304",
    "value": 217,
    "unit": "℃",
    "type": "Int"
  },
  "B组25机3区设定值": {
    "address": "VW106",
    "value": 220,
    "unit": "℃",
    "type": "Int"
  },
  "B组25机3区实际值": {
    "address": "VW306",
    "value": 215,
    "unit": "℃",
    "type": "Int"
  },
  "A组25机1区设定值": {
    "address": "VW108",
    "value": 145,
    "unit": "℃",
    "type": "Int"
  },
  "A组25机1区实际值": {
    "address": "VW308",
    "value": 31,
    "unit": "℃",
    "type": "Int"
  },
  "A组25机2区设定值": {
    "address": "VW116",
    "value": 170,
    "unit": "℃",
    "type": "Int"
  },
  "A组25机2区实际值": {
    "address": "VW316",
    "value": 33,
    "unit": "℃",
    "type": "Int"
  },
  "A组25机3区设定值": {
    "address": "VW118",
    "value": 170,
    "unit": "℃",
    "type": "Int"
  },
  "A组25机3区实际值": {
    "address": "VW318",
    "value": 35,
    "unit": "℃",
    "type": "Int"
  },
  "25B共挤备用1设定值": {
    "address": "VW130",
    "value": 0,
    "unit": "℃",
    "type": "Int"
  },
  "25B共挤备用1实际值": {
    "address": "VW330",
    "value": 3276,
    "unit": "℃",
    "type": "Int"
  },
  "25B共挤备用2设定值": {
    "address": "VW132",
    "value": 0,
    "unit": "℃",
    "type": "Int"
  },
  "25B共挤备用2实际值": {
    "address": "VW332",
    "value": 3276,
    "unit": "℃",
    "type": "Int"
  },
  "25A共挤备用1设定值": {
    "address": "VW134",
    "value": 0,
    "unit": "℃",
    "type": "Int"
  },
  "25A共挤备用1实际值": {
    "address": "VW334",
    "value": 3276,
    "unit": "℃",
    "type": "Int"
  },
  "25A共挤备用2设定值": {
    "address": "VW136",
    "value": 0,
    "unit": "℃",
    "type": "Int"
  },
  "25A共挤备用2实际值": {
    "address": "VW336",
    "value": 3276,
    "unit": "℃",
    "type": "Int"
  }
}
详情: 机台: 默认挤出机 (ID: 1), 参数数量: 101
返回结果:
{
  "machine": {
    "id": 1,
    "name": "默认挤出机"
  },
  "parameters": {
    "主机转速设定值": {
      "address": "VD208",
      "value": 5.299997329711914,
      "unit": "RPM",
      "type": "Real",
      "is_readonly": false
    },
    "主机转速实际值": {
      "address": "VD232",
      "value": 0.0,
      "unit": "RPM",
      "type": "Real",
      "is_readonly": true
    },
    "主机电流值": {
      "address": "VD256",
      "value": 0.0,
      "unit": "A",
      "type": "Real",
      "is_readonly": true
    },
    "喂料转速设定值": {
      "address": "VD32",
      "value": 0.0,
      "unit": "RPM",
      "type": "Real",
      "is_readonly": false
    },
    "喂料转速实际值": {
      "address": "VD244",
      "value": 0.0,
      "unit": "RPM",
      "type": "Real",
      "is_readonly": true
    },
    "喂料电流负载占比": {
      "address": "VD3304",
      "value": 0,
      "unit": "%",
      "type": "Int",
      "is_readonly": true
    },
    "喂料电流值": {
      "address": "VD260",
      "value": 0.0,
      "unit": "A",
      "type": "Real",
      "is_readonly": true
    },
    "65机筒1区设定值": {
      "address": "VW102",
      "value": 145,
      "unit": "℃",
      "type": "Int",
      "is_readonly": false
    },
    "65机筒1区实际值": {
      "address": "VW302",
      "value": 144,
      "unit": "℃",
      "type": "Int",
      "is_readonly": true
    },
    "65机筒2区设定值": {
      "address": "VW104",
      "value": 220,
      "unit": "℃",
      "type": "Int",
      "is_readonly": false
    },
    "65机筒2区实际值": {
      "address": "VW304",
      "value": 217,
      "unit": "℃",
      "type": "Int",
      "is_readonly": true
    },
    "65机筒3区设定值": {
      "address": "VW106",
      "value": 220,
      "unit": "℃",
      "type": "Int",
      "is_readonly": false
    },
    "65机筒3区实际值": {
      "address": "VW306",
      "value": 215,
      "unit": "℃",
      "type": "Int",
      "is_readonly": true
    },
    "65机筒4区设定值": {
      "address": "VW108",
      "value": 145,
      "unit": "℃",
      "type": "Int",
      "is_readonly": false
    },
    "65机筒4区实际值": {
      "address": "VW308",
      "value": 31,
      "unit": "℃",
      "type": "Int",
      "is_readonly": true
    },
    "65机合流芯设定值": {
      "address": "VW154",
      "value": 0,
      "unit": "℃",
      "type": "Int",
      "is_readonly": false
    },
    "65机合流芯实际值": {
      "address": "VW354",
      "value": 0,
      "unit": "℃",
      "type": "Int",
      "is_readonly": true
    },
    "芯层模具上设定值": {
      "address": "VW1130",
      "value": 0,
      "unit": "℃",
      "type": "Int",
      "is_readonly": false
    },
    "芯层模具上实际值": {
      "address": "VW330",
      "value": 3276,
      "unit": "℃",
      "type": "Int",
      "is_readonly": true
    },
    "芯层模具下设定值": {
      "address": "VW1132",
      "value": 0,
      "unit": "℃",
      "type": "Int",
      "is_readonly": false
    },
    "芯层模具下实际值": {
      "address": "VW332",
      "value": 3276,
      "unit": "℃",
      "type": "Int",
      "is_readonly": true
    },
    "芯层模具左设定值": {
      "address": "VW1134",
      "value": 0,
      "unit": "℃",
      "type": "Int",
      "is_readonly": false
    },
    "芯层模具左实际值": {
      "address": "VW334",
      "value": 3276,
      "unit": "℃",
      "type": "Int",
      "is_readonly": true
    },
    "芯层模具右设定值": {
      "address": "VW1136",
      "value": 0,
      "unit": "℃",
      "type": "Int",
      "is_readonly": false
    },
    "芯层模具右实际值": {
      "address": "VW336",
      "value": 3276,
      "unit": "℃",
      "type": "Int",
      "is_readonly": true
    },
    "外层模具上设定值": {
      "address": "VW1138",
      "value": 0,
      "unit": "℃",
      "type": "Int",
      "is_readonly": false
    },
    "外层模具上实际值": {
      "address": "VW338",
      "value": 0,
      "unit": "℃",
      "type": "Int",
      "is_readonly": true
    },
    "外层模具下设定值": {
      "address": "VW1140",
      "value": 0,
      "unit": "℃",
      "type": "Int",
      "is_readonly": false
    },
    "外层模具下实际值": {
      "address": "VW340",
      "value": 0,
      "unit": "℃",
      "type": "Int",
      "is_readonly": true
    },
    "外层模具左设定值": {
      "address": "VW1142",
      "value": 0,
      "unit": "℃",
      "type": "Int",
      "is_readonly": false
    },
    "外层模具左实际值": {
      "address": "VW342",
      "value": 0,
      "unit": "",
      "type": "Int",
      "is_readonly": true
    },
    "外层模具石设定值": {
      "address": "VW344",
      "value": 0,
      "unit": "℃",
      "type": "Int",
      "is_readonly": false
    },
    "外层模具石实际值": {
      "address": "VW344",
      "value": 0,
      "unit": "℃",
      "type": "Int",
      "is_readonly": true
    },
    "A组合流芯设定值": {
      "address": "VW346",
      "value": 0,
      "unit": "℃",
      "type": "Int",
      "is_readonly": false
    },
    "A组合流芯实际值": {
      "address": "VW346",
      "value": 0,
      "unit": "℃",
      "type": "Int",
      "is_readonly": true
    },
    "A组转接模设定值": {
      "address": "VW348",
      "value": 0,
      "unit": "℃",
      "type": "Int",
      "is_readonly": false
    },
    "A组转接模实际值": {
      "address": "VW348",
      "value": 0,
      "unit": "℃",
      "type": "Int",
      "is_readonly": true
    },
    "A组连接管设定值": {
      "address": "VW350",
      "value": 0,
      "unit": "℃",
      "type": "Int",
      "is_readonly": false
    },
    "A组连接管实际值": {
      "address": "VW350",
      "value": 0,
      "unit": "℃",
      "type": "Int",
      "is_readonly": true
    },
    "B组合流芯设定值": {
      "address": "VW352",
      "value": 0,
      "unit": "℃",
      "type": "Int",
      "is_readonly": false
    },
    "B组合流芯实际值": {
      "address": "VW352",
      "value": 0,
      "unit": "℃",
      "type": "Int",
      "is_readonly": true
    },
    "B组转接模设定值": {
      "address": "VW362",
      "value": 0,
      "unit": "℃",
      "type": "Int",
      "is_readonly": false
    },
    "B组转接模实际值": {
      "address": "VW362",
      "value": 0,
      "unit": "℃",
      "type": "Int",
      "is_readonly": true
    },
    "B组连接管设定值": {
      "address": "VW364",
      "value": 0,
      "unit": "℃",
      "type": "Int",
      "is_readonly": false
    },
    "B组连接管实际值": {
      "address": "VW364",
      "value": 0,
      "unit": "℃",
      "type": "Int",
      "is_readonly": true
    },
    "35A转速设定值": {
      "address": "VD508",
      "value": 149.69998168945312,
      "unit": "RPM",
      "type": "Real",
      "is_readonly": false
    },
    "35A转速实际值": {
      "address": "VD532",
      "value": 0.0,
      "unit": "RPM",
      "type": "Real",
      "is_readonly": true
    },
    "35A电流设定值": {
      "address": "VD2300",
      "value": 0.0,
      "unit": "%",
      "type": "Real",
      "is_readonly": false
    },
    "35A电流实际值": {
      "address": "VD556",
      "value": 0.0,
      "unit": "A",
      "type": "Real",
      "is_readonly": true
    },
    "35B转速设定值": {
      "address": "VD212",
      "value": 42.39997863769531,
      "unit": "RPM",
      "type": "Real",
      "is_readonly": false
    },
    "35B转速实际值": {
      "address": "VD236",
      "value": 42.39997863769531,
      "unit": "RPM",
      "type": "Real",
      "is_readonly": true
    },
    "35B电流设定值": {
      "address": "VD3308",
      "value": 0.0,
      "unit": "%",
      "type": "Real",
      "is_readonly": false
    },
    "35B电流实际值": {
      "address": "VD264",
      "value": 0.0,
      "unit": "A",
      "type": "Real",
      "is_readonly": true
    },
    "A组35机1区设定值": {
      "address": "VW116",
      "value": 170,
      "unit": "℃",
      "type": "Int",
      "is_readonly": false
    },
    "A组35机1区实际值": {
      "address": "VW118",
      "value": 170,
      "unit": "℃",
      "type": "Int",
      "is_readonly": true
    },
    "A组35机2区设定值": {
      "address": "VW316",
      "value": 33,
      "unit": "℃",
      "type": "Int",
      "is_readonly": false
    },
    "A组35机2区实际值": {
      "address": "VW318",
      "value": 35,
      "unit": "℃",
      "type": "Int",
      "is_readonly": true
    },
    "A组35机3区设定值": {
      "address": "VW368",
      "value": 0,
      "unit": "℃",
      "type": "Int",
      "is_readonly": false
    },
    "A组35机3区实际值": {
      "address": "VW370",
      "value": 0,
      "unit": "℃",
      "type": "Int",
      "is_readonly": true
    },
    "B组35机1区设定值": {
      "address": "VW118",
      "value": 170,
      "unit": "℃",
      "type": "Int",
      "is_readonly": false
    },
    "B组35机1区实际值": {
      "address": "VW370",
      "value": 0,
      "unit": "℃",
      "type": "Int",
      "is_readonly": true
    },
    "B组35机2区设定值": {
      "address": "VW120",
      "value": 0,
      "unit": "℃",
      "type": "Int",
      "is_readonly": false
    },
    "B组35机2区实际值": {
      "address": "VW322",
      "value": 0,
      "unit": "℃",
      "type": "Int",
      "is_readonly": true
    },
    "B组35机3区设定值": {
      "address": "VW112",
      "value": 0,
      "unit": "℃",
      "type": "Int",
      "is_readonly": false
    },
    "B组35机3区实际值": {
      "address": "VW312",
      "value": 0,
      "unit": "℃",
      "type": "Int",
      "is_readonly": true
    },
    "A组备用1设定值": {
      "address": "VW160",
      "value": 0,
      "unit": "℃",
      "type": "Int",
      "is_readonly": false
    },
    "A组备用1实际值": {
      "address": "VW312",
      "value": 0,
      "unit": "℃",
      "type": "Int",
      "is_readonly": true
    },
    "A组备用2设定值": {
      "address": "VW166",
      "value": 0,
      "unit": "℃",
      "type": "Int",
      "is_readonly": false
    },
    "A组备用2实际值": {
      "address": "VW366",
      "value": 0,
      "unit": "℃",
      "type": "Int",
      "is_readonly": true
    },
    "B组备用1设定值": {
      "address": "VW156",
      "value": 0,
      "unit": "℃",
      "type": "Int",
      "is_readonly": false
    },
    "B组备用1实际值": {
      "address": "VW356",
      "value": 0,
      "unit": "℃",
      "type": "Int",
      "is_readonly": true
    },
    "B组备用2设定值": {
      "address": "VW158",
      "value": 0,
      "unit": "℃",
      "type": "Int",
      "is_readonly": false
    },
    "B组备用2实际值": {
      "address": "VW358",
      "value": 0,
      "unit": "℃",
      "type": "Int",
      "is_readonly": true
    },
    "25B转速设定值": {
      "address": "VD212",
      "value": 42.39997863769531,
      "unit": "RPM",
      "type": "Real",
      "is_readonly": false
    },
    "25B转速实际值": {
      "address": "VD532",
      "value": 0.0,
      "unit": "RPM",
      "type": "Real",
      "is_readonly": true
    },
    "25B电流设定值": {
      "address": "VD2300",
      "value": 0.0,
      "unit": "%",
      "type": "Real",
      "is_readonly": false
    },
    "25B电流实际值": {
      "address": "VD556",
      "value": 0.0,
      "unit": "A",
      "type": "Real",
      "is_readonly": true
    },
    "25A转速设定值": {
      "address": "VD208",
      "value": 5.299997329711914,
      "unit": "RPM",
      "type": "Real",
      "is_readonly": false
    },
    "25A转速实际值": {
      "address": "VD232",
      "value": 0.0,
      "unit": "RPM",
      "type": "Real",
      "is_readonly": true
    },
    "25A电流设定值": {
      "address": "VD3300",
      "value": 0.0,
      "unit": "%",
      "type": "Real",
      "is_readonly": false
    },
    "25A电流实际值": {
      "address": "VD256",
      "value": 0.0,
      "unit": "A",
      "type": "Real",
      "is_readonly": true
    },
    "B组25机1区设定值": {
      "address": "VW102",
      "value": 145,
      "unit": "℃",
      "type": "Int",
      "is_readonly": false
    },
    "B组25机1区实际值": {
      "address": "VW104",
      "value": 220,
      "unit": "℃",
      "type": "Int",
      "is_readonly": true
    },
    "B组25机2区设定值": {
      "address": "VW104",
      "value": 220,
      "unit": "℃",
      "type": "Int",
      "is_readonly": false
    },
    "B组25机2区实际值": {
      "address": "VW304",
      "value": 217,
      "unit": "℃",
      "type": "Int",
      "is_readonly": true
    },
    "B组25机3区设定值": {
      "address": "VW106",
      "value": 220,
      "unit": "℃",
      "type": "Int",
      "is_readonly": false
    },
    "B组25机3区实际值": {
      "address": "VW306",
      "value": 215,
      "unit": "℃",
      "type": "Int",
      "is_readonly": true
    },
    "A组25机1区设定值": {
      "address": "VW108",
      "value": 145,
      "unit": "℃",
      "type": "Int",
      "is_readonly": false
    },
    "A组25机1区实际值": {
      "address": "VW308",
      "value": 31,
      "unit": "℃",
      "type": "Int",
      "is_readonly": true
    },
    "A组25机2区设定值": {
      "address": "VW116",
      "value": 170,
      "unit": "℃",
      "type": "Int",
      "is_readonly": false
    },
    "A组25机2区实际值": {
      "address": "VW316",
      "value": 33,
      "unit": "℃",
      "type": "Int",
      "is_readonly": true
    },
    "A组25机3区设定值": {
      "address": "VW118",
      "value": 170,
      "unit": "℃",
      "type": "Int",
      "is_readonly": false
    },
    "A组25机3区实际值": {
      "address": "VW318",
      "value": 35,
      "unit": "℃",
      "type": "Int",
      "is_readonly": true
    },
    "25B共挤备用1设定值": {
      "address": "VW130",
      "value": 0,
      "unit": "℃",
      "type": "Int",
      "is_readonly": false
    },
    "25B共挤备用1实际值": {
      "address": "VW330",
      "value": 3276,
      "unit": "℃",
      "type": "Int",
      "is_readonly": true
    },
    "25B共挤备用2设定值": {
      "address": "VW132",
      "value": 0,
      "unit": "℃",
      "type": "Int",
      "is_readonly": false
    },
    "25B共挤备用2实际值": {
      "address": "VW332",
      "value": 3276,
      "unit": "℃",
      "type": "Int",
      "is_readonly": true
    },
    "25A共挤备用1设定值": {
      "address": "VW134",
      "value": 0,
      "unit": "℃",
      "type": "Int",
      "is_readonly": false
    },
    "25A共挤备用1实际值": {
      "address": "VW334",
      "value": 3276,
      "unit": "℃",
      "type": "Int",
      "is_readonly": true
    },
    "25A共挤备用2设定值": {
      "address": "VW136",
      "value": 0,
      "unit": "℃",
      "type": "Int",
      "is_readonly": false
    },
    "25A共挤备用2实际值": {
      "address": "VW336",
      "value": 3276,
      "unit": "℃",
      "type": "Int",
      "is_readonly": true
    }
  }
}
------------------------------------------------------------
2026-04-29 11:09:41 | PLC_READ | MACHINE | 用户ID:1
请求参数:
{
  "主机转速设定值": {
    "address": "VD208",
    "value": 5.299997329711914,
    "unit": "RPM",
    "type": "Real"
  },
  "主机转速实际值": {
    "address": "VD232",
    "value": 0.0,
    "unit": "RPM",
    "type": "Real"
  },
  "主机电流值": {
    "address": "VD256",
    "value": 0.0,
    "unit": "A",
    "type": "Real"
  },
  "喂料转速设定值": {
    "address": "VD32",
    "value": 0.0,
    "unit": "RPM",
    "type": "Real"
  },
  "喂料转速实际值": {
    "address": "VD244",
    "value": 0.0,
    "unit": "RPM",
    "type": "Real"
  },
  "喂料电流负载占比": {
    "address": "VD3304",
    "value": 0,
    "unit": "%",
    "type": "Int"
  },
  "喂料电流值": {
    "address": "VD260",
    "value": 0.0,
    "unit": "A",
    "type": "Real"
  },
  "65机筒1区设定值": {
    "address": "VW102",
    "value": 145,
    "unit": "℃",
    "type": "Int"
  },
  "65机筒1区实际值": {
    "address": "VW302",
    "value": 144,
    "unit": "℃",
    "type": "Int"
  },
  "65机筒2区设定值": {
    "address": "VW104",
    "value": 220,
    "unit": "℃",
    "type": "Int"
  },
  "65机筒2区实际值": {
    "address": "VW304",
    "value": 218,
    "unit": "℃",
    "type": "Int"
  },
  "65机筒3区设定值": {
    "address": "VW106",
    "value": 220,
    "unit": "℃",
    "type": "Int"
  },
  "65机筒3区实际值": {
    "address": "VW306",
    "value": 215,
    "unit": "℃",
    "type": "Int"
  },
  "65机筒4区设定值": {
    "address": "VW108",
    "value": 145,
    "unit": "℃",
    "type": "Int"
  },
  "65机筒4区实际值": {
    "address": "VW308",
    "value": 31,
    "unit": "℃",
    "type": "Int"
  },
  "65机合流芯设定值": {
    "address": "VW154",
    "value": 0,
    "unit": "℃",
    "type": "Int"
  },
  "65机合流芯实际值": {
    "address": "VW354",
    "value": 0,
    "unit": "℃",
    "type": "Int"
  },
  "芯层模具上设定值": {
    "address": "VW1130",
    "value": 0,
    "unit": "℃",
    "type": "Int"
  },
  "芯层模具上实际值": {
    "address": "VW330",
    "value": 3276,
    "unit": "℃",
    "type": "Int"
  },
  "芯层模具下设定值": {
    "address": "VW1132",
    "value": 0,
    "unit": "℃",
    "type": "Int"
  },
  "芯层模具下实际值": {
    "address": "VW332",
    "value": 3276,
    "unit": "℃",
    "type": "Int"
  },
  "芯层模具左设定值": {
    "address": "VW1134",
    "value": 0,
    "unit": "℃",
    "type": "Int"
  },
  "芯层模具左实际值": {
    "address": "VW334",
    "value": 3276,
    "unit": "℃",
    "type": "Int"
  },
  "芯层模具右设定值": {
    "address": "VW1136",
    "value": 0,
    "unit": "℃",
    "type": "Int"
  },
  "芯层模具右实际值": {
    "address": "VW336",
    "value": 3276,
    "unit": "℃",
    "type": "Int"
  },
  "外层模具上设定值": {
    "address": "VW1138",
    "value": 0,
    "unit": "℃",
    "type": "Int"
  },
  "外层模具上实际值": {
    "address": "VW338",
    "value": 0,
    "unit": "℃",
    "type": "Int"
  },
  "外层模具下设定值": {
    "address": "VW1140",
    "value": 0,
    "unit": "℃",
    "type": "Int"
  },
  "外层模具下实际值": {
    "address": "VW340",
    "value": 0,
    "unit": "℃",
    "type": "Int"
  },
  "外层模具左设定值": {
    "address": "VW1142",
    "value": 0,
    "unit": "℃",
    "type": "Int"
  },
  "外层模具左实际值": {
    "address": "VW342",
    "value": 0,
    "unit": "",
    "type": "Int"
  },
  "外层模具石设定值": {
    "address": "VW344",
    "value": 0,
    "unit": "℃",
    "type": "Int"
  },
  "外层模具石实际值": {
    "address": "VW344",
    "value": 0,
    "unit": "℃",
    "type": "Int"
  },
  "A组合流芯设定值": {
    "address": "VW346",
    "value": 0,
    "unit": "℃",
    "type": "Int"
  },
  "A组合流芯实际值": {
    "address": "VW346",
    "value": 0,
    "unit": "℃",
    "type": "Int"
  },
  "A组转接模设定值": {
    "address": "VW348",
    "value": 0,
    "unit": "℃",
    "type": "Int"
  },
  "A组转接模实际值": {
    "address": "VW348",
    "value": 0,
    "unit": "℃",
    "type": "Int"
  },
  "A组连接管设定值": {
    "address": "VW350",
    "value": 0,
    "unit": "℃",
    "type": "Int"
  },
  "A组连接管实际值": {
    "address": "VW350",
    "value": 0,
    "unit": "℃",
    "type": "Int"
  },
  "B组合流芯设定值": {
    "address": "VW352",
    "value": 0,
    "unit": "℃",
    "type": "Int"
  },
  "B组合流芯实际值": {
    "address": "VW352",
    "value": 0,
    "unit": "℃",
    "type": "Int"
  },
  "B组转接模设定值": {
    "address": "VW362",
    "value": 0,
    "unit": "℃",
    "type": "Int"
  },
  "B组转接模实际值": {
    "address": "VW362",
    "value": 0,
    "unit": "℃",
    "type": "Int"
  },
  "B组连接管设定值": {
    "address": "VW364",
    "value": 0,
    "unit": "℃",
    "type": "Int"
  },
  "B组连接管实际值": {
    "address": "VW364",
    "value": 0,
    "unit": "℃",
    "type": "Int"
  },
  "35A转速设定值": {
    "address": "VD508",
    "value": 149.69998168945312,
    "unit": "RPM",
    "type": "Real"
  },
  "35A转速实际值": {
    "address": "VD532",
    "value": 0.0,
    "unit": "RPM",
    "type": "Real"
  },
  "35A电流设定值": {
    "address": "VD2300",
    "value": 0.0,
    "unit": "%",
    "type": "Real"
  },
  "35A电流实际值": {
    "address": "VD556",
    "value": 0.0,
    "unit": "A",
    "type": "Real"
  },
  "35B转速设定值": {
    "address": "VD212",
    "value": 42.39997863769531,
    "unit": "RPM",
    "type": "Real"
  },
  "35B转速实际值": {
    "address": "VD236",
    "value": 42.39997863769531,
    "unit": "RPM",
    "type": "Real"
  },
  "35B电流设定值": {
    "address": "VD3308",
    "value": 0.0,
    "unit": "%",
    "type": "Real"
  },
  "35B电流实际值": {
    "address": "VD264",
    "value": 0.0,
    "unit": "A",
    "type": "Real"
  },
  "A组35机1区设定值": {
    "address": "VW116",
    "value": 170,
    "unit": "℃",
    "type": "Int"
  },
  "A组35机1区实际值": {
    "address": "VW118",
    "value": 170,
    "unit": "℃",
    "type": "Int"
  },
  "A组35机2区设定值": {
    "address": "VW316",
    "value": 33,
    "unit": "℃",
    "type": "Int"
  },
  "A组35机2区实际值": {
    "address": "VW318",
    "value": 35,
    "unit": "℃",
    "type": "Int"
  },
  "A组35机3区设定值": {
    "address": "VW368",
    "value": 0,
    "unit": "℃",
    "type": "Int"
  },
  "A组35机3区实际值": {
    "address": "VW370",
    "value": 0,
    "unit": "℃",
    "type": "Int"
  },
  "B组35机1区设定值": {
    "address": "VW118",
    "value": 170,
    "unit": "℃",
    "type": "Int"
  },
  "B组35机1区实际值": {
    "address": "VW370",
    "value": 0,
    "unit": "℃",
    "type": "Int"
  },
  "B组35机2区设定值": {
    "address": "VW120",
    "value": 0,
    "unit": "℃",
    "type": "Int"
  },
  "B组35机2区实际值": {
    "address": "VW322",
    "value": 0,
    "unit": "℃",
    "type": "Int"
  },
  "B组35机3区设定值": {
    "address": "VW112",
    "value": 0,
    "unit": "℃",
    "type": "Int"
  },
  "B组35机3区实际值": {
    "address": "VW312",
    "value": 0,
    "unit": "℃",
    "type": "Int"
  },
  "A组备用1设定值": {
    "address": "VW160",
    "value": 0,
    "unit": "℃",
    "type": "Int"
  },
  "A组备用1实际值": {
    "address": "VW312",
    "value": 0,
    "unit": "℃",
    "type": "Int"
  },
  "A组备用2设定值": {
    "address": "VW166",
    "value": 0,
    "unit": "℃",
    "type": "Int"
  },
  "A组备用2实际值": {
    "address": "VW366",
    "value": 0,
    "unit": "℃",
    "type": "Int"
  },
  "B组备用1设定值": {
    "address": "VW156",
    "value": 0,
    "unit": "℃",
    "type": "Int"
  },
  "B组备用1实际值": {
    "address": "VW356",
    "value": 0,
    "unit": "℃",
    "type": "Int"
  },
  "B组备用2设定值": {
    "address": "VW158",
    "value": 0,
    "unit": "℃",
    "type": "Int"
  },
  "B组备用2实际值": {
    "address": "VW358",
    "value": 0,
    "unit": "℃",
    "type": "Int"
  },
  "25B转速设定值": {
    "address": "VD212",
    "value": 42.39997863769531,
    "unit": "RPM",
    "type": "Real"
  },
  "25B转速实际值": {
    "address": "VD532",
    "value": 0.0,
    "unit": "RPM",
    "type": "Real"
  },
  "25B电流设定值": {
    "address": "VD2300",
    "value": 0.0,
    "unit": "%",
    "type": "Real"
  },
  "25B电流实际值": {
    "address": "VD556",
    "value": 0.0,
    "unit": "A",
    "type": "Real"
  },
  "25A转速设定值": {
    "address": "VD208",
    "value": 5.299997329711914,
    "unit": "RPM",
    "type": "Real"
  },
  "25A转速实际值": {
    "address": "VD232",
    "value": 0.0,
    "unit": "RPM",
    "type": "Real"
  },
  "25A电流设定值": {
    "address": "VD3300",
    "value": 0.0,
    "unit": "%",
    "type": "Real"
  },
  "25A电流实际值": {
    "address": "VD256",
    "value": 0.0,
    "unit": "A",
    "type": "Real"
  },
  "B组25机1区设定值": {
    "address": "VW102",
    "value": 145,
    "unit": "℃",
    "type": "Int"
  },
  "B组25机1区实际值": {
    "address": "VW104",
    "value": 220,
    "unit": "℃",
    "type": "Int"
  },
  "B组25机2区设定值": {
    "address": "VW104",
    "value": 220,
    "unit": "℃",
    "type": "Int"
  },
  "B组25机2区实际值": {
    "address": "VW304",
    "value": 218,
    "unit": "℃",
    "type": "Int"
  },
  "B组25机3区设定值": {
    "address": "VW106",
    "value": 220,
    "unit": "℃",
    "type": "Int"
  },
  "B组25机3区实际值": {
    "address": "VW306",
    "value": 215,
    "unit": "℃",
    "type": "Int"
  },
  "A组25机1区设定值": {
    "address": "VW108",
    "value": 145,
    "unit": "℃",
    "type": "Int"
  },
  "A组25机1区实际值": {
    "address": "VW308",
    "value": 31,
    "unit": "℃",
    "type": "Int"
  },
  "A组25机2区设定值": {
    "address": "VW116",
    "value": 170,
    "unit": "℃",
    "type": "Int"
  },
  "A组25机2区实际值": {
    "address": "VW316",
    "value": 33,
    "unit": "℃",
    "type": "Int"
  },
  "A组25机3区设定值": {
    "address": "VW118",
    "value": 170,
    "unit": "℃",
    "type": "Int"
  },
  "A组25机3区实际值": {
    "address": "VW318",
    "value": 35,
    "unit": "℃",
    "type": "Int"
  },
  "25B共挤备用1设定值": {
    "address": "VW130",
    "value": 0,
    "unit": "℃",
    "type": "Int"
  },
  "25B共挤备用1实际值": {
    "address": "VW330",
    "value": 3276,
    "unit": "℃",
    "type": "Int"
  },
  "25B共挤备用2设定值": {
    "address": "VW132",
    "value": 0,
    "unit": "℃",
    "type": "Int"
  },
  "25B共挤备用2实际值": {
    "address": "VW332",
    "value": 3276,
    "unit": "℃",
    "type": "Int"
  },
  "25A共挤备用1设定值": {
    "address": "VW134",
    "value": 0,
    "unit": "℃",
    "type": "Int"
  },
  "25A共挤备用1实际值": {
    "address": "VW334",
    "value": 3276,
    "unit": "℃",
    "type": "Int"
  },
  "25A共挤备用2设定值": {
    "address": "VW136",
    "value": 0,
    "unit": "℃",
    "type": "Int"
  },
  "25A共挤备用2实际值": {
    "address": "VW336",
    "value": 3276,
    "unit": "℃",
    "type": "Int"
  }
}
详情: 机台: 默认挤出机 (ID: 1), 参数数量: 101
返回结果:
{
  "machine": {
    "id": 1,
    "name": "默认挤出机"
  },
  "parameters": {
    "主机转速设定值": {
      "address": "VD208",
      "value": 5.299997329711914,
      "unit": "RPM",
      "type": "Real",
      "is_readonly": false
    },
    "主机转速实际值": {
      "address": "VD232",
      "value": 0.0,
      "unit": "RPM",
      "type": "Real",
      "is_readonly": true
    },
    "主机电流值": {
      "address": "VD256",
      "value": 0.0,
      "unit": "A",
      "type": "Real",
      "is_readonly": true
    },
    "喂料转速设定值": {
      "address": "VD32",
      "value": 0.0,
      "unit": "RPM",
      "type": "Real",
      "is_readonly": false
    },
    "喂料转速实际值": {
      "address": "VD244",
      "value": 0.0,
      "unit": "RPM",
      "type": "Real",
      "is_readonly": true
    },
    "喂料电流负载占比": {
      "address": "VD3304",
      "value": 0,
      "unit": "%",
      "type": "Int",
      "is_readonly": true
    },
    "喂料电流值": {
      "address": "VD260",
      "value": 0.0,
      "unit": "A",
      "type": "Real",
      "is_readonly": true
    },
    "65机筒1区设定值": {
      "address": "VW102",
      "value": 145,
      "unit": "℃",
      "type": "Int",
      "is_readonly": false
    },
    "65机筒1区实际值": {
      "address": "VW302",
      "value": 144,
      "unit": "℃",
      "type": "Int",
      "is_readonly": true
    },
    "65机筒2区设定值": {
      "address": "VW104",
      "value": 220,
      "unit": "℃",
      "type": "Int",
      "is_readonly": false
    },
    "65机筒2区实际值": {
      "address": "VW304",
      "value": 218,
      "unit": "℃",
      "type": "Int",
      "is_readonly": true
    },
    "65机筒3区设定值": {
      "address": "VW106",
      "value": 220,
      "unit": "℃",
      "type": "Int",
      "is_readonly": false
    },
    "65机筒3区实际值": {
      "address": "VW306",
      "value": 215,
      "unit": "℃",
      "type": "Int",
      "is_readonly": true
    },
    "65机筒4区设定值": {
      "address": "VW108",
      "value": 145,
      "unit": "℃",
      "type": "Int",
      "is_readonly": false
    },
    "65机筒4区实际值": {
      "address": "VW308",
      "value": 31,
      "unit": "℃",
      "type": "Int",
      "is_readonly": true
    },
    "65机合流芯设定值": {
      "address": "VW154",
      "value": 0,
      "unit": "℃",
      "type": "Int",
      "is_readonly": false
    },
    "65机合流芯实际值": {
      "address": "VW354",
      "value": 0,
      "unit": "℃",
      "type": "Int",
      "is_readonly": true
    },
    "芯层模具上设定值": {
      "address": "VW1130",
      "value": 0,
      "unit": "℃",
      "type": "Int",
      "is_readonly": false
    },
    "芯层模具上实际值": {
      "address": "VW330",
      "value": 3276,
      "unit": "℃",
      "type": "Int",
      "is_readonly": true
    },
    "芯层模具下设定值": {
      "address": "VW1132",
      "value": 0,
      "unit": "℃",
      "type": "Int",
      "is_readonly": false
    },
    "芯层模具下实际值": {
      "address": "VW332",
      "value": 3276,
      "unit": "℃",
      "type": "Int",
      "is_readonly": true
    },
    "芯层模具左设定值": {
      "address": "VW1134",
      "value": 0,
      "unit": "℃",
      "type": "Int",
      "is_readonly": false
    },
    "芯层模具左实际值": {
      "address": "VW334",
      "value": 3276,
      "unit": "℃",
      "type": "Int",
      "is_readonly": true
    },
    "芯层模具右设定值": {
      "address": "VW1136",
      "value": 0,
      "unit": "℃",
      "type": "Int",
      "is_readonly": false
    },
    "芯层模具右实际值": {
      "address": "VW336",
      "value": 3276,
      "unit": "℃",
      "type": "Int",
      "is_readonly": true
    },
    "外层模具上设定值": {
      "address": "VW1138",
      "value": 0,
      "unit": "℃",
      "type": "Int",
      "is_readonly": false
    },
    "外层模具上实际值": {
      "address": "VW338",
      "value": 0,
      "unit": "℃",
      "type": "Int",
      "is_readonly": true
    },
    "外层模具下设定值": {
      "address": "VW1140",
      "value": 0,
      "unit": "℃",
      "type": "Int",
      "is_readonly": false
    },
    "外层模具下实际值": {
      "address": "VW340",
      "value": 0,
      "unit": "℃",
      "type": "Int",
      "is_readonly": true
    },
    "外层模具左设定值": {
      "address": "VW1142",
      "value": 0,
      "unit": "℃",
      "type": "Int",
      "is_readonly": false
    },
    "外层模具左实际值": {
      "address": "VW342",
      "value": 0,
      "unit": "",
      "type": "Int",
      "is_readonly": true
    },
    "外层模具石设定值": {
      "address": "VW344",
      "value": 0,
      "unit": "℃",
      "type": "Int",
      "is_readonly": false
    },
    "外层模具石实际值": {
      "address": "VW344",
      "value": 0,
      "unit": "℃",
      "type": "Int",
      "is_readonly": true
    },
    "A组合流芯设定值": {
      "address": "VW346",
      "value": 0,
      "unit": "℃",
      "type": "Int",
      "is_readonly": false
    },
    "A组合流芯实际值": {
      "address": "VW346",
      "value": 0,
      "unit": "℃",
      "type": "Int",
      "is_readonly": true
    },
    "A组转接模设定值": {
      "address": "VW348",
      "value": 0,
      "unit": "℃",
      "type": "Int",
      "is_readonly": false
    },
    "A组转接模实际值": {
      "address": "VW348",
      "value": 0,
      "unit": "℃",
      "type": "Int",
      "is_readonly": true
    },
    "A组连接管设定值": {
      "address": "VW350",
      "value": 0,
      "unit": "℃",
      "type": "Int",
      "is_readonly": false
    },
    "A组连接管实际值": {
      "address": "VW350",
      "value": 0,
      "unit": "℃",
      "type": "Int",
      "is_readonly": true
    },
    "B组合流芯设定值": {
      "address": "VW352",
      "value": 0,
      "unit": "℃",
      "type": "Int",
      "is_readonly": false
    },
    "B组合流芯实际值": {
      "address": "VW352",
      "value": 0,
      "unit": "℃",
      "type": "Int",
      "is_readonly": true
    },
    "B组转接模设定值": {
      "address": "VW362",
      "value": 0,
      "unit": "℃",
      "type": "Int",
      "is_readonly": false
    },
    "B组转接模实际值": {
      "address": "VW362",
      "value": 0,
      "unit": "℃",
      "type": "Int",
      "is_readonly": true
    },
    "B组连接管设定值": {
      "address": "VW364",
      "value": 0,
      "unit": "℃",
      "type": "Int",
      "is_readonly": false
    },
    "B组连接管实际值": {
      "address": "VW364",
      "value": 0,
      "unit": "℃",
      "type": "Int",
      "is_readonly": true
    },
    "35A转速设定值": {
      "address": "VD508",
      "value": 149.69998168945312,
      "unit": "RPM",
      "type": "Real",
      "is_readonly": false
    },
    "35A转速实际值": {
      "address": "VD532",
      "value": 0.0,
      "unit": "RPM",
      "type": "Real",
      "is_readonly": true
    },
    "35A电流设定值": {
      "address": "VD2300",
      "value": 0.0,
      "unit": "%",
      "type": "Real",
      "is_readonly": false
    },
    "35A电流实际值": {
      "address": "VD556",
      "value": 0.0,
      "unit": "A",
      "type": "Real",
      "is_readonly": true
    },
    "35B转速设定值": {
      "address": "VD212",
      "value": 42.39997863769531,
      "unit": "RPM",
      "type": "Real",
      "is_readonly": false
    },
    "35B转速实际值": {
      "address": "VD236",
      "value": 42.39997863769531,
      "unit": "RPM",
      "type": "Real",
      "is_readonly": true
    },
    "35B电流设定值": {
      "address": "VD3308",
      "value": 0.0,
      "unit": "%",
      "type": "Real",
      "is_readonly": false
    },
    "35B电流实际值": {
      "address": "VD264",
      "value": 0.0,
      "unit": "A",
      "type": "Real",
      "is_readonly": true
    },
    "A组35机1区设定值": {
      "address": "VW116",
      "value": 170,
      "unit": "℃",
      "type": "Int",
      "is_readonly": false
    },
    "A组35机1区实际值": {
      "address": "VW118",
      "value": 170,
      "unit": "℃",
      "type": "Int",
      "is_readonly": true
    },
    "A组35机2区设定值": {
      "address": "VW316",
      "value": 33,
      "unit": "℃",
      "type": "Int",
      "is_readonly": false
    },
    "A组35机2区实际值": {
      "address": "VW318",
      "value": 35,
      "unit": "℃",
      "type": "Int",
      "is_readonly": true
    },
    "A组35机3区设定值": {
      "address": "VW368",
      "value": 0,
      "unit": "℃",
      "type": "Int",
      "is_readonly": false
    },
    "A组35机3区实际值": {
      "address": "VW370",
      "value": 0,
      "unit": "℃",
      "type": "Int",
      "is_readonly": true
    },
    "B组35机1区设定值": {
      "address": "VW118",
      "value": 170,
      "unit": "℃",
      "type": "Int",
      "is_readonly": false
    },
    "B组35机1区实际值": {
      "address": "VW370",
      "value": 0,
      "unit": "℃",
      "type": "Int",
      "is_readonly": true
    },
    "B组35机2区设定值": {
      "address": "VW120",
      "value": 0,
      "unit": "℃",
      "type": "Int",
      "is_readonly": false
    },
    "B组35机2区实际值": {
      "address": "VW322",
      "value": 0,
      "unit": "℃",
      "type": "Int",
      "is_readonly": true
    },
    "B组35机3区设定值": {
      "address": "VW112",
      "value": 0,
      "unit": "℃",
      "type": "Int",
      "is_readonly": false
    },
    "B组35机3区实际值": {
      "address": "VW312",
      "value": 0,
      "unit": "℃",
      "type": "Int",
      "is_readonly": true
    },
    "A组备用1设定值": {
      "address": "VW160",
      "value": 0,
      "unit": "℃",
      "type": "Int",
      "is_readonly": false
    },
    "A组备用1实际值": {
      "address": "VW312",
      "value": 0,
      "unit": "℃",
      "type": "Int",
      "is_readonly": true
    },
    "A组备用2设定值": {
      "address": "VW166",
      "value": 0,
      "unit": "℃",
      "type": "Int",
      "is_readonly": false
    },
    "A组备用2实际值": {
      "address": "VW366",
      "value": 0,
      "unit": "℃",
      "type": "Int",
      "is_readonly": true
    },
    "B组备用1设定值": {
      "address": "VW156",
      "value": 0,
      "unit": "℃",
      "type": "Int",
      "is_readonly": false
    },
    "B组备用1实际值": {
      "address": "VW356",
      "value": 0,
      "unit": "℃",
      "type": "Int",
      "is_readonly": true
    },
    "B组备用2设定值": {
      "address": "VW158",
      "value": 0,
      "unit": "℃",
      "type": "Int",
      "is_readonly": false
    },
    "B组备用2实际值": {
      "address": "VW358",
      "value": 0,
      "unit": "℃",
      "type": "Int",
      "is_readonly": true
    },
    "25B转速设定值": {
      "address": "VD212",
      "value": 42.39997863769531,
      "unit": "RPM",
      "type": "Real",
      "is_readonly": false
    },
    "25B转速实际值": {
      "address": "VD532",
      "value": 0.0,
      "unit": "RPM",
      "type": "Real",
      "is_readonly": true
    },
    "25B电流设定值": {
      "address": "VD2300",
      "value": 0.0,
      "unit": "%",
      "type": "Real",
      "is_readonly": false
    },
    "25B电流实际值": {
      "address": "VD556",
      "value": 0.0,
      "unit": "A",
      "type": "Real",
      "is_readonly": true
    },
    "25A转速设定值": {
      "address": "VD208",
      "value": 5.299997329711914,
      "unit": "RPM",
      "type": "Real",
      "is_readonly": false
    },
    "25A转速实际值": {
      "address": "VD232",
      "value": 0.0,
      "unit": "RPM",
      "type": "Real",
      "is_readonly": true
    },
    "25A电流设定值": {
      "address": "VD3300",
      "value": 0.0,
      "unit": "%",
      "type": "Real",
      "is_readonly": false
    },
    "25A电流实际值": {
      "address": "VD256",
      "value": 0.0,
      "unit": "A",
      "type": "Real",
      "is_readonly": true
    },
    "B组25机1区设定值": {
      "address": "VW102",
      "value": 145,
      "unit": "℃",
      "type": "Int",
      "is_readonly": false
    },
    "B组25机1区实际值": {
      "address": "VW104",
      "value": 220,
      "unit": "℃",
      "type": "Int",
      "is_readonly": true
    },
    "B组25机2区设定值": {
      "address": "VW104",
      "value": 220,
      "unit": "℃",
      "type": "Int",
      "is_readonly": false
    },
    "B组25机2区实际值": {
      "address": "VW304",
      "value": 218,
      "unit": "℃",
      "type": "Int",
      "is_readonly": true
    },
    "B组25机3区设定值": {
      "address": "VW106",
      "value": 220,
      "unit": "℃",
      "type": "Int",
      "is_readonly": false
    },
    "B组25机3区实际值": {
      "address": "VW306",
      "value": 215,
      "unit": "℃",
      "type": "Int",
      "is_readonly": true
    },
    "A组25机1区设定值": {
      "address": "VW108",
      "value": 145,
      "unit": "℃",
      "type": "Int",
      "is_readonly": false
    },
    "A组25机1区实际值": {
      "address": "VW308",
      "value": 31,
      "unit": "℃",
      "type": "Int",
      "is_readonly": true
    },
    "A组25机2区设定值": {
      "address": "VW116",
      "value": 170,
      "unit": "℃",
      "type": "Int",
      "is_readonly": false
    },
    "A组25机2区实际值": {
      "address": "VW316",
      "value": 33,
      "unit": "℃",
      "type": "Int",
      "is_readonly": true
    },
    "A组25机3区设定值": {
      "address": "VW118",
      "value": 170,
      "unit": "℃",
      "type": "Int",
      "is_readonly": false
    },
    "A组25机3区实际值": {
      "address": "VW318",
      "value": 35,
      "unit": "℃",
      "type": "Int",
      "is_readonly": true
    },
    "25B共挤备用1设定值": {
      "address": "VW130",
      "value": 0,
      "unit": "℃",
      "type": "Int",
      "is_readonly": false
    },
    "25B共挤备用1实际值": {
      "address": "VW330",
      "value": 3276,
      "unit": "℃",
      "type": "Int",
      "is_readonly": true
    },
    "25B共挤备用2设定值": {
      "address": "VW132",
      "value": 0,
      "unit": "℃",
      "type": "Int",
      "is_readonly": false
    },
    "25B共挤备用2实际值": {
      "address": "VW332",
      "value": 3276,
      "unit": "℃",
      "type": "Int",
      "is_readonly": true
    },
    "25A共挤备用1设定值": {
      "address": "VW134",
      "value": 0,
      "unit": "℃",
      "type": "Int",
      "is_readonly": false
    },
    "25A共挤备用1实际值": {
      "address": "VW334",
      "value": 3276,
      "unit": "℃",
      "type": "Int",
      "is_readonly": true
    },
    "25A共挤备用2设定值": {
      "address": "VW136",
      "value": 0,
      "unit": "℃",
      "type": "Int",
      "is_readonly": false
    },
    "25A共挤备用2实际值": {
      "address": "VW336",
      "value": 3276,
      "unit": "℃",
      "type": "Int",
      "is_readonly": true
    }
  }
}
------------------------------------------------------------
2026-04-29 11:11:34 | PLC_READ | MACHINE | 用户ID:1
请求参数:
{
  "主机转速设定值": {
    "address": "VD208",
    "value": 5.299997329711914,
    "unit": "RPM",
    "type": "Real"
  },
  "主机转速实际值": {
    "address": "VD232",
    "value": 0.0,
    "unit": "RPM",
    "type": "Real"
  },
  "主机电流值": {
    "address": "VD256",
    "value": 0.0,
    "unit": "A",
    "type": "Real"
  },
  "喂料转速设定值": {
    "address": "VD32",
    "value": 0.0,
    "unit": "RPM",
    "type": "Real"
  },
  "喂料转速实际值": {
    "address": "VD244",
    "value": 0.0,
    "unit": "RPM",
    "type": "Real"
  },
  "喂料电流负载占比": {
    "address": "VD3304",
    "value": 0,
    "unit": "%",
    "type": "Int"
  },
  "喂料电流值": {
    "address": "VD260",
    "value": 0.0,
    "unit": "A",
    "type": "Real"
  },
  "65机筒1区设定值": {
    "address": "VW102",
    "value": 145,
    "unit": "℃",
    "type": "Int"
  },
  "65机筒1区实际值": {
    "address": "VW302",
    "value": 144,
    "unit": "℃",
    "type": "Int"
  },
  "65机筒2区设定值": {
    "address": "VW104",
    "value": 220,
    "unit": "℃",
    "type": "Int"
  },
  "65机筒2区实际值": {
    "address": "VW304",
    "value": 218,
    "unit": "℃",
    "type": "Int"
  },
  "65机筒3区设定值": {
    "address": "VW106",
    "value": 220,
    "unit": "℃",
    "type": "Int"
  },
  "65机筒3区实际值": {
    "address": "VW306",
    "value": 216,
    "unit": "℃",
    "type": "Int"
  },
  "65机筒4区设定值": {
    "address": "VW108",
    "value": 145,
    "unit": "℃",
    "type": "Int"
  },
  "65机筒4区实际值": {
    "address": "VW308",
    "value": 31,
    "unit": "℃",
    "type": "Int"
  },
  "65机合流芯设定值": {
    "address": "VW154",
    "value": 0,
    "unit": "℃",
    "type": "Int"
  },
  "65机合流芯实际值": {
    "address": "VW354",
    "value": 0,
    "unit": "℃",
    "type": "Int"
  },
  "芯层模具上设定值": {
    "address": "VW1130",
    "value": 0,
    "unit": "℃",
    "type": "Int"
  },
  "芯层模具上实际值": {
    "address": "VW330",
    "value": 3276,
    "unit": "℃",
    "type": "Int"
  },
  "芯层模具下设定值": {
    "address": "VW1132",
    "value": 0,
    "unit": "℃",
    "type": "Int"
  },
  "芯层模具下实际值": {
    "address": "VW332",
    "value": 3276,
    "unit": "℃",
    "type": "Int"
  },
  "芯层模具左设定值": {
    "address": "VW1134",
    "value": 0,
    "unit": "℃",
    "type": "Int"
  },
  "芯层模具左实际值": {
    "address": "VW334",
    "value": 3276,
    "unit": "℃",
    "type": "Int"
  },
  "芯层模具右设定值": {
    "address": "VW1136",
    "value": 0,
    "unit": "℃",
    "type": "Int"
  },
  "芯层模具右实际值": {
    "address": "VW336",
    "value": 3276,
    "unit": "℃",
    "type": "Int"
  },
  "外层模具上设定值": {
    "address": "VW1138",
    "value": 0,
    "unit": "℃",
    "type": "Int"
  },
  "外层模具上实际值": {
    "address": "VW338",
    "value": 0,
    "unit": "℃",
    "type": "Int"
  },
  "外层模具下设定值": {
    "address": "VW1140",
    "value": 0,
    "unit": "℃",
    "type": "Int"
  },
  "外层模具下实际值": {
    "address": "VW340",
    "value": 0,
    "unit": "℃",
    "type": "Int"
  },
  "外层模具左设定值": {
    "address": "VW1142",
    "value": 0,
    "unit": "℃",
    "type": "Int"
  },
  "外层模具左实际值": {
    "address": "VW342",
    "value": 0,
    "unit": "",
    "type": "Int"
  },
  "外层模具石设定值": {
    "address": "VW344",
    "value": 0,
    "unit": "℃",
    "type": "Int"
  },
  "外层模具石实际值": {
    "address": "VW344",
    "value": 0,
    "unit": "℃",
    "type": "Int"
  },
  "A组合流芯设定值": {
    "address": "VW346",
    "value": 0,
    "unit": "℃",
    "type": "Int"
  },
  "A组合流芯实际值": {
    "address": "VW346",
    "value": 0,
    "unit": "℃",
    "type": "Int"
  },
  "A组转接模设定值": {
    "address": "VW348",
    "value": 0,
    "unit": "℃",
    "type": "Int"
  },
  "A组转接模实际值": {
    "address": "VW348",
    "value": 0,
    "unit": "℃",
    "type": "Int"
  },
  "A组连接管设定值": {
    "address": "VW350",
    "value": 0,
    "unit": "℃",
    "type": "Int"
  },
  "A组连接管实际值": {
    "address": "VW350",
    "value": 0,
    "unit": "℃",
    "type": "Int"
  },
  "B组合流芯设定值": {
    "address": "VW352",
    "value": 0,
    "unit": "℃",
    "type": "Int"
  },
  "B组合流芯实际值": {
    "address": "VW352",
    "value": 0,
    "unit": "℃",
    "type": "Int"
  },
  "B组转接模设定值": {
    "address": "VW362",
    "value": 0,
    "unit": "℃",
    "type": "Int"
  },
  "B组转接模实际值": {
    "address": "VW362",
    "value": 0,
    "unit": "℃",
    "type": "Int"
  },
  "B组连接管设定值": {
    "address": "VW364",
    "value": 0,
    "unit": "℃",
    "type": "Int"
  },
  "B组连接管实际值": {
    "address": "VW364",
    "value": 0,
    "unit": "℃",
    "type": "Int"
  },
  "35A转速设定值": {
    "address": "VD508",
    "value": 149.69998168945312,
    "unit": "RPM",
    "type": "Real"
  },
  "35A转速实际值": {
    "address": "VD532",
    "value": 0.0,
    "unit": "RPM",
    "type": "Real"
  },
  "35A电流设定值": {
    "address": "VD2300",
    "value": 0.0,
    "unit": "%",
    "type": "Real"
  },
  "35A电流实际值": {
    "address": "VD556",
    "value": 0.0,
    "unit": "A",
    "type": "Real"
  },
  "35B转速设定值": {
    "address": "VD212",
    "value": 42.39997863769531,
    "unit": "RPM",
    "type": "Real"
  },
  "35B转速实际值": {
    "address": "VD236",
    "value": 42.39997863769531,
    "unit": "RPM",
    "type": "Real"
  },
  "35B电流设定值": {
    "address": "VD3308",
    "value": 0.0,
    "unit": "%",
    "type": "Real"
  },
  "35B电流实际值": {
    "address": "VD264",
    "value": 0.0,
    "unit": "A",
    "type": "Real"
  },
  "A组35机1区设定值": {
    "address": "VW116",
    "value": 170,
    "unit": "℃",
    "type": "Int"
  },
  "A组35机1区实际值": {
    "address": "VW118",
    "value": 170,
    "unit": "℃",
    "type": "Int"
  },
  "A组35机2区设定值": {
    "address": "VW316",
    "value": 33,
    "unit": "℃",
    "type": "Int"
  },
  "A组35机2区实际值": {
    "address": "VW318",
    "value": 35,
    "unit": "℃",
    "type": "Int"
  },
  "A组35机3区设定值": {
    "address": "VW368",
    "value": 0,
    "unit": "℃",
    "type": "Int"
  },
  "A组35机3区实际值": {
    "address": "VW370",
    "value": 0,
    "unit": "℃",
    "type": "Int"
  },
  "B组35机1区设定值": {
    "address": "VW118",
    "value": 170,
    "unit": "℃",
    "type": "Int"
  },
  "B组35机1区实际值": {
    "address": "VW370",
    "value": 0,
    "unit": "℃",
    "type": "Int"
  },
  "B组35机2区设定值": {
    "address": "VW120",
    "value": 0,
    "unit": "℃",
    "type": "Int"
  },
  "B组35机2区实际值": {
    "address": "VW322",
    "value": 0,
    "unit": "℃",
    "type": "Int"
  },
  "B组35机3区设定值": {
    "address": "VW112",
    "value": 0,
    "unit": "℃",
    "type": "Int"
  },
  "B组35机3区实际值": {
    "address": "VW312",
    "value": 0,
    "unit": "℃",
    "type": "Int"
  },
  "A组备用1设定值": {
    "address": "VW160",
    "value": 0,
    "unit": "℃",
    "type": "Int"
  },
  "A组备用1实际值": {
    "address": "VW312",
    "value": 0,
    "unit": "℃",
    "type": "Int"
  },
  "A组备用2设定值": {
    "address": "VW166",
    "value": 0,
    "unit": "℃",
    "type": "Int"
  },
  "A组备用2实际值": {
    "address": "VW366",
    "value": 0,
    "unit": "℃",
    "type": "Int"
  },
  "B组备用1设定值": {
    "address": "VW156",
    "value": 0,
    "unit": "℃",
    "type": "Int"
  },
  "B组备用1实际值": {
    "address": "VW356",
    "value": 0,
    "unit": "℃",
    "type": "Int"
  },
  "B组备用2设定值": {
    "address": "VW158",
    "value": 0,
    "unit": "℃",
    "type": "Int"
  },
  "B组备用2实际值": {
    "address": "VW358",
    "value": 0,
    "unit": "℃",
    "type": "Int"
  },
  "25B转速设定值": {
    "address": "VD212",
    "value": 42.39997863769531,
    "unit": "RPM",
    "type": "Real"
  },
  "25B转速实际值": {
    "address": "VD532",
    "value": 0.0,
    "unit": "RPM",
    "type": "Real"
  },
  "25B电流设定值": {
    "address": "VD2300",
    "value": 0.0,
    "unit": "%",
    "type": "Real"
  },
  "25B电流实际值": {
    "address": "VD556",
    "value": 0.0,
    "unit": "A",
    "type": "Real"
  },
  "25A转速设定值": {
    "address": "VD208",
    "value": 5.299997329711914,
    "unit": "RPM",
    "type": "Real"
  },
  "25A转速实际值": {
    "address": "VD232",
    "value": 0.0,
    "unit": "RPM",
    "type": "Real"
  },
  "25A电流设定值": {
    "address": "VD3300",
    "value": 0.0,
    "unit": "%",
    "type": "Real"
  },
  "25A电流实际值": {
    "address": "VD256",
    "value": 0.0,
    "unit": "A",
    "type": "Real"
  },
  "B组25机1区设定值": {
    "address": "VW102",
    "value": 145,
    "unit": "℃",
    "type": "Int"
  },
  "B组25机1区实际值": {
    "address": "VW104",
    "value": 220,
    "unit": "℃",
    "type": "Int"
  },
  "B组25机2区设定值": {
    "address": "VW104",
    "value": 220,
    "unit": "℃",
    "type": "Int"
  },
  "B组25机2区实际值": {
    "address": "VW304",
    "value": 218,
    "unit": "℃",
    "type": "Int"
  },
  "B组25机3区设定值": {
    "address": "VW106",
    "value": 220,
    "unit": "℃",
    "type": "Int"
  },
  "B组25机3区实际值": {
    "address": "VW306",
    "value": 216,
    "unit": "℃",
    "type": "Int"
  },
  "A组25机1区设定值": {
    "address": "VW108",
    "value": 145,
    "unit": "℃",
    "type": "Int"
  },
  "A组25机1区实际值": {
    "address": "VW308",
    "value": 31,
    "unit": "℃",
    "type": "Int"
  },
  "A组25机2区设定值": {
    "address": "VW116",
    "value": 170,
    "unit": "℃",
    "type": "Int"
  },
  "A组25机2区实际值": {
    "address": "VW316",
    "value": 33,
    "unit": "℃",
    "type": "Int"
  },
  "A组25机3区设定值": {
    "address": "VW118",
    "value": 170,
    "unit": "℃",
    "type": "Int"
  },
  "A组25机3区实际值": {
    "address": "VW318",
    "value": 35,
    "unit": "℃",
    "type": "Int"
  },
  "25B共挤备用1设定值": {
    "address": "VW130",
    "value": 0,
    "unit": "℃",
    "type": "Int"
  },
  "25B共挤备用1实际值": {
    "address": "VW330",
    "value": 3276,
    "unit": "℃",
    "type": "Int"
  },
  "25B共挤备用2设定值": {
    "address": "VW132",
    "value": 0,
    "unit": "℃",
    "type": "Int"
  },
  "25B共挤备用2实际值": {
    "address": "VW332",
    "value": 3276,
    "unit": "℃",
    "type": "Int"
  },
  "25A共挤备用1设定值": {
    "address": "VW134",
    "value": 0,
    "unit": "℃",
    "type": "Int"
  },
  "25A共挤备用1实际值": {
    "address": "VW334",
    "value": 3276,
    "unit": "℃",
    "type": "Int"
  },
  "25A共挤备用2设定值": {
    "address": "VW136",
    "value": 0,
    "unit": "℃",
    "type": "Int"
  },
  "25A共挤备用2实际值": {
    "address": "VW336",
    "value": 3276,
    "unit": "℃",
    "type": "Int"
  }
}
详情: 机台: 默认挤出机 (ID: 1), 参数数量: 101
返回结果:
{
  "machine": {
    "id": 1,
    "name": "默认挤出机"
  },
  "parameters": {
    "主机转速设定值": {
      "address": "VD208",
      "value": 5.299997329711914,
      "unit": "RPM",
      "type": "Real",
      "is_readonly": false
    },
    "主机转速实际值": {
      "address": "VD232",
      "value": 0.0,
      "unit": "RPM",
      "type": "Real",
      "is_readonly": true
    },
    "主机电流值": {
      "address": "VD256",
      "value": 0.0,
      "unit": "A",
      "type": "Real",
      "is_readonly": true
    },
    "喂料转速设定值": {
      "address": "VD32",
      "value": 0.0,
      "unit": "RPM",
      "type": "Real",
      "is_readonly": false
    },
    "喂料转速实际值": {
      "address": "VD244",
      "value": 0.0,
      "unit": "RPM",
      "type": "Real",
      "is_readonly": true
    },
    "喂料电流负载占比": {
      "address": "VD3304",
      "value": 0,
      "unit": "%",
      "type": "Int",
      "is_readonly": true
    },
    "喂料电流值": {
      "address": "VD260",
      "value": 0.0,
      "unit": "A",
      "type": "Real",
      "is_readonly": true
    },
    "65机筒1区设定值": {
      "address": "VW102",
      "value": 145,
      "unit": "℃",
      "type": "Int",
      "is_readonly": false
    },
    "65机筒1区实际值": {
      "address": "VW302",
      "value": 144,
      "unit": "℃",
      "type": "Int",
      "is_readonly": true
    },
    "65机筒2区设定值": {
      "address": "VW104",
      "value": 220,
      "unit": "℃",
      "type": "Int",
      "is_readonly": false
    },
    "65机筒2区实际值": {
      "address": "VW304",
      "value": 218,
      "unit": "℃",
      "type": "Int",
      "is_readonly": true
    },
    "65机筒3区设定值": {
      "address": "VW106",
      "value": 220,
      "unit": "℃",
      "type": "Int",
      "is_readonly": false
    },
    "65机筒3区实际值": {
      "address": "VW306",
      "value": 216,
      "unit": "℃",
      "type": "Int",
      "is_readonly": true
    },
    "65机筒4区设定值": {
      "address": "VW108",
      "value": 145,
      "unit": "℃",
      "type": "Int",
      "is_readonly": false
    },
    "65机筒4区实际值": {
      "address": "VW308",
      "value": 31,
      "unit": "℃",
      "type": "Int",
      "is_readonly": true
    },
    "65机合流芯设定值": {
      "address": "VW154",
      "value": 0,
      "unit": "℃",
      "type": "Int",
      "is_readonly": false
    },
    "65机合流芯实际值": {
      "address": "VW354",
      "value": 0,
      "unit": "℃",
      "type": "Int",
      "is_readonly": true
    },
    "芯层模具上设定值": {
      "address": "VW1130",
      "value": 0,
      "unit": "℃",
      "type": "Int",
      "is_readonly": false
    },
    "芯层模具上实际值": {
      "address": "VW330",
      "value": 3276,
      "unit": "℃",
      "type": "Int",
      "is_readonly": true
    },
    "芯层模具下设定值": {
      "address": "VW1132",
      "value": 0,
      "unit": "℃",
      "type": "Int",
      "is_readonly": false
    },
    "芯层模具下实际值": {
      "address": "VW332",
      "value": 3276,
      "unit": "℃",
      "type": "Int",
      "is_readonly": true
    },
    "芯层模具左设定值": {
      "address": "VW1134",
      "value": 0,
      "unit": "℃",
      "type": "Int",
      "is_readonly": false
    },
    "芯层模具左实际值": {
      "address": "VW334",
      "value": 3276,
      "unit": "℃",
      "type": "Int",
      "is_readonly": true
    },
    "芯层模具右设定值": {
      "address": "VW1136",
      "value": 0,
      "unit": "℃",
      "type": "Int",
      "is_readonly": false
    },
    "芯层模具右实际值": {
      "address": "VW336",
      "value": 3276,
      "unit": "℃",
      "type": "Int",
      "is_readonly": true
    },
    "外层模具上设定值": {
      "address": "VW1138",
      "value": 0,
      "unit": "℃",
      "type": "Int",
      "is_readonly": false
    },
    "外层模具上实际值": {
      "address": "VW338",
      "value": 0,
      "unit": "℃",
      "type": "Int",
      "is_readonly": true
    },
    "外层模具下设定值": {
      "address": "VW1140",
      "value": 0,
      "unit": "℃",
      "type": "Int",
      "is_readonly": false
    },
    "外层模具下实际值": {
      "address": "VW340",
      "value": 0,
      "unit": "℃",
      "type": "Int",
      "is_readonly": true
    },
    "外层模具左设定值": {
      "address": "VW1142",
      "value": 0,
      "unit": "℃",
      "type": "Int",
      "is_readonly": false
    },
    "外层模具左实际值": {
      "address": "VW342",
      "value": 0,
      "unit": "",
      "type": "Int",
      "is_readonly": true
    },
    "外层模具石设定值": {
      "address": "VW344",
      "value": 0,
      "unit": "℃",
      "type": "Int",
      "is_readonly": false
    },
    "外层模具石实际值": {
      "address": "VW344",
      "value": 0,
      "unit": "℃",
      "type": "Int",
      "is_readonly": true
    },
    "A组合流芯设定值": {
      "address": "VW346",
      "value": 0,
      "unit": "℃",
      "type": "Int",
      "is_readonly": false
    },
    "A组合流芯实际值": {
      "address": "VW346",
      "value": 0,
      "unit": "℃",
      "type": "Int",
      "is_readonly": true
    },
    "A组转接模设定值": {
      "address": "VW348",
      "value": 0,
      "unit": "℃",
      "type": "Int",
      "is_readonly": false
    },
    "A组转接模实际值": {
      "address": "VW348",
      "value": 0,
      "unit": "℃",
      "type": "Int",
      "is_readonly": true
    },
    "A组连接管设定值": {
      "address": "VW350",
      "value": 0,
      "unit": "℃",
      "type": "Int",
      "is_readonly": false
    },
    "A组连接管实际值": {
      "address": "VW350",
      "value": 0,
      "unit": "℃",
      "type": "Int",
      "is_readonly": true
    },
    "B组合流芯设定值": {
      "address": "VW352",
      "value": 0,
      "unit": "℃",
      "type": "Int",
      "is_readonly": false
    },
    "B组合流芯实际值": {
      "address": "VW352",
      "value": 0,
      "unit": "℃",
      "type": "Int",
      "is_readonly": true
    },
    "B组转接模设定值": {
      "address": "VW362",
      "value": 0,
      "unit": "℃",
      "type": "Int",
      "is_readonly": false
    },
    "B组转接模实际值": {
      "address": "VW362",
      "value": 0,
      "unit": "℃",
      "type": "Int",
      "is_readonly": true
    },
    "B组连接管设定值": {
      "address": "VW364",
      "value": 0,
      "unit": "℃",
      "type": "Int",
      "is_readonly": false
    },
    "B组连接管实际值": {
      "address": "VW364",
      "value": 0,
      "unit": "℃",
      "type": "Int",
      "is_readonly": true
    },
    "35A转速设定值": {
      "address": "VD508",
      "value": 149.69998168945312,
      "unit": "RPM",
      "type": "Real",
      "is_readonly": false
    },
    "35A转速实际值": {
      "address": "VD532",
      "value": 0.0,
      "unit": "RPM",
      "type": "Real",
      "is_readonly": true
    },
    "35A电流设定值": {
      "address": "VD2300",
      "value": 0.0,
      "unit": "%",
      "type": "Real",
      "is_readonly": false
    },
    "35A电流实际值": {
      "address": "VD556",
      "value": 0.0,
      "unit": "A",
      "type": "Real",
      "is_readonly": true
    },
    "35B转速设定值": {
      "address": "VD212",
      "value": 42.39997863769531,
      "unit": "RPM",
      "type": "Real",
      "is_readonly": false
    },
    "35B转速实际值": {
      "address": "VD236",
      "value": 42.39997863769531,
      "unit": "RPM",
      "type": "Real",
      "is_readonly": true
    },
    "35B电流设定值": {
      "address": "VD3308",
      "value": 0.0,
      "unit": "%",
      "type": "Real",
      "is_readonly": false
    },
    "35B电流实际值": {
      "address": "VD264",
      "value": 0.0,
      "unit": "A",
      "type": "Real",
      "is_readonly": true
    },
    "A组35机1区设定值": {
      "address": "VW116",
      "value": 170,
      "unit": "℃",
      "type": "Int",
      "is_readonly": false
    },
    "A组35机1区实际值": {
      "address": "VW118",
      "value": 170,
      "unit": "℃",
      "type": "Int",
      "is_readonly": true
    },
    "A组35机2区设定值": {
      "address": "VW316",
      "value": 33,
      "unit": "℃",
      "type": "Int",
      "is_readonly": false
    },
    "A组35机2区实际值": {
      "address": "VW318",
      "value": 35,
      "unit": "℃",
      "type": "Int",
      "is_readonly": true
    },
    "A组35机3区设定值": {
      "address": "VW368",
      "value": 0,
      "unit": "℃",
      "type": "Int",
      "is_readonly": false
    },
    "A组35机3区实际值": {
      "address": "VW370",
      "value": 0,
      "unit": "℃",
      "type": "Int",
      "is_readonly": true
    },
    "B组35机1区设定值": {
      "address": "VW118",
      "value": 170,
      "unit": "℃",
      "type": "Int",
      "is_readonly": false
    },
    "B组35机1区实际值": {
      "address": "VW370",
      "value": 0,
      "unit": "℃",
      "type": "Int",
      "is_readonly": true
    },
    "B组35机2区设定值": {
      "address": "VW120",
      "value": 0,
      "unit": "℃",
      "type": "Int",
      "is_readonly": false
    },
    "B组35机2区实际值": {
      "address": "VW322",
      "value": 0,
      "unit": "℃",
      "type": "Int",
      "is_readonly": true
    },
    "B组35机3区设定值": {
      "address": "VW112",
      "value": 0,
      "unit": "℃",
      "type": "Int",
      "is_readonly": false
    },
    "B组35机3区实际值": {
      "address": "VW312",
      "value": 0,
      "unit": "℃",
      "type": "Int",
      "is_readonly": true
    },
    "A组备用1设定值": {
      "address": "VW160",
      "value": 0,
      "unit": "℃",
      "type": "Int",
      "is_readonly": false
    },
    "A组备用1实际值": {
      "address": "VW312",
      "value": 0,
      "unit": "℃",
      "type": "Int",
      "is_readonly": true
    },
    "A组备用2设定值": {
      "address": "VW166",
      "value": 0,
      "unit": "℃",
      "type": "Int",
      "is_readonly": false
    },
    "A组备用2实际值": {
      "address": "VW366",
      "value": 0,
      "unit": "℃",
      "type": "Int",
      "is_readonly": true
    },
    "B组备用1设定值": {
      "address": "VW156",
      "value": 0,
      "unit": "℃",
      "type": "Int",
      "is_readonly": false
    },
    "B组备用1实际值": {
      "address": "VW356",
      "value": 0,
      "unit": "℃",
      "type": "Int",
      "is_readonly": true
    },
    "B组备用2设定值": {
      "address": "VW158",
      "value": 0,
      "unit": "℃",
      "type": "Int",
      "is_readonly": false
    },
    "B组备用2实际值": {
      "address": "VW358",
      "value": 0,
      "unit": "℃",
      "type": "Int",
      "is_readonly": true
    },
    "25B转速设定值": {
      "address": "VD212",
      "value": 42.39997863769531,
      "unit": "RPM",
      "type": "Real",
      "is_readonly": false
    },
    "25B转速实际值": {
      "address": "VD532",
      "value": 0.0,
      "unit": "RPM",
      "type": "Real",
      "is_readonly": true
    },
    "25B电流设定值": {
      "address": "VD2300",
      "value": 0.0,
      "unit": "%",
      "type": "Real",
      "is_readonly": false
    },
    "25B电流实际值": {
      "address": "VD556",
      "value": 0.0,
      "unit": "A",
      "type": "Real",
      "is_readonly": true
    },
    "25A转速设定值": {
      "address": "VD208",
      "value": 5.299997329711914,
      "unit": "RPM",
      "type": "Real",
      "is_readonly": false
    },
    "25A转速实际值": {
      "address": "VD232",
      "value": 0.0,
      "unit": "RPM",
      "type": "Real",
      "is_readonly": true
    },
    "25A电流设定值": {
      "address": "VD3300",
      "value": 0.0,
      "unit": "%",
      "type": "Real",
      "is_readonly": false
    },
    "25A电流实际值": {
      "address": "VD256",
      "value": 0.0,
      "unit": "A",
      "type": "Real",
      "is_readonly": true
    },
    "B组25机1区设定值": {
      "address": "VW102",
      "value": 145,
      "unit": "℃",
      "type": "Int",
      "is_readonly": false
    },
    "B组25机1区实际值": {
      "address": "VW104",
      "value": 220,
      "unit": "℃",
      "type": "Int",
      "is_readonly": true
    },
    "B组25机2区设定值": {
      "address": "VW104",
      "value": 220,
      "unit": "℃",
      "type": "Int",
      "is_readonly": false
    },
    "B组25机2区实际值": {
      "address": "VW304",
      "value": 218,
      "unit": "℃",
      "type": "Int",
      "is_readonly": true
    },
    "B组25机3区设定值": {
      "address": "VW106",
      "value": 220,
      "unit": "℃",
      "type": "Int",
      "is_readonly": false
    },
    "B组25机3区实际值": {
      "address": "VW306",
      "value": 216,
      "unit": "℃",
      "type": "Int",
      "is_readonly": true
    },
    "A组25机1区设定值": {
      "address": "VW108",
      "value": 145,
      "unit": "℃",
      "type": "Int",
      "is_readonly": false
    },
    "A组25机1区实际值": {
      "address": "VW308",
      "value": 31,
      "unit": "℃",
      "type": "Int",
      "is_readonly": true
    },
    "A组25机2区设定值": {
      "address": "VW116",
      "value": 170,
      "unit": "℃",
      "type": "Int",
      "is_readonly": false
    },
    "A组25机2区实际值": {
      "address": "VW316",
      "value": 33,
      "unit": "℃",
      "type": "Int",
      "is_readonly": true
    },
    "A组25机3区设定值": {
      "address": "VW118",
      "value": 170,
      "unit": "℃",
      "type": "Int",
      "is_readonly": false
    },
    "A组25机3区实际值": {
      "address": "VW318",
      "value": 35,
      "unit": "℃",
      "type": "Int",
      "is_readonly": true
    },
    "25B共挤备用1设定值": {
      "address": "VW130",
      "value": 0,
      "unit": "℃",
      "type": "Int",
      "is_readonly": false
    },
    "25B共挤备用1实际值": {
      "address": "VW330",
      "value": 3276,
      "unit": "℃",
      "type": "Int",
      "is_readonly": true
    },
    "25B共挤备用2设定值": {
      "address": "VW132",
      "value": 0,
      "unit": "℃",
      "type": "Int",
      "is_readonly": false
    },
    "25B共挤备用2实际值": {
      "address": "VW332",
      "value": 3276,
      "unit": "℃",
      "type": "Int",
      "is_readonly": true
    },
    "25A共挤备用1设定值": {
      "address": "VW134",
      "value": 0,
      "unit": "℃",
      "type": "Int",
      "is_readonly": false
    },
    "25A共挤备用1实际值": {
      "address": "VW334",
      "value": 3276,
      "unit": "℃",
      "type": "Int",
      "is_readonly": true
    },
    "25A共挤备用2设定值": {
      "address": "VW136",
      "value": 0,
      "unit": "℃",
      "type": "Int",
      "is_readonly": false
    },
    "25A共挤备用2实际值": {
      "address": "VW336",
      "value": 3276,
      "unit": "℃",
      "type": "Int",
      "is_readonly": true
    }
  }
}
------------------------------------------------------------
2026-04-29 11:12:27 | PLC_READ | MACHINE | 用户ID:1
请求参数:
{
  "主机转速设定值": {
    "address": "VD208",
    "value": 5.299997329711914,
    "unit": "RPM",
    "type": "Real"
  },
  "主机转速实际值": {
    "address": "VD232",
    "value": 0.0,
    "unit": "RPM",
    "type": "Real"
  },
  "主机电流值": {
    "address": "VD256",
    "value": 0.0,
    "unit": "A",
    "type": "Real"
  },
  "喂料转速设定值": {
    "address": "VD32",
    "value": 0.0,
    "unit": "RPM",
    "type": "Real"
  },
  "喂料转速实际值": {
    "address": "VD244",
    "value": 0.0,
    "unit": "RPM",
    "type": "Real"
  },
  "喂料电流负载占比": {
    "address": "VD3304",
    "value": 0,
    "unit": "%",
    "type": "Int"
  },
  "喂料电流值": {
    "address": "VD260",
    "value": 0.0,
    "unit": "A",
    "type": "Real"
  },
  "65机筒1区设定值": {
    "address": "VW102",
    "value": 145,
    "unit": "℃",
    "type": "Int"
  },
  "65机筒1区实际值": {
    "address": "VW302",
    "value": 144,
    "unit": "℃",
    "type": "Int"
  },
  "65机筒2区设定值": {
    "address": "VW104",
    "value": 220,
    "unit": "℃",
    "type": "Int"
  },
  "65机筒2区实际值": {
    "address": "VW304",
    "value": 218,
    "unit": "℃",
    "type": "Int"
  },
  "65机筒3区设定值": {
    "address": "VW106",
    "value": 220,
    "unit": "℃",
    "type": "Int"
  },
  "65机筒3区实际值": {
    "address": "VW306",
    "value": 216,
    "unit": "℃",
    "type": "Int"
  },
  "65机筒4区设定值": {
    "address": "VW108",
    "value": 145,
    "unit": "℃",
    "type": "Int"
  },
  "65机筒4区实际值": {
    "address": "VW308",
    "value": 31,
    "unit": "℃",
    "type": "Int"
  },
  "65机合流芯设定值": {
    "address": "VW154",
    "value": 0,
    "unit": "℃",
    "type": "Int"
  },
  "65机合流芯实际值": {
    "address": "VW354",
    "value": 0,
    "unit": "℃",
    "type": "Int"
  },
  "芯层模具上设定值": {
    "address": "VW1130",
    "value": 0,
    "unit": "℃",
    "type": "Int"
  },
  "芯层模具上实际值": {
    "address": "VW330",
    "value": 3276,
    "unit": "℃",
    "type": "Int"
  },
  "芯层模具下设定值": {
    "address": "VW1132",
    "value": 0,
    "unit": "℃",
    "type": "Int"
  },
  "芯层模具下实际值": {
    "address": "VW332",
    "value": 3276,
    "unit": "℃",
    "type": "Int"
  },
  "芯层模具左设定值": {
    "address": "VW1134",
    "value": 0,
    "unit": "℃",
    "type": "Int"
  },
  "芯层模具左实际值": {
    "address": "VW334",
    "value": 3276,
    "unit": "℃",
    "type": "Int"
  },
  "芯层模具右设定值": {
    "address": "VW1136",
    "value": 0,
    "unit": "℃",
    "type": "Int"
  },
  "芯层模具右实际值": {
    "address": "VW336",
    "value": 3276,
    "unit": "℃",
    "type": "Int"
  },
  "外层模具上设定值": {
    "address": "VW1138",
    "value": 0,
    "unit": "℃",
    "type": "Int"
  },
  "外层模具上实际值": {
    "address": "VW338",
    "value": 0,
    "unit": "℃",
    "type": "Int"
  },
  "外层模具下设定值": {
    "address": "VW1140",
    "value": 0,
    "unit": "℃",
    "type": "Int"
  },
  "外层模具下实际值": {
    "address": "VW340",
    "value": 0,
    "unit": "℃",
    "type": "Int"
  },
  "外层模具左设定值": {
    "address": "VW1142",
    "value": 0,
    "unit": "℃",
    "type": "Int"
  },
  "外层模具左实际值": {
    "address": "VW342",
    "value": 0,
    "unit": "",
    "type": "Int"
  },
  "外层模具石设定值": {
    "address": "VW344",
    "value": 0,
    "unit": "℃",
    "type": "Int"
  },
  "外层模具石实际值": {
    "address": "VW344",
    "value": 0,
    "unit": "℃",
    "type": "Int"
  },
  "A组合流芯设定值": {
    "address": "VW346",
    "value": 0,
    "unit": "℃",
    "type": "Int"
  },
  "A组合流芯实际值": {
    "address": "VW346",
    "value": 0,
    "unit": "℃",
    "type": "Int"
  },
  "A组转接模设定值": {
    "address": "VW348",
    "value": 0,
    "unit": "℃",
    "type": "Int"
  },
  "A组转接模实际值": {
    "address": "VW348",
    "value": 0,
    "unit": "℃",
    "type": "Int"
  },
  "A组连接管设定值": {
    "address": "VW350",
    "value": 0,
    "unit": "℃",
    "type": "Int"
  },
  "A组连接管实际值": {
    "address": "VW350",
    "value": 0,
    "unit": "℃",
    "type": "Int"
  },
  "B组合流芯设定值": {
    "address": "VW352",
    "value": 0,
    "unit": "℃",
    "type": "Int"
  },
  "B组合流芯实际值": {
    "address": "VW352",
    "value": 0,
    "unit": "℃",
    "type": "Int"
  },
  "B组转接模设定值": {
    "address": "VW362",
    "value": 0,
    "unit": "℃",
    "type": "Int"
  },
  "B组转接模实际值": {
    "address": "VW362",
    "value": 0,
    "unit": "℃",
    "type": "Int"
  },
  "B组连接管设定值": {
    "address": "VW364",
    "value": 0,
    "unit": "℃",
    "type": "Int"
  },
  "B组连接管实际值": {
    "address": "VW364",
    "value": 0,
    "unit": "℃",
    "type": "Int"
  },
  "35A转速设定值": {
    "address": "VD508",
    "value": 149.69998168945312,
    "unit": "RPM",
    "type": "Real"
  },
  "35A转速实际值": {
    "address": "VD532",
    "value": 0.0,
    "unit": "RPM",
    "type": "Real"
  },
  "35A电流设定值": {
    "address": "VD2300",
    "value": 0.0,
    "unit": "%",
    "type": "Real"
  },
  "35A电流实际值": {
    "address": "VD556",
    "value": 0.0,
    "unit": "A",
    "type": "Real"
  },
  "35B转速设定值": {
    "address": "VD212",
    "value": 42.39997863769531,
    "unit": "RPM",
    "type": "Real"
  },
  "35B转速实际值": {
    "address": "VD236",
    "value": 42.39997863769531,
    "unit": "RPM",
    "type": "Real"
  },
  "35B电流设定值": {
    "address": "VD3308",
    "value": 0.0,
    "unit": "%",
    "type": "Real"
  },
  "35B电流实际值": {
    "address": "VD264",
    "value": 0.0,
    "unit": "A",
    "type": "Real"
  },
  "A组35机1区设定值": {
    "address": "VW116",
    "value": 170,
    "unit": "℃",
    "type": "Int"
  },
  "A组35机1区实际值": {
    "address": "VW118",
    "value": 170,
    "unit": "℃",
    "type": "Int"
  },
  "A组35机2区设定值": {
    "address": "VW316",
    "value": 33,
    "unit": "℃",
    "type": "Int"
  },
  "A组35机2区实际值": {
    "address": "VW318",
    "value": 35,
    "unit": "℃",
    "type": "Int"
  },
  "A组35机3区设定值": {
    "address": "VW368",
    "value": 0,
    "unit": "℃",
    "type": "Int"
  },
  "A组35机3区实际值": {
    "address": "VW370",
    "value": 0,
    "unit": "℃",
    "type": "Int"
  },
  "B组35机1区设定值": {
    "address": "VW118",
    "value": 170,
    "unit": "℃",
    "type": "Int"
  },
  "B组35机1区实际值": {
    "address": "VW370",
    "value": 0,
    "unit": "℃",
    "type": "Int"
  },
  "B组35机2区设定值": {
    "address": "VW120",
    "value": 0,
    "unit": "℃",
    "type": "Int"
  },
  "B组35机2区实际值": {
    "address": "VW322",
    "value": 0,
    "unit": "℃",
    "type": "Int"
  },
  "B组35机3区设定值": {
    "address": "VW112",
    "value": 0,
    "unit": "℃",
    "type": "Int"
  },
  "B组35机3区实际值": {
    "address": "VW312",
    "value": 0,
    "unit": "℃",
    "type": "Int"
  },
  "A组备用1设定值": {
    "address": "VW160",
    "value": 0,
    "unit": "℃",
    "type": "Int"
  },
  "A组备用1实际值": {
    "address": "VW312",
    "value": 0,
    "unit": "℃",
    "type": "Int"
  },
  "A组备用2设定值": {
    "address": "VW166",
    "value": 0,
    "unit": "℃",
    "type": "Int"
  },
  "A组备用2实际值": {
    "address": "VW366",
    "value": 0,
    "unit": "℃",
    "type": "Int"
  },
  "B组备用1设定值": {
    "address": "VW156",
    "value": 0,
    "unit": "℃",
    "type": "Int"
  },
  "B组备用1实际值": {
    "address": "VW356",
    "value": 0,
    "unit": "℃",
    "type": "Int"
  },
  "B组备用2设定值": {
    "address": "VW158",
    "value": 0,
    "unit": "℃",
    "type": "Int"
  },
  "B组备用2实际值": {
    "address": "VW358",
    "value": 0,
    "unit": "℃",
    "type": "Int"
  },
  "25B转速设定值": {
    "address": "VD212",
    "value": 42.39997863769531,
    "unit": "RPM",
    "type": "Real"
  },
  "25B转速实际值": {
    "address": "VD532",
    "value": 0.0,
    "unit": "RPM",
    "type": "Real"
  },
  "25B电流设定值": {
    "address": "VD2300",
    "value": 0.0,
    "unit": "%",
    "type": "Real"
  },
  "25B电流实际值": {
    "address": "VD556",
    "value": 0.0,
    "unit": "A",
    "type": "Real"
  },
  "25A转速设定值": {
    "address": "VD208",
    "value": 5.299997329711914,
    "unit": "RPM",
    "type": "Real"
  },
  "25A转速实际值": {
    "address": "VD232",
    "value": 0.0,
    "unit": "RPM",
    "type": "Real"
  },
  "25A电流设定值": {
    "address": "VD3300",
    "value": 0.0,
    "unit": "%",
    "type": "Real"
  },
  "25A电流实际值": {
    "address": "VD256",
    "value": 0.0,
    "unit": "A",
    "type": "Real"
  },
  "B组25机1区设定值": {
    "address": "VW102",
    "value": 145,
    "unit": "℃",
    "type": "Int"
  },
  "B组25机1区实际值": {
    "address": "VW104",
    "value": 220,
    "unit": "℃",
    "type": "Int"
  },
  "B组25机2区设定值": {
    "address": "VW104",
    "value": 220,
    "unit": "℃",
    "type": "Int"
  },
  "B组25机2区实际值": {
    "address": "VW304",
    "value": 218,
    "unit": "℃",
    "type": "Int"
  },
  "B组25机3区设定值": {
    "address": "VW106",
    "value": 220,
    "unit": "℃",
    "type": "Int"
  },
  "B组25机3区实际值": {
    "address": "VW306",
    "value": 216,
    "unit": "℃",
    "type": "Int"
  },
  "A组25机1区设定值": {
    "address": "VW108",
    "value": 145,
    "unit": "℃",
    "type": "Int"
  },
  "A组25机1区实际值": {
    "address": "VW308",
    "value": 31,
    "unit": "℃",
    "type": "Int"
  },
  "A组25机2区设定值": {
    "address": "VW116",
    "value": 170,
    "unit": "℃",
    "type": "Int"
  },
  "A组25机2区实际值": {
    "address": "VW316",
    "value": 33,
    "unit": "℃",
    "type": "Int"
  },
  "A组25机3区设定值": {
    "address": "VW118",
    "value": 170,
    "unit": "℃",
    "type": "Int"
  },
  "A组25机3区实际值": {
    "address": "VW318",
    "value": 35,
    "unit": "℃",
    "type": "Int"
  },
  "25B共挤备用1设定值": {
    "address": "VW130",
    "value": 0,
    "unit": "℃",
    "type": "Int"
  },
  "25B共挤备用1实际值": {
    "address": "VW330",
    "value": 3276,
    "unit": "℃",
    "type": "Int"
  },
  "25B共挤备用2设定值": {
    "address": "VW132",
    "value": 0,
    "unit": "℃",
    "type": "Int"
  },
  "25B共挤备用2实际值": {
    "address": "VW332",
    "value": 3276,
    "unit": "℃",
    "type": "Int"
  },
  "25A共挤备用1设定值": {
    "address": "VW134",
    "value": 0,
    "unit": "℃",
    "type": "Int"
  },
  "25A共挤备用1实际值": {
    "address": "VW334",
    "value": 3276,
    "unit": "℃",
    "type": "Int"
  },
  "25A共挤备用2设定值": {
    "address": "VW136",
    "value": 0,
    "unit": "℃",
    "type": "Int"
  },
  "25A共挤备用2实际值": {
    "address": "VW336",
    "value": 3276,
    "unit": "℃",
    "type": "Int"
  }
}
详情: 机台: 默认挤出机 (ID: 1), 参数数量: 101
返回结果:
{
  "machine": {
    "id": 1,
    "name": "默认挤出机"
  },
  "parameters": {
    "主机转速设定值": {
      "address": "VD208",
      "value": 5.299997329711914,
      "unit": "RPM",
      "type": "Real",
      "is_readonly": false
    },
    "主机转速实际值": {
      "address": "VD232",
      "value": 0.0,
      "unit": "RPM",
      "type": "Real",
      "is_readonly": true
    },
    "主机电流值": {
      "address": "VD256",
      "value": 0.0,
      "unit": "A",
      "type": "Real",
      "is_readonly": true
    },
    "喂料转速设定值": {
      "address": "VD32",
      "value": 0.0,
      "unit": "RPM",
      "type": "Real",
      "is_readonly": false
    },
    "喂料转速实际值": {
      "address": "VD244",
      "value": 0.0,
      "unit": "RPM",
      "type": "Real",
      "is_readonly": true
    },
    "喂料电流负载占比": {
      "address": "VD3304",
      "value": 0,
      "unit": "%",
      "type": "Int",
      "is_readonly": true
    },
    "喂料电流值": {
      "address": "VD260",
      "value": 0.0,
      "unit": "A",
      "type": "Real",
      "is_readonly": true
    },
    "65机筒1区设定值": {
      "address": "VW102",
      "value": 145,
      "unit": "℃",
      "type": "Int",
      "is_readonly": false
    },
    "65机筒1区实际值": {
      "address": "VW302",
      "value": 144,
      "unit": "℃",
      "type": "Int",
      "is_readonly": true
    },
    "65机筒2区设定值": {
      "address": "VW104",
      "value": 220,
      "unit": "℃",
      "type": "Int",
      "is_readonly": false
    },
    "65机筒2区实际值": {
      "address": "VW304",
      "value": 218,
      "unit": "℃",
      "type": "Int",
      "is_readonly": true
    },
    "65机筒3区设定值": {
      "address": "VW106",
      "value": 220,
      "unit": "℃",
      "type": "Int",
      "is_readonly": false
    },
    "65机筒3区实际值": {
      "address": "VW306",
      "value": 216,
      "unit": "℃",
      "type": "Int",
      "is_readonly": true
    },
    "65机筒4区设定值": {
      "address": "VW108",
      "value": 145,
      "unit": "℃",
      "type": "Int",
      "is_readonly": false
    },
    "65机筒4区实际值": {
      "address": "VW308",
      "value": 31,
      "unit": "℃",
      "type": "Int",
      "is_readonly": true
    },
    "65机合流芯设定值": {
      "address": "VW154",
      "value": 0,
      "unit": "℃",
      "type": "Int",
      "is_readonly": false
    },
    "65机合流芯实际值": {
      "address": "VW354",
      "value": 0,
      "unit": "℃",
      "type": "Int",
      "is_readonly": true
    },
    "芯层模具上设定值": {
      "address": "VW1130",
      "value": 0,
      "unit": "℃",
      "type": "Int",
      "is_readonly": false
    },
    "芯层模具上实际值": {
      "address": "VW330",
      "value": 3276,
      "unit": "℃",
      "type": "Int",
      "is_readonly": true
    },
    "芯层模具下设定值": {
      "address": "VW1132",
      "value": 0,
      "unit": "℃",
      "type": "Int",
      "is_readonly": false
    },
    "芯层模具下实际值": {
      "address": "VW332",
      "value": 3276,
      "unit": "℃",
      "type": "Int",
      "is_readonly": true
    },
    "芯层模具左设定值": {
      "address": "VW1134",
      "value": 0,
      "unit": "℃",
      "type": "Int",
      "is_readonly": false
    },
    "芯层模具左实际值": {
      "address": "VW334",
      "value": 3276,
      "unit": "℃",
      "type": "Int",
      "is_readonly": true
    },
    "芯层模具右设定值": {
      "address": "VW1136",
      "value": 0,
      "unit": "℃",
      "type": "Int",
      "is_readonly": false
    },
    "芯层模具右实际值": {
      "address": "VW336",
      "value": 3276,
      "unit": "℃",
      "type": "Int",
      "is_readonly": true
    },
    "外层模具上设定值": {
      "address": "VW1138",
      "value": 0,
      "unit": "℃",
      "type": "Int",
      "is_readonly": false
    },
    "外层模具上实际值": {
      "address": "VW338",
      "value": 0,
      "unit": "℃",
      "type": "Int",
      "is_readonly": true
    },
    "外层模具下设定值": {
      "address": "VW1140",
      "value": 0,
      "unit": "℃",
      "type": "Int",
      "is_readonly": false
    },
    "外层模具下实际值": {
      "address": "VW340",
      "value": 0,
      "unit": "℃",
      "type": "Int",
      "is_readonly": true
    },
    "外层模具左设定值": {
      "address": "VW1142",
      "value": 0,
      "unit": "℃",
      "type": "Int",
      "is_readonly": false
    },
    "外层模具左实际值": {
      "address": "VW342",
      "value": 0,
      "unit": "",
      "type": "Int",
      "is_readonly": true
    },
    "外层模具石设定值": {
      "address": "VW344",
      "value": 0,
      "unit": "℃",
      "type": "Int",
      "is_readonly": false
    },
    "外层模具石实际值": {
      "address": "VW344",
      "value": 0,
      "unit": "℃",
      "type": "Int",
      "is_readonly": true
    },
    "A组合流芯设定值": {
      "address": "VW346",
      "value": 0,
      "unit": "℃",
      "type": "Int",
      "is_readonly": false
    },
    "A组合流芯实际值": {
      "address": "VW346",
      "value": 0,
      "unit": "℃",
      "type": "Int",
      "is_readonly": true
    },
    "A组转接模设定值": {
      "address": "VW348",
      "value": 0,
      "unit": "℃",
      "type": "Int",
      "is_readonly": false
    },
    "A组转接模实际值": {
      "address": "VW348",
      "value": 0,
      "unit": "℃",
      "type": "Int",
      "is_readonly": true
    },
    "A组连接管设定值": {
      "address": "VW350",
      "value": 0,
      "unit": "℃",
      "type": "Int",
      "is_readonly": false
    },
    "A组连接管实际值": {
      "address": "VW350",
      "value": 0,
      "unit": "℃",
      "type": "Int",
      "is_readonly": true
    },
    "B组合流芯设定值": {
      "address": "VW352",
      "value": 0,
      "unit": "℃",
      "type": "Int",
      "is_readonly": false
    },
    "B组合流芯实际值": {
      "address": "VW352",
      "value": 0,
      "unit": "℃",
      "type": "Int",
      "is_readonly": true
    },
    "B组转接模设定值": {
      "address": "VW362",
      "value": 0,
      "unit": "℃",
      "type": "Int",
      "is_readonly": false
    },
    "B组转接模实际值": {
      "address": "VW362",
      "value": 0,
      "unit": "℃",
      "type": "Int",
      "is_readonly": true
    },
    "B组连接管设定值": {
      "address": "VW364",
      "value": 0,
      "unit": "℃",
      "type": "Int",
      "is_readonly": false
    },
    "B组连接管实际值": {
      "address": "VW364",
      "value": 0,
      "unit": "℃",
      "type": "Int",
      "is_readonly": true
    },
    "35A转速设定值": {
      "address": "VD508",
      "value": 149.69998168945312,
      "unit": "RPM",
      "type": "Real",
      "is_readonly": false
    },
    "35A转速实际值": {
      "address": "VD532",
      "value": 0.0,
      "unit": "RPM",
      "type": "Real",
      "is_readonly": true
    },
    "35A电流设定值": {
      "address": "VD2300",
      "value": 0.0,
      "unit": "%",
      "type": "Real",
      "is_readonly": false
    },
    "35A电流实际值": {
      "address": "VD556",
      "value": 0.0,
      "unit": "A",
      "type": "Real",
      "is_readonly": true
    },
    "35B转速设定值": {
      "address": "VD212",
      "value": 42.39997863769531,
      "unit": "RPM",
      "type": "Real",
      "is_readonly": false
    },
    "35B转速实际值": {
      "address": "VD236",
      "value": 42.39997863769531,
      "unit": "RPM",
      "type": "Real",
      "is_readonly": true
    },
    "35B电流设定值": {
      "address": "VD3308",
      "value": 0.0,
      "unit": "%",
      "type": "Real",
      "is_readonly": false
    },
    "35B电流实际值": {
      "address": "VD264",
      "value": 0.0,
      "unit": "A",
      "type": "Real",
      "is_readonly": true
    },
    "A组35机1区设定值": {
      "address": "VW116",
      "value": 170,
      "unit": "℃",
      "type": "Int",
      "is_readonly": false
    },
    "A组35机1区实际值": {
      "address": "VW118",
      "value": 170,
      "unit": "℃",
      "type": "Int",
      "is_readonly": true
    },
    "A组35机2区设定值": {
      "address": "VW316",
      "value": 33,
      "unit": "℃",
      "type": "Int",
      "is_readonly": false
    },
    "A组35机2区实际值": {
      "address": "VW318",
      "value": 35,
      "unit": "℃",
      "type": "Int",
      "is_readonly": true
    },
    "A组35机3区设定值": {
      "address": "VW368",
      "value": 0,
      "unit": "℃",
      "type": "Int",
      "is_readonly": false
    },
    "A组35机3区实际值": {
      "address": "VW370",
      "value": 0,
      "unit": "℃",
      "type": "Int",
      "is_readonly": true
    },
    "B组35机1区设定值": {
      "address": "VW118",
      "value": 170,
      "unit": "℃",
      "type": "Int",
      "is_readonly": false
    },
    "B组35机1区实际值": {
      "address": "VW370",
      "value": 0,
      "unit": "℃",
      "type": "Int",
      "is_readonly": true
    },
    "B组35机2区设定值": {
      "address": "VW120",
      "value": 0,
      "unit": "℃",
      "type": "Int",
      "is_readonly": false
    },
    "B组35机2区实际值": {
      "address": "VW322",
      "value": 0,
      "unit": "℃",
      "type": "Int",
      "is_readonly": true
    },
    "B组35机3区设定值": {
      "address": "VW112",
      "value": 0,
      "unit": "℃",
      "type": "Int",
      "is_readonly": false
    },
    "B组35机3区实际值": {
      "address": "VW312",
      "value": 0,
      "unit": "℃",
      "type": "Int",
      "is_readonly": true
    },
    "A组备用1设定值": {
      "address": "VW160",
      "value": 0,
      "unit": "℃",
      "type": "Int",
      "is_readonly": false
    },
    "A组备用1实际值": {
      "address": "VW312",
      "value": 0,
      "unit": "℃",
      "type": "Int",
      "is_readonly": true
    },
    "A组备用2设定值": {
      "address": "VW166",
      "value": 0,
      "unit": "℃",
      "type": "Int",
      "is_readonly": false
    },
    "A组备用2实际值": {
      "address": "VW366",
      "value": 0,
      "unit": "℃",
      "type": "Int",
      "is_readonly": true
    },
    "B组备用1设定值": {
      "address": "VW156",
      "value": 0,
      "unit": "℃",
      "type": "Int",
      "is_readonly": false
    },
    "B组备用1实际值": {
      "address": "VW356",
      "value": 0,
      "unit": "℃",
      "type": "Int",
      "is_readonly": true
    },
    "B组备用2设定值": {
      "address": "VW158",
      "value": 0,
      "unit": "℃",
      "type": "Int",
      "is_readonly": false
    },
    "B组备用2实际值": {
      "address": "VW358",
      "value": 0,
      "unit": "℃",
      "type": "Int",
      "is_readonly": true
    },
    "25B转速设定值": {
      "address": "VD212",
      "value": 42.39997863769531,
      "unit": "RPM",
      "type": "Real",
      "is_readonly": false
    },
    "25B转速实际值": {
      "address": "VD532",
      "value": 0.0,
      "unit": "RPM",
      "type": "Real",
      "is_readonly": true
    },
    "25B电流设定值": {
      "address": "VD2300",
      "value": 0.0,
      "unit": "%",
      "type": "Real",
      "is_readonly": false
    },
    "25B电流实际值": {
      "address": "VD556",
      "value": 0.0,
      "unit": "A",
      "type": "Real",
      "is_readonly": true
    },
    "25A转速设定值": {
      "address": "VD208",
      "value": 5.299997329711914,
      "unit": "RPM",
      "type": "Real",
      "is_readonly": false
    },
    "25A转速实际值": {
      "address": "VD232",
      "value": 0.0,
      "unit": "RPM",
      "type": "Real",
      "is_readonly": true
    },
    "25A电流设定值": {
      "address": "VD3300",
      "value": 0.0,
      "unit": "%",
      "type": "Real",
      "is_readonly": false
    },
    "25A电流实际值": {
      "address": "VD256",
      "value": 0.0,
      "unit": "A",
      "type": "Real",
      "is_readonly": true
    },
    "B组25机1区设定值": {
      "address": "VW102",
      "value": 145,
      "unit": "℃",
      "type": "Int",
      "is_readonly": false
    },
    "B组25机1区实际值": {
      "address": "VW104",
      "value": 220,
      "unit": "℃",
      "type": "Int",
      "is_readonly": true
    },
    "B组25机2区设定值": {
      "address": "VW104",
      "value": 220,
      "unit": "℃",
      "type": "Int",
      "is_readonly": false
    },
    "B组25机2区实际值": {
      "address": "VW304",
      "value": 218,
      "unit": "℃",
      "type": "Int",
      "is_readonly": true
    },
    "B组25机3区设定值": {
      "address": "VW106",
      "value": 220,
      "unit": "℃",
      "type": "Int",
      "is_readonly": false
    },
    "B组25机3区实际值": {
      "address": "VW306",
      "value": 216,
      "unit": "℃",
      "type": "Int",
      "is_readonly": true
    },
    "A组25机1区设定值": {
      "address": "VW108",
      "value": 145,
      "unit": "℃",
      "type": "Int",
      "is_readonly": false
    },
    "A组25机1区实际值": {
      "address": "VW308",
      "value": 31,
      "unit": "℃",
      "type": "Int",
      "is_readonly": true
    },
    "A组25机2区设定值": {
      "address": "VW116",
      "value": 170,
      "unit": "℃",
      "type": "Int",
      "is_readonly": false
    },
    "A组25机2区实际值": {
      "address": "VW316",
      "value": 33,
      "unit": "℃",
      "type": "Int",
      "is_readonly": true
    },
    "A组25机3区设定值": {
      "address": "VW118",
      "value": 170,
      "unit": "℃",
      "type": "Int",
      "is_readonly": false
    },
    "A组25机3区实际值": {
      "address": "VW318",
      "value": 35,
      "unit": "℃",
      "type": "Int",
      "is_readonly": true
    },
    "25B共挤备用1设定值": {
      "address": "VW130",
      "value": 0,
      "unit": "℃",
      "type": "Int",
      "is_readonly": false
    },
    "25B共挤备用1实际值": {
      "address": "VW330",
      "value": 3276,
      "unit": "℃",
      "type": "Int",
      "is_readonly": true
    },
    "25B共挤备用2设定值": {
      "address": "VW132",
      "value": 0,
      "unit": "℃",
      "type": "Int",
      "is_readonly": false
    },
    "25B共挤备用2实际值": {
      "address": "VW332",
      "value": 3276,
      "unit": "℃",
      "type": "Int",
      "is_readonly": true
    },
    "25A共挤备用1设定值": {
      "address": "VW134",
      "value": 0,
      "unit": "℃",
      "type": "Int",
      "is_readonly": false
    },
    "25A共挤备用1实际值": {
      "address": "VW334",
      "value": 3276,
      "unit": "℃",
      "type": "Int",
      "is_readonly": true
    },
    "25A共挤备用2设定值": {
      "address": "VW136",
      "value": 0,
      "unit": "℃",
      "type": "Int",
      "is_readonly": false
    },
    "25A共挤备用2实际值": {
      "address": "VW336",
      "value": 3276,
      "unit": "℃",
      "type": "Int",
      "is_readonly": true
    }
  }
}
------------------------------------------------------------
2026-04-29 11:25:57 | PLC_READ | MACHINE | 用户ID:1
请求参数:
{
  "主机转速设定值": {
    "address": "VD208",
    "value": 5.299997329711914,
    "unit": "RPM",
    "type": "Real"
  },
  "主机转速实际值": {
    "address": "VD232",
    "value": 0.0,
    "unit": "RPM",
    "type": "Real"
  },
  "主机电流值": {
    "address": "VD256",
    "value": 0.0,
    "unit": "A",
    "type": "Real"
  },
  "喂料转速设定值": {
    "address": "VD32",
    "value": 0.0,
    "unit": "RPM",
    "type": "Real"
  },
  "喂料转速实际值": {
    "address": "VD244",
    "value": 0.0,
    "unit": "RPM",
    "type": "Real"
  },
  "喂料电流负载占比": {
    "address": "VD3304",
    "value": 0,
    "unit": "%",
    "type": "Int"
  },
  "喂料电流值": {
    "address": "VD260",
    "value": 0.0,
    "unit": "A",
    "type": "Real"
  },
  "65机筒1区设定值": {
    "address": "VW102",
    "value": 145,
    "unit": "℃",
    "type": "Int"
  },
  "65机筒1区实际值": {
    "address": "VW302",
    "value": 144,
    "unit": "℃",
    "type": "Int"
  },
  "65机筒2区设定值": {
    "address": "VW104",
    "value": 220,
    "unit": "℃",
    "type": "Int"
  },
  "65机筒2区实际值": {
    "address": "VW304",
    "value": 218,
    "unit": "℃",
    "type": "Int"
  },
  "65机筒3区设定值": {
    "address": "VW106",
    "value": 220,
    "unit": "℃",
    "type": "Int"
  },
  "65机筒3区实际值": {
    "address": "VW306",
    "value": 215,
    "unit": "℃",
    "type": "Int"
  },
  "65机筒4区设定值": {
    "address": "VW108",
    "value": 145,
    "unit": "℃",
    "type": "Int"
  },
  "65机筒4区实际值": {
    "address": "VW308",
    "value": 31,
    "unit": "℃",
    "type": "Int"
  },
  "65机合流芯设定值": {
    "address": "VW154",
    "value": 0,
    "unit": "℃",
    "type": "Int"
  },
  "65机合流芯实际值": {
    "address": "VW354",
    "value": 0,
    "unit": "℃",
    "type": "Int"
  },
  "芯层模具上设定值": {
    "address": "VW1130",
    "value": 0,
    "unit": "℃",
    "type": "Int"
  },
  "芯层模具上实际值": {
    "address": "VW330",
    "value": 3276,
    "unit": "℃",
    "type": "Int"
  },
  "芯层模具下设定值": {
    "address": "VW1132",
    "value": 0,
    "unit": "℃",
    "type": "Int"
  },
  "芯层模具下实际值": {
    "address": "VW332",
    "value": 3276,
    "unit": "℃",
    "type": "Int"
  },
  "芯层模具左设定值": {
    "address": "VW1134",
    "value": 0,
    "unit": "℃",
    "type": "Int"
  },
  "芯层模具左实际值": {
    "address": "VW334",
    "value": 3276,
    "unit": "℃",
    "type": "Int"
  },
  "芯层模具右设定值": {
    "address": "VW1136",
    "value": 0,
    "unit": "℃",
    "type": "Int"
  },
  "芯层模具右实际值": {
    "address": "VW336",
    "value": 3276,
    "unit": "℃",
    "type": "Int"
  },
  "外层模具上设定值": {
    "address": "VW1138",
    "value": 0,
    "unit": "℃",
    "type": "Int"
  },
  "外层模具上实际值": {
    "address": "VW338",
    "value": 0,
    "unit": "℃",
    "type": "Int"
  },
  "外层模具下设定值": {
    "address": "VW1140",
    "value": 0,
    "unit": "℃",
    "type": "Int"
  },
  "外层模具下实际值": {
    "address": "VW340",
    "value": 0,
    "unit": "℃",
    "type": "Int"
  },
  "外层模具左设定值": {
    "address": "VW1142",
    "value": 0,
    "unit": "℃",
    "type": "Int"
  },
  "外层模具左实际值": {
    "address": "VW342",
    "value": 0,
    "unit": "",
    "type": "Int"
  },
  "外层模具石设定值": {
    "address": "VW344",
    "value": 0,
    "unit": "℃",
    "type": "Int"
  },
  "外层模具石实际值": {
    "address": "VW344",
    "value": 0,
    "unit": "℃",
    "type": "Int"
  },
  "A组合流芯设定值": {
    "address": "VW346",
    "value": 0,
    "unit": "℃",
    "type": "Int"
  },
  "A组合流芯实际值": {
    "address": "VW346",
    "value": 0,
    "unit": "℃",
    "type": "Int"
  },
  "A组转接模设定值": {
    "address": "VW348",
    "value": 0,
    "unit": "℃",
    "type": "Int"
  },
  "A组转接模实际值": {
    "address": "VW348",
    "value": 0,
    "unit": "℃",
    "type": "Int"
  },
  "A组连接管设定值": {
    "address": "VW350",
    "value": 0,
    "unit": "℃",
    "type": "Int"
  },
  "A组连接管实际值": {
    "address": "VW350",
    "value": 0,
    "unit": "℃",
    "type": "Int"
  },
  "B组合流芯设定值": {
    "address": "VW352",
    "value": 0,
    "unit": "℃",
    "type": "Int"
  },
  "B组合流芯实际值": {
    "address": "VW352",
    "value": 0,
    "unit": "℃",
    "type": "Int"
  },
  "B组转接模设定值": {
    "address": "VW362",
    "value": 0,
    "unit": "℃",
    "type": "Int"
  },
  "B组转接模实际值": {
    "address": "VW362",
    "value": 0,
    "unit": "℃",
    "type": "Int"
  },
  "B组连接管设定值": {
    "address": "VW364",
    "value": 0,
    "unit": "℃",
    "type": "Int"
  },
  "B组连接管实际值": {
    "address": "VW364",
    "value": 0,
    "unit": "℃",
    "type": "Int"
  },
  "35A转速设定值": {
    "address": "VD508",
    "value": 149.69998168945312,
    "unit": "RPM",
    "type": "Real"
  },
  "35A转速实际值": {
    "address": "VD532",
    "value": 0.0,
    "unit": "RPM",
    "type": "Real"
  },
  "35A电流设定值": {
    "address": "VD2300",
    "value": 0.0,
    "unit": "%",
    "type": "Real"
  },
  "35A电流实际值": {
    "address": "VD556",
    "value": 0.0,
    "unit": "A",
    "type": "Real"
  },
  "35B转速设定值": {
    "address": "VD212",
    "value": 42.39997863769531,
    "unit": "RPM",
    "type": "Real"
  },
  "35B转速实际值": {
    "address": "VD236",
    "value": 42.39997863769531,
    "unit": "RPM",
    "type": "Real"
  },
  "35B电流设定值": {
    "address": "VD3308",
    "value": 0.0,
    "unit": "%",
    "type": "Real"
  },
  "35B电流实际值": {
    "address": "VD264",
    "value": 0.0,
    "unit": "A",
    "type": "Real"
  },
  "A组35机1区设定值": {
    "address": "VW116",
    "value": 170,
    "unit": "℃",
    "type": "Int"
  },
  "A组35机1区实际值": {
    "address": "VW118",
    "value": 170,
    "unit": "℃",
    "type": "Int"
  },
  "A组35机2区设定值": {
    "address": "VW316",
    "value": 33,
    "unit": "℃",
    "type": "Int"
  },
  "A组35机2区实际值": {
    "address": "VW318",
    "value": 35,
    "unit": "℃",
    "type": "Int"
  },
  "A组35机3区设定值": {
    "address": "VW368",
    "value": 0,
    "unit": "℃",
    "type": "Int"
  },
  "A组35机3区实际值": {
    "address": "VW370",
    "value": 0,
    "unit": "℃",
    "type": "Int"
  },
  "B组35机1区设定值": {
    "address": "VW118",
    "value": 170,
    "unit": "℃",
    "type": "Int"
  },
  "B组35机1区实际值": {
    "address": "VW370",
    "value": 0,
    "unit": "℃",
    "type": "Int"
  },
  "B组35机2区设定值": {
    "address": "VW120",
    "value": 0,
    "unit": "℃",
    "type": "Int"
  },
  "B组35机2区实际值": {
    "address": "VW322",
    "value": 0,
    "unit": "℃",
    "type": "Int"
  },
  "B组35机3区设定值": {
    "address": "VW112",
    "value": 0,
    "unit": "℃",
    "type": "Int"
  },
  "B组35机3区实际值": {
    "address": "VW312",
    "value": 0,
    "unit": "℃",
    "type": "Int"
  },
  "A组备用1设定值": {
    "address": "VW160",
    "value": 0,
    "unit": "℃",
    "type": "Int"
  },
  "A组备用1实际值": {
    "address": "VW312",
    "value": 0,
    "unit": "℃",
    "type": "Int"
  },
  "A组备用2设定值": {
    "address": "VW166",
    "value": 0,
    "unit": "℃",
    "type": "Int"
  },
  "A组备用2实际值": {
    "address": "VW366",
    "value": 0,
    "unit": "℃",
    "type": "Int"
  },
  "B组备用1设定值": {
    "address": "VW156",
    "value": 0,
    "unit": "℃",
    "type": "Int"
  },
  "B组备用1实际值": {
    "address": "VW356",
    "value": 0,
    "unit": "℃",
    "type": "Int"
  },
  "B组备用2设定值": {
    "address": "VW158",
    "value": 0,
    "unit": "℃",
    "type": "Int"
  },
  "B组备用2实际值": {
    "address": "VW358",
    "value": 0,
    "unit": "℃",
    "type": "Int"
  },
  "25B转速设定值": {
    "address": "VD212",
    "value": 42.39997863769531,
    "unit": "RPM",
    "type": "Real"
  },
  "25B转速实际值": {
    "address": "VD532",
    "value": 0.0,
    "unit": "RPM",
    "type": "Real"
  },
  "25B电流设定值": {
    "address": "VD2300",
    "value": 0.0,
    "unit": "%",
    "type": "Real"
  },
  "25B电流实际值": {
    "address": "VD556",
    "value": 0.0,
    "unit": "A",
    "type": "Real"
  },
  "25A转速设定值": {
    "address": "VD208",
    "value": 5.299997329711914,
    "unit": "RPM",
    "type": "Real"
  },
  "25A转速实际值": {
    "address": "VD232",
    "value": 0.0,
    "unit": "RPM",
    "type": "Real"
  },
  "25A电流设定值": {
    "address": "VD3300",
    "value": 0.0,
    "unit": "%",
    "type": "Real"
  },
  "25A电流实际值": {
    "address": "VD256",
    "value": 0.0,
    "unit": "A",
    "type": "Real"
  },
  "B组25机1区设定值": {
    "address": "VW102",
    "value": 145,
    "unit": "℃",
    "type": "Int"
  },
  "B组25机1区实际值": {
    "address": "VW104",
    "value": 220,
    "unit": "℃",
    "type": "Int"
  },
  "B组25机2区设定值": {
    "address": "VW104",
    "value": 220,
    "unit": "℃",
    "type": "Int"
  },
  "B组25机2区实际值": {
    "address": "VW304",
    "value": 218,
    "unit": "℃",
    "type": "Int"
  },
  "B组25机3区设定值": {
    "address": "VW106",
    "value": 220,
    "unit": "℃",
    "type": "Int"
  },
  "B组25机3区实际值": {
    "address": "VW306",
    "value": 216,
    "unit": "℃",
    "type": "Int"
  },
  "A组25机1区设定值": {
    "address": "VW108",
    "value": 145,
    "unit": "℃",
    "type": "Int"
  },
  "A组25机1区实际值": {
    "address": "VW308",
    "value": 31,
    "unit": "℃",
    "type": "Int"
  },
  "A组25机2区设定值": {
    "address": "VW116",
    "value": 170,
    "unit": "℃",
    "type": "Int"
  },
  "A组25机2区实际值": {
    "address": "VW316",
    "value": 33,
    "unit": "℃",
    "type": "Int"
  },
  "A组25机3区设定值": {
    "address": "VW118",
    "value": 170,
    "unit": "℃",
    "type": "Int"
  },
  "A组25机3区实际值": {
    "address": "VW318",
    "value": 35,
    "unit": "℃",
    "type": "Int"
  },
  "25B共挤备用1设定值": {
    "address": "VW130",
    "value": 0,
    "unit": "℃",
    "type": "Int"
  },
  "25B共挤备用1实际值": {
    "address": "VW330",
    "value": 3276,
    "unit": "℃",
    "type": "Int"
  },
  "25B共挤备用2设定值": {
    "address": "VW132",
    "value": 0,
    "unit": "℃",
    "type": "Int"
  },
  "25B共挤备用2实际值": {
    "address": "VW332",
    "value": 3276,
    "unit": "℃",
    "type": "Int"
  },
  "25A共挤备用1设定值": {
    "address": "VW134",
    "value": 0,
    "unit": "℃",
    "type": "Int"
  },
  "25A共挤备用1实际值": {
    "address": "VW334",
    "value": 3276,
    "unit": "℃",
    "type": "Int"
  },
  "25A共挤备用2设定值": {
    "address": "VW136",
    "value": 0,
    "unit": "℃",
    "type": "Int"
  },
  "25A共挤备用2实际值": {
    "address": "VW336",
    "value": 3276,
    "unit": "℃",
    "type": "Int"
  }
}
详情: 机台: 默认挤出机 (ID: 1), 参数数量: 101
返回结果:
{
  "machine": {
    "id": 1,
    "name": "默认挤出机"
  },
  "parameters": {
    "主机转速设定值": {
      "address": "VD208",
      "value": 5.299997329711914,
      "unit": "RPM",
      "type": "Real",
      "is_readonly": false
    },
    "主机转速实际值": {
      "address": "VD232",
      "value": 0.0,
      "unit": "RPM",
      "type": "Real",
      "is_readonly": true
    },
    "主机电流值": {
      "address": "VD256",
      "value": 0.0,
      "unit": "A",
      "type": "Real",
      "is_readonly": true
    },
    "喂料转速设定值": {
      "address": "VD32",
      "value": 0.0,
      "unit": "RPM",
      "type": "Real",
      "is_readonly": false
    },
    "喂料转速实际值": {
      "address": "VD244",
      "value": 0.0,
      "unit": "RPM",
      "type": "Real",
      "is_readonly": true
    },
    "喂料电流负载占比": {
      "address": "VD3304",
      "value": 0,
      "unit": "%",
      "type": "Int",
      "is_readonly": true
    },
    "喂料电流值": {
      "address": "VD260",
      "value": 0.0,
      "unit": "A",
      "type": "Real",
      "is_readonly": true
    },
    "65机筒1区设定值": {
      "address": "VW102",
      "value": 145,
      "unit": "℃",
      "type": "Int",
      "is_readonly": false
    },
    "65机筒1区实际值": {
      "address": "VW302",
      "value": 144,
      "unit": "℃",
      "type": "Int",
      "is_readonly": true
    },
    "65机筒2区设定值": {
      "address": "VW104",
      "value": 220,
      "unit": "℃",
      "type": "Int",
      "is_readonly": false
    },
    "65机筒2区实际值": {
      "address": "VW304",
      "value": 218,
      "unit": "℃",
      "type": "Int",
      "is_readonly": true
    },
    "65机筒3区设定值": {
      "address": "VW106",
      "value": 220,
      "unit": "℃",
      "type": "Int",
      "is_readonly": false
    },
    "65机筒3区实际值": {
      "address": "VW306",
      "value": 215,
      "unit": "℃",
      "type": "Int",
      "is_readonly": true
    },
    "65机筒4区设定值": {
      "address": "VW108",
      "value": 145,
      "unit": "℃",
      "type": "Int",
      "is_readonly": false
    },
    "65机筒4区实际值": {
      "address": "VW308",
      "value": 31,
      "unit": "℃",
      "type": "Int",
      "is_readonly": true
    },
    "65机合流芯设定值": {
      "address": "VW154",
      "value": 0,
      "unit": "℃",
      "type": "Int",
      "is_readonly": false
    },
    "65机合流芯实际值": {
      "address": "VW354",
      "value": 0,
      "unit": "℃",
      "type": "Int",
      "is_readonly": true
    },
    "芯层模具上设定值": {
      "address": "VW1130",
      "value": 0,
      "unit": "℃",
      "type": "Int",
      "is_readonly": false
    },
    "芯层模具上实际值": {
      "address": "VW330",
      "value": 3276,
      "unit": "℃",
      "type": "Int",
      "is_readonly": true
    },
    "芯层模具下设定值": {
      "address": "VW1132",
      "value": 0,
      "unit": "℃",
      "type": "Int",
      "is_readonly": false
    },
    "芯层模具下实际值": {
      "address": "VW332",
      "value": 3276,
      "unit": "℃",
      "type": "Int",
      "is_readonly": true
    },
    "芯层模具左设定值": {
      "address": "VW1134",
      "value": 0,
      "unit": "℃",
      "type": "Int",
      "is_readonly": false
    },
    "芯层模具左实际值": {
      "address": "VW334",
      "value": 3276,
      "unit": "℃",
      "type": "Int",
      "is_readonly": true
    },
    "芯层模具右设定值": {
      "address": "VW1136",
      "value": 0,
      "unit": "℃",
      "type": "Int",
      "is_readonly": false
    },
    "芯层模具右实际值": {
      "address": "VW336",
      "value": 3276,
      "unit": "℃",
      "type": "Int",
      "is_readonly": true
    },
    "外层模具上设定值": {
      "address": "VW1138",
      "value": 0,
      "unit": "℃",
      "type": "Int",
      "is_readonly": false
    },
    "外层模具上实际值": {
      "address": "VW338",
      "value": 0,
      "unit": "℃",
      "type": "Int",
      "is_readonly": true
    },
    "外层模具下设定值": {
      "address": "VW1140",
      "value": 0,
      "unit": "℃",
      "type": "Int",
      "is_readonly": false
    },
    "外层模具下实际值": {
      "address": "VW340",
      "value": 0,
      "unit": "℃",
      "type": "Int",
      "is_readonly": true
    },
    "外层模具左设定值": {
      "address": "VW1142",
      "value": 0,
      "unit": "℃",
      "type": "Int",
      "is_readonly": false
    },
    "外层模具左实际值": {
      "address": "VW342",
      "value": 0,
      "unit": "",
      "type": "Int",
      "is_readonly": true
    },
    "外层模具石设定值": {
      "address": "VW344",
      "value": 0,
      "unit": "℃",
      "type": "Int",
      "is_readonly": false
    },
    "外层模具石实际值": {
      "address": "VW344",
      "value": 0,
      "unit": "℃",
      "type": "Int",
      "is_readonly": true
    },
    "A组合流芯设定值": {
      "address": "VW346",
      "value": 0,
      "unit": "℃",
      "type": "Int",
      "is_readonly": false
    },
    "A组合流芯实际值": {
      "address": "VW346",
      "value": 0,
      "unit": "℃",
      "type": "Int",
      "is_readonly": true
    },
    "A组转接模设定值": {
      "address": "VW348",
      "value": 0,
      "unit": "℃",
      "type": "Int",
      "is_readonly": false
    },
    "A组转接模实际值": {
      "address": "VW348",
      "value": 0,
      "unit": "℃",
      "type": "Int",
      "is_readonly": true
    },
    "A组连接管设定值": {
      "address": "VW350",
      "value": 0,
      "unit": "℃",
      "type": "Int",
      "is_readonly": false
    },
    "A组连接管实际值": {
      "address": "VW350",
      "value": 0,
      "unit": "℃",
      "type": "Int",
      "is_readonly": true
    },
    "B组合流芯设定值": {
      "address": "VW352",
      "value": 0,
      "unit": "℃",
      "type": "Int",
      "is_readonly": false
    },
    "B组合流芯实际值": {
      "address": "VW352",
      "value": 0,
      "unit": "℃",
      "type": "Int",
      "is_readonly": true
    },
    "B组转接模设定值": {
      "address": "VW362",
      "value": 0,
      "unit": "℃",
      "type": "Int",
      "is_readonly": false
    },
    "B组转接模实际值": {
      "address": "VW362",
      "value": 0,
      "unit": "℃",
      "type": "Int",
      "is_readonly": true
    },
    "B组连接管设定值": {
      "address": "VW364",
      "value": 0,
      "unit": "℃",
      "type": "Int",
      "is_readonly": false
    },
    "B组连接管实际值": {
      "address": "VW364",
      "value": 0,
      "unit": "℃",
      "type": "Int",
      "is_readonly": true
    },
    "35A转速设定值": {
      "address": "VD508",
      "value": 149.69998168945312,
      "unit": "RPM",
      "type": "Real",
      "is_readonly": false
    },
    "35A转速实际值": {
      "address": "VD532",
      "value": 0.0,
      "unit": "RPM",
      "type": "Real",
      "is_readonly": true
    },
    "35A电流设定值": {
      "address": "VD2300",
      "value": 0.0,
      "unit": "%",
      "type": "Real",
      "is_readonly": false
    },
    "35A电流实际值": {
      "address": "VD556",
      "value": 0.0,
      "unit": "A",
      "type": "Real",
      "is_readonly": true
    },
    "35B转速设定值": {
      "address": "VD212",
      "value": 42.39997863769531,
      "unit": "RPM",
      "type": "Real",
      "is_readonly": false
    },
    "35B转速实际值": {
      "address": "VD236",
      "value": 42.39997863769531,
      "unit": "RPM",
      "type": "Real",
      "is_readonly": true
    },
    "35B电流设定值": {
      "address": "VD3308",
      "value": 0.0,
      "unit": "%",
      "type": "Real",
      "is_readonly": false
    },
    "35B电流实际值": {
      "address": "VD264",
      "value": 0.0,
      "unit": "A",
      "type": "Real",
      "is_readonly": true
    },
    "A组35机1区设定值": {
      "address": "VW116",
      "value": 170,
      "unit": "℃",
      "type": "Int",
      "is_readonly": false
    },
    "A组35机1区实际值": {
      "address": "VW118",
      "value": 170,
      "unit": "℃",
      "type": "Int",
      "is_readonly": true
    },
    "A组35机2区设定值": {
      "address": "VW316",
      "value": 33,
      "unit": "℃",
      "type": "Int",
      "is_readonly": false
    },
    "A组35机2区实际值": {
      "address": "VW318",
      "value": 35,
      "unit": "℃",
      "type": "Int",
      "is_readonly": true
    },
    "A组35机3区设定值": {
      "address": "VW368",
      "value": 0,
      "unit": "℃",
      "type": "Int",
      "is_readonly": false
    },
    "A组35机3区实际值": {
      "address": "VW370",
      "value": 0,
      "unit": "℃",
      "type": "Int",
      "is_readonly": true
    },
    "B组35机1区设定值": {
      "address": "VW118",
      "value": 170,
      "unit": "℃",
      "type": "Int",
      "is_readonly": false
    },
    "B组35机1区实际值": {
      "address": "VW370",
      "value": 0,
      "unit": "℃",
      "type": "Int",
      "is_readonly": true
    },
    "B组35机2区设定值": {
      "address": "VW120",
      "value": 0,
      "unit": "℃",
      "type": "Int",
      "is_readonly": false
    },
    "B组35机2区实际值": {
      "address": "VW322",
      "value": 0,
      "unit": "℃",
      "type": "Int",
      "is_readonly": true
    },
    "B组35机3区设定值": {
      "address": "VW112",
      "value": 0,
      "unit": "℃",
      "type": "Int",
      "is_readonly": false
    },
    "B组35机3区实际值": {
      "address": "VW312",
      "value": 0,
      "unit": "℃",
      "type": "Int",
      "is_readonly": true
    },
    "A组备用1设定值": {
      "address": "VW160",
      "value": 0,
      "unit": "℃",
      "type": "Int",
      "is_readonly": false
    },
    "A组备用1实际值": {
      "address": "VW312",
      "value": 0,
      "unit": "℃",
      "type": "Int",
      "is_readonly": true
    },
    "A组备用2设定值": {
      "address": "VW166",
      "value": 0,
      "unit": "℃",
      "type": "Int",
      "is_readonly": false
    },
    "A组备用2实际值": {
      "address": "VW366",
      "value": 0,
      "unit": "℃",
      "type": "Int",
      "is_readonly": true
    },
    "B组备用1设定值": {
      "address": "VW156",
      "value": 0,
      "unit": "℃",
      "type": "Int",
      "is_readonly": false
    },
    "B组备用1实际值": {
      "address": "VW356",
      "value": 0,
      "unit": "℃",
      "type": "Int",
      "is_readonly": true
    },
    "B组备用2设定值": {
      "address": "VW158",
      "value": 0,
      "unit": "℃",
      "type": "Int",
      "is_readonly": false
    },
    "B组备用2实际值": {
      "address": "VW358",
      "value": 0,
      "unit": "℃",
      "type": "Int",
      "is_readonly": true
    },
    "25B转速设定值": {
      "address": "VD212",
      "value": 42.39997863769531,
      "unit": "RPM",
      "type": "Real",
      "is_readonly": false
    },
    "25B转速实际值": {
      "address": "VD532",
      "value": 0.0,
      "unit": "RPM",
      "type": "Real",
      "is_readonly": true
    },
    "25B电流设定值": {
      "address": "VD2300",
      "value": 0.0,
      "unit": "%",
      "type": "Real",
      "is_readonly": false
    },
    "25B电流实际值": {
      "address": "VD556",
      "value": 0.0,
      "unit": "A",
      "type": "Real",
      "is_readonly": true
    },
    "25A转速设定值": {
      "address": "VD208",
      "value": 5.299997329711914,
      "unit": "RPM",
      "type": "Real",
      "is_readonly": false
    },
    "25A转速实际值": {
      "address": "VD232",
      "value": 0.0,
      "unit": "RPM",
      "type": "Real",
      "is_readonly": true
    },
    "25A电流设定值": {
      "address": "VD3300",
      "value": 0.0,
      "unit": "%",
      "type": "Real",
      "is_readonly": false
    },
    "25A电流实际值": {
      "address": "VD256",
      "value": 0.0,
      "unit": "A",
      "type": "Real",
      "is_readonly": true
    },
    "B组25机1区设定值": {
      "address": "VW102",
      "value": 145,
      "unit": "℃",
      "type": "Int",
      "is_readonly": false
    },
    "B组25机1区实际值": {
      "address": "VW104",
      "value": 220,
      "unit": "℃",
      "type": "Int",
      "is_readonly": true
    },
    "B组25机2区设定值": {
      "address": "VW104",
      "value": 220,
      "unit": "℃",
      "type": "Int",
      "is_readonly": false
    },
    "B组25机2区实际值": {
      "address": "VW304",
      "value": 218,
      "unit": "℃",
      "type": "Int",
      "is_readonly": true
    },
    "B组25机3区设定值": {
      "address": "VW106",
      "value": 220,
      "unit": "℃",
      "type": "Int",
      "is_readonly": false
    },
    "B组25机3区实际值": {
      "address": "VW306",
      "value": 216,
      "unit": "℃",
      "type": "Int",
      "is_readonly": true
    },
    "A组25机1区设定值": {
      "address": "VW108",
      "value": 145,
      "unit": "℃",
      "type": "Int",
      "is_readonly": false
    },
    "A组25机1区实际值": {
      "address": "VW308",
      "value": 31,
      "unit": "℃",
      "type": "Int",
      "is_readonly": true
    },
    "A组25机2区设定值": {
      "address": "VW116",
      "value": 170,
      "unit": "℃",
      "type": "Int",
      "is_readonly": false
    },
    "A组25机2区实际值": {
      "address": "VW316",
      "value": 33,
      "unit": "℃",
      "type": "Int",
      "is_readonly": true
    },
    "A组25机3区设定值": {
      "address": "VW118",
      "value": 170,
      "unit": "℃",
      "type": "Int",
      "is_readonly": false
    },
    "A组25机3区实际值": {
      "address": "VW318",
      "value": 35,
      "unit": "℃",
      "type": "Int",
      "is_readonly": true
    },
    "25B共挤备用1设定值": {
      "address": "VW130",
      "value": 0,
      "unit": "℃",
      "type": "Int",
      "is_readonly": false
    },
    "25B共挤备用1实际值": {
      "address": "VW330",
      "value": 3276,
      "unit": "℃",
      "type": "Int",
      "is_readonly": true
    },
    "25B共挤备用2设定值": {
      "address": "VW132",
      "value": 0,
      "unit": "℃",
      "type": "Int",
      "is_readonly": false
    },
    "25B共挤备用2实际值": {
      "address": "VW332",
      "value": 3276,
      "unit": "℃",
      "type": "Int",
      "is_readonly": true
    },
    "25A共挤备用1设定值": {
      "address": "VW134",
      "value": 0,
      "unit": "℃",
      "type": "Int",
      "is_readonly": false
    },
    "25A共挤备用1实际值": {
      "address": "VW334",
      "value": 3276,
      "unit": "℃",
      "type": "Int",
      "is_readonly": true
    },
    "25A共挤备用2设定值": {
      "address": "VW136",
      "value": 0,
      "unit": "℃",
      "type": "Int",
      "is_readonly": false
    },
    "25A共挤备用2实际值": {
      "address": "VW336",
      "value": 3276,
      "unit": "℃",
      "type": "Int",
      "is_readonly": true
    }
  }
}
------------------------------------------------------------
2026-04-29 12:03:07 | 读取PLC | 机台 | 用户ID:1
请求参数:
{
  "主机转速设定值": {
    "address": "VD208",
    "value": 5.299997329711914,
    "unit": "RPM",
    "type": "Real"
  },
  "主机转速实际值": {
    "address": "VD232",
    "value": 0.0,
    "unit": "RPM",
    "type": "Real"
  },
  "主机电流值": {
    "address": "VD256",
    "value": 0.0,
    "unit": "A",
    "type": "Real"
  },
  "喂料转速设定值": {
    "address": "VD32",
    "value": 0.0,
    "unit": "RPM",
    "type": "Real"
  },
  "喂料转速实际值": {
    "address": "VD244",
    "value": 0.0,
    "unit": "RPM",
    "type": "Real"
  },
  "喂料电流负载占比": {
    "address": "VD3304",
    "value": 0,
    "unit": "%",
    "type": "Int"
  },
  "喂料电流值": {
    "address": "VD260",
    "value": 0.0,
    "unit": "A",
    "type": "Real"
  },
  "65机筒1区设定值": {
    "address": "VW102",
    "value": 145,
    "unit": "℃",
    "type": "Int"
  },
  "65机筒1区实际值": {
    "address": "VW302",
    "value": 144,
    "unit": "℃",
    "type": "Int"
  },
  "65机筒2区设定值": {
    "address": "VW104",
    "value": 220,
    "unit": "℃",
    "type": "Int"
  },
  "65机筒2区实际值": {
    "address": "VW304",
    "value": 217,
    "unit": "℃",
    "type": "Int"
  },
  "65机筒3区设定值": {
    "address": "VW106",
    "value": 220,
    "unit": "℃",
    "type": "Int"
  },
  "65机筒3区实际值": {
    "address": "VW306",
    "value": 215,
    "unit": "℃",
    "type": "Int"
  },
  "65机筒4区设定值": {
    "address": "VW108",
    "value": 145,
    "unit": "℃",
    "type": "Int"
  },
  "65机筒4区实际值": {
    "address": "VW308",
    "value": 31,
    "unit": "℃",
    "type": "Int"
  },
  "65机合流芯设定值": {
    "address": "VW154",
    "value": 0,
    "unit": "℃",
    "type": "Int"
  },
  "65机合流芯实际值": {
    "address": "VW354",
    "value": 0,
    "unit": "℃",
    "type": "Int"
  },
  "芯层模具上设定值": {
    "address": "VW1130",
    "value": 0,
    "unit": "℃",
    "type": "Int"
  },
  "芯层模具上实际值": {
    "address": "VW330",
    "value": 3276,
    "unit": "℃",
    "type": "Int"
  },
  "芯层模具下设定值": {
    "address": "VW1132",
    "value": 0,
    "unit": "℃",
    "type": "Int"
  },
  "芯层模具下实际值": {
    "address": "VW332",
    "value": 3276,
    "unit": "℃",
    "type": "Int"
  },
  "芯层模具左设定值": {
    "address": "VW1134",
    "value": 0,
    "unit": "℃",
    "type": "Int"
  },
  "芯层模具左实际值": {
    "address": "VW334",
    "value": 3276,
    "unit": "℃",
    "type": "Int"
  },
  "芯层模具右设定值": {
    "address": "VW1136",
    "value": 0,
    "unit": "℃",
    "type": "Int"
  },
  "芯层模具右实际值": {
    "address": "VW336",
    "value": 3276,
    "unit": "℃",
    "type": "Int"
  },
  "外层模具上设定值": {
    "address": "VW1138",
    "value": 0,
    "unit": "℃",
    "type": "Int"
  },
  "外层模具上实际值": {
    "address": "VW338",
    "value": 0,
    "unit": "℃",
    "type": "Int"
  },
  "外层模具下设定值": {
    "address": "VW1140",
    "value": 0,
    "unit": "℃",
    "type": "Int"
  },
  "外层模具下实际值": {
    "address": "VW340",
    "value": 0,
    "unit": "℃",
    "type": "Int"
  },
  "外层模具左设定值": {
    "address": "VW1142",
    "value": 0,
    "unit": "℃",
    "type": "Int"
  },
  "外层模具左实际值": {
    "address": "VW342",
    "value": 0,
    "unit": "",
    "type": "Int"
  },
  "外层模具石设定值": {
    "address": "VW344",
    "value": 0,
    "unit": "℃",
    "type": "Int"
  },
  "外层模具石实际值": {
    "address": "VW344",
    "value": 0,
    "unit": "℃",
    "type": "Int"
  },
  "A组合流芯设定值": {
    "address": "VW346",
    "value": 0,
    "unit": "℃",
    "type": "Int"
  },
  "A组合流芯实际值": {
    "address": "VW346",
    "value": 0,
    "unit": "℃",
    "type": "Int"
  },
  "A组转接模设定值": {
    "address": "VW348",
    "value": 0,
    "unit": "℃",
    "type": "Int"
  },
  "A组转接模实际值": {
    "address": "VW348",
    "value": 0,
    "unit": "℃",
    "type": "Int"
  },
  "A组连接管设定值": {
    "address": "VW350",
    "value": 0,
    "unit": "℃",
    "type": "Int"
  },
  "A组连接管实际值": {
    "address": "VW350",
    "value": 0,
    "unit": "℃",
    "type": "Int"
  },
  "B组合流芯设定值": {
    "address": "VW352",
    "value": 0,
    "unit": "℃",
    "type": "Int"
  },
  "B组合流芯实际值": {
    "address": "VW352",
    "value": 0,
    "unit": "℃",
    "type": "Int"
  },
  "B组转接模设定值": {
    "address": "VW362",
    "value": 0,
    "unit": "℃",
    "type": "Int"
  },
  "B组转接模实际值": {
    "address": "VW362",
    "value": 0,
    "unit": "℃",
    "type": "Int"
  },
  "B组连接管设定值": {
    "address": "VW364",
    "value": 0,
    "unit": "℃",
    "type": "Int"
  },
  "B组连接管实际值": {
    "address": "VW364",
    "value": 0,
    "unit": "℃",
    "type": "Int"
  },
  "35A转速设定值": {
    "address": "VD508",
    "value": 149.69998168945312,
    "unit": "RPM",
    "type": "Real"
  },
  "35A转速实际值": {
    "address": "VD532",
    "value": 0.0,
    "unit": "RPM",
    "type": "Real"
  },
  "35A电流设定值": {
    "address": "VD2300",
    "value": 0.0,
    "unit": "%",
    "type": "Real"
  },
  "35A电流实际值": {
    "address": "VD556",
    "value": 0.0,
    "unit": "A",
    "type": "Real"
  },
  "35B转速设定值": {
    "address": "VD212",
    "value": 42.39997863769531,
    "unit": "RPM",
    "type": "Real"
  },
  "35B转速实际值": {
    "address": "VD236",
    "value": 42.39997863769531,
    "unit": "RPM",
    "type": "Real"
  },
  "35B电流设定值": {
    "address": "VD3308",
    "value": 0.0,
    "unit": "%",
    "type": "Real"
  },
  "35B电流实际值": {
    "address": "VD264",
    "value": 0.0,
    "unit": "A",
    "type": "Real"
  },
  "A组35机1区设定值": {
    "address": "VW116",
    "value": 170,
    "unit": "℃",
    "type": "Int"
  },
  "A组35机1区实际值": {
    "address": "VW118",
    "value": 170,
    "unit": "℃",
    "type": "Int"
  },
  "A组35机2区设定值": {
    "address": "VW316",
    "value": 33,
    "unit": "℃",
    "type": "Int"
  },
  "A组35机2区实际值": {
    "address": "VW318",
    "value": 35,
    "unit": "℃",
    "type": "Int"
  },
  "A组35机3区设定值": {
    "address": "VW368",
    "value": 0,
    "unit": "℃",
    "type": "Int"
  },
  "A组35机3区实际值": {
    "address": "VW370",
    "value": 0,
    "unit": "℃",
    "type": "Int"
  },
  "B组35机1区设定值": {
    "address": "VW118",
    "value": 170,
    "unit": "℃",
    "type": "Int"
  },
  "B组35机1区实际值": {
    "address": "VW370",
    "value": 0,
    "unit": "℃",
    "type": "Int"
  },
  "B组35机2区设定值": {
    "address": "VW120",
    "value": 0,
    "unit": "℃",
    "type": "Int"
  },
  "B组35机2区实际值": {
    "address": "VW322",
    "value": 0,
    "unit": "℃",
    "type": "Int"
  },
  "B组35机3区设定值": {
    "address": "VW112",
    "value": 0,
    "unit": "℃",
    "type": "Int"
  },
  "B组35机3区实际值": {
    "address": "VW312",
    "value": 0,
    "unit": "℃",
    "type": "Int"
  },
  "A组备用1设定值": {
    "address": "VW160",
    "value": 0,
    "unit": "℃",
    "type": "Int"
  },
  "A组备用1实际值": {
    "address": "VW312",
    "value": 0,
    "unit": "℃",
    "type": "Int"
  },
  "A组备用2设定值": {
    "address": "VW166",
    "value": 0,
    "unit": "℃",
    "type": "Int"
  },
  "A组备用2实际值": {
    "address": "VW366",
    "value": 0,
    "unit": "℃",
    "type": "Int"
  },
  "B组备用1设定值": {
    "address": "VW156",
    "value": 0,
    "unit": "℃",
    "type": "Int"
  },
  "B组备用1实际值": {
    "address": "VW356",
    "value": 0,
    "unit": "℃",
    "type": "Int"
  },
  "B组备用2设定值": {
    "address": "VW158",
    "value": 0,
    "unit": "℃",
    "type": "Int"
  },
  "B组备用2实际值": {
    "address": "VW358",
    "value": 0,
    "unit": "℃",
    "type": "Int"
  },
  "25B转速设定值": {
    "address": "VD212",
    "value": 42.39997863769531,
    "unit": "RPM",
    "type": "Real"
  },
  "25B转速实际值": {
    "address": "VD532",
    "value": 0.0,
    "unit": "RPM",
    "type": "Real"
  },
  "25B电流设定值": {
    "address": "VD2300",
    "value": 0.0,
    "unit": "%",
    "type": "Real"
  },
  "25B电流实际值": {
    "address": "VD556",
    "value": 0.0,
    "unit": "A",
    "type": "Real"
  },
  "25A转速设定值": {
    "address": "VD208",
    "value": 5.299997329711914,
    "unit": "RPM",
    "type": "Real"
  },
  "25A转速实际值": {
    "address": "VD232",
    "value": 0.0,
    "unit": "RPM",
    "type": "Real"
  },
  "25A电流设定值": {
    "address": "VD3300",
    "value": 0.0,
    "unit": "%",
    "type": "Real"
  },
  "25A电流实际值": {
    "address": "VD256",
    "value": 0.0,
    "unit": "A",
    "type": "Real"
  },
  "B组25机1区设定值": {
    "address": "VW102",
    "value": 145,
    "unit": "℃",
    "type": "Int"
  },
  "B组25机1区实际值": {
    "address": "VW104",
    "value": 220,
    "unit": "℃",
    "type": "Int"
  },
  "B组25机2区设定值": {
    "address": "VW104",
    "value": 220,
    "unit": "℃",
    "type": "Int"
  },
  "B组25机2区实际值": {
    "address": "VW304",
    "value": 217,
    "unit": "℃",
    "type": "Int"
  },
  "B组25机3区设定值": {
    "address": "VW106",
    "value": 220,
    "unit": "℃",
    "type": "Int"
  },
  "B组25机3区实际值": {
    "address": "VW306",
    "value": 216,
    "unit": "℃",
    "type": "Int"
  },
  "A组25机1区设定值": {
    "address": "VW108",
    "value": 145,
    "unit": "℃",
    "type": "Int"
  },
  "A组25机1区实际值": {
    "address": "VW308",
    "value": 31,
    "unit": "℃",
    "type": "Int"
  },
  "A组25机2区设定值": {
    "address": "VW116",
    "value": 170,
    "unit": "℃",
    "type": "Int"
  },
  "A组25机2区实际值": {
    "address": "VW316",
    "value": 33,
    "unit": "℃",
    "type": "Int"
  },
  "A组25机3区设定值": {
    "address": "VW118",
    "value": 170,
    "unit": "℃",
    "type": "Int"
  },
  "A组25机3区实际值": {
    "address": "VW318",
    "value": 35,
    "unit": "℃",
    "type": "Int"
  },
  "25B共挤备用1设定值": {
    "address": "VW130",
    "value": 0,
    "unit": "℃",
    "type": "Int"
  },
  "25B共挤备用1实际值": {
    "address": "VW330",
    "value": 3276,
    "unit": "℃",
    "type": "Int"
  },
  "25B共挤备用2设定值": {
    "address": "VW132",
    "value": 0,
    "unit": "℃",
    "type": "Int"
  },
  "25B共挤备用2实际值": {
    "address": "VW332",
    "value": 3276,
    "unit": "℃",
    "type": "Int"
  },
  "25A共挤备用1设定值": {
    "address": "VW134",
    "value": 0,
    "unit": "℃",
    "type": "Int"
  },
  "25A共挤备用1实际值": {
    "address": "VW334",
    "value": 3276,
    "unit": "℃",
    "type": "Int"
  },
  "25A共挤备用2设定值": {
    "address": "VW136",
    "value": 0,
    "unit": "℃",
    "type": "Int"
  },
  "25A共挤备用2实际值": {
    "address": "VW336",
    "value": 3276,
    "unit": "℃",
    "type": "Int"
  }
}
详情: 机台: 默认挤出机 (ID: 1), 参数数量: 101
返回结果:
{
  "machine": {
    "id": 1,
    "name": "默认挤出机"
  },
  "parameters": {
    "主机转速设定值": {
      "address": "VD208",
      "value": 5.299997329711914,
      "unit": "RPM",
      "type": "Real",
      "is_readonly": false
    },
    "主机转速实际值": {
      "address": "VD232",
      "value": 0.0,
      "unit": "RPM",
      "type": "Real",
      "is_readonly": true
    },
    "主机电流值": {
      "address": "VD256",
      "value": 0.0,
      "unit": "A",
      "type": "Real",
      "is_readonly": true
    },
    "喂料转速设定值": {
      "address": "VD32",
      "value": 0.0,
      "unit": "RPM",
      "type": "Real",
      "is_readonly": false
    },
    "喂料转速实际值": {
      "address": "VD244",
      "value": 0.0,
      "unit": "RPM",
      "type": "Real",
      "is_readonly": true
    },
    "喂料电流负载占比": {
      "address": "VD3304",
      "value": 0,
      "unit": "%",
      "type": "Int",
      "is_readonly": true
    },
    "喂料电流值": {
      "address": "VD260",
      "value": 0.0,
      "unit": "A",
      "type": "Real",
      "is_readonly": true
    },
    "65机筒1区设定值": {
      "address": "VW102",
      "value": 145,
      "unit": "℃",
      "type": "Int",
      "is_readonly": false
    },
    "65机筒1区实际值": {
      "address": "VW302",
      "value": 144,
      "unit": "℃",
      "type": "Int",
      "is_readonly": true
    },
    "65机筒2区设定值": {
      "address": "VW104",
      "value": 220,
      "unit": "℃",
      "type": "Int",
      "is_readonly": false
    },
    "65机筒2区实际值": {
      "address": "VW304",
      "value": 217,
      "unit": "℃",
      "type": "Int",
      "is_readonly": true
    },
    "65机筒3区设定值": {
      "address": "VW106",
      "value": 220,
      "unit": "℃",
      "type": "Int",
      "is_readonly": false
    },
    "65机筒3区实际值": {
      "address": "VW306",
      "value": 215,
      "unit": "℃",
      "type": "Int",
      "is_readonly": true
    },
    "65机筒4区设定值": {
      "address": "VW108",
      "value": 145,
      "unit": "℃",
      "type": "Int",
      "is_readonly": false
    },
    "65机筒4区实际值": {
      "address": "VW308",
      "value": 31,
      "unit": "℃",
      "type": "Int",
      "is_readonly": true
    },
    "65机合流芯设定值": {
      "address": "VW154",
      "value": 0,
      "unit": "℃",
      "type": "Int",
      "is_readonly": false
    },
    "65机合流芯实际值": {
      "address": "VW354",
      "value": 0,
      "unit": "℃",
      "type": "Int",
      "is_readonly": true
    },
    "芯层模具上设定值": {
      "address": "VW1130",
      "value": 0,
      "unit": "℃",
      "type": "Int",
      "is_readonly": false
    },
    "芯层模具上实际值": {
      "address": "VW330",
      "value": 3276,
      "unit": "℃",
      "type": "Int",
      "is_readonly": true
    },
    "芯层模具下设定值": {
      "address": "VW1132",
      "value": 0,
      "unit": "℃",
      "type": "Int",
      "is_readonly": false
    },
    "芯层模具下实际值": {
      "address": "VW332",
      "value": 3276,
      "unit": "℃",
      "type": "Int",
      "is_readonly": true
    },
    "芯层模具左设定值": {
      "address": "VW1134",
      "value": 0,
      "unit": "℃",
      "type": "Int",
      "is_readonly": false
    },
    "芯层模具左实际值": {
      "address": "VW334",
      "value": 3276,
      "unit": "℃",
      "type": "Int",
      "is_readonly": true
    },
    "芯层模具右设定值": {
      "address": "VW1136",
      "value": 0,
      "unit": "℃",
      "type": "Int",
      "is_readonly": false
    },
    "芯层模具右实际值": {
      "address": "VW336",
      "value": 3276,
      "unit": "℃",
      "type": "Int",
      "is_readonly": true
    },
    "外层模具上设定值": {
      "address": "VW1138",
      "value": 0,
      "unit": "℃",
      "type": "Int",
      "is_readonly": false
    },
    "外层模具上实际值": {
      "address": "VW338",
      "value": 0,
      "unit": "℃",
      "type": "Int",
      "is_readonly": true
    },
    "外层模具下设定值": {
      "address": "VW1140",
      "value": 0,
      "unit": "℃",
      "type": "Int",
      "is_readonly": false
    },
    "外层模具下实际值": {
      "address": "VW340",
      "value": 0,
      "unit": "℃",
      "type": "Int",
      "is_readonly": true
    },
    "外层模具左设定值": {
      "address": "VW1142",
      "value": 0,
      "unit": "℃",
      "type": "Int",
      "is_readonly": false
    },
    "外层模具左实际值": {
      "address": "VW342",
      "value": 0,
      "unit": "",
      "type": "Int",
      "is_readonly": true
    },
    "外层模具石设定值": {
      "address": "VW344",
      "value": 0,
      "unit": "℃",
      "type": "Int",
      "is_readonly": false
    },
    "外层模具石实际值": {
      "address": "VW344",
      "value": 0,
      "unit": "℃",
      "type": "Int",
      "is_readonly": true
    },
    "A组合流芯设定值": {
      "address": "VW346",
      "value": 0,
      "unit": "℃",
      "type": "Int",
      "is_readonly": false
    },
    "A组合流芯实际值": {
      "address": "VW346",
      "value": 0,
      "unit": "℃",
      "type": "Int",
      "is_readonly": true
    },
    "A组转接模设定值": {
      "address": "VW348",
      "value": 0,
      "unit": "℃",
      "type": "Int",
      "is_readonly": false
    },
    "A组转接模实际值": {
      "address": "VW348",
      "value": 0,
      "unit": "℃",
      "type": "Int",
      "is_readonly": true
    },
    "A组连接管设定值": {
      "address": "VW350",
      "value": 0,
      "unit": "℃",
      "type": "Int",
      "is_readonly": false
    },
    "A组连接管实际值": {
      "address": "VW350",
      "value": 0,
      "unit": "℃",
      "type": "Int",
      "is_readonly": true
    },
    "B组合流芯设定值": {
      "address": "VW352",
      "value": 0,
      "unit": "℃",
      "type": "Int",
      "is_readonly": false
    },
    "B组合流芯实际值": {
      "address": "VW352",
      "value": 0,
      "unit": "℃",
      "type": "Int",
      "is_readonly": true
    },
    "B组转接模设定值": {
      "address": "VW362",
      "value": 0,
      "unit": "℃",
      "type": "Int",
      "is_readonly": false
    },
    "B组转接模实际值": {
      "address": "VW362",
      "value": 0,
      "unit": "℃",
      "type": "Int",
      "is_readonly": true
    },
    "B组连接管设定值": {
      "address": "VW364",
      "value": 0,
      "unit": "℃",
      "type": "Int",
      "is_readonly": false
    },
    "B组连接管实际值": {
      "address": "VW364",
      "value": 0,
      "unit": "℃",
      "type": "Int",
      "is_readonly": true
    },
    "35A转速设定值": {
      "address": "VD508",
      "value": 149.69998168945312,
      "unit": "RPM",
      "type": "Real",
      "is_readonly": false
    },
    "35A转速实际值": {
      "address": "VD532",
      "value": 0.0,
      "unit": "RPM",
      "type": "Real",
      "is_readonly": true
    },
    "35A电流设定值": {
      "address": "VD2300",
      "value": 0.0,
      "unit": "%",
      "type": "Real",
      "is_readonly": false
    },
    "35A电流实际值": {
      "address": "VD556",
      "value": 0.0,
      "unit": "A",
      "type": "Real",
      "is_readonly": true
    },
    "35B转速设定值": {
      "address": "VD212",
      "value": 42.39997863769531,
      "unit": "RPM",
      "type": "Real",
      "is_readonly": false
    },
    "35B转速实际值": {
      "address": "VD236",
      "value": 42.39997863769531,
      "unit": "RPM",
      "type": "Real",
      "is_readonly": true
    },
    "35B电流设定值": {
      "address": "VD3308",
      "value": 0.0,
      "unit": "%",
      "type": "Real",
      "is_readonly": false
    },
    "35B电流实际值": {
      "address": "VD264",
      "value": 0.0,
      "unit": "A",
      "type": "Real",
      "is_readonly": true
    },
    "A组35机1区设定值": {
      "address": "VW116",
      "value": 170,
      "unit": "℃",
      "type": "Int",
      "is_readonly": false
    },
    "A组35机1区实际值": {
      "address": "VW118",
      "value": 170,
      "unit": "℃",
      "type": "Int",
      "is_readonly": true
    },
    "A组35机2区设定值": {
      "address": "VW316",
      "value": 33,
      "unit": "℃",
      "type": "Int",
      "is_readonly": false
    },
    "A组35机2区实际值": {
      "address": "VW318",
      "value": 35,
      "unit": "℃",
      "type": "Int",
      "is_readonly": true
    },
    "A组35机3区设定值": {
      "address": "VW368",
      "value": 0,
      "unit": "℃",
      "type": "Int",
      "is_readonly": false
    },
    "A组35机3区实际值": {
      "address": "VW370",
      "value": 0,
      "unit": "℃",
      "type": "Int",
      "is_readonly": true
    },
    "B组35机1区设定值": {
      "address": "VW118",
      "value": 170,
      "unit": "℃",
      "type": "Int",
      "is_readonly": false
    },
    "B组35机1区实际值": {
      "address": "VW370",
      "value": 0,
      "unit": "℃",
      "type": "Int",
      "is_readonly": true
    },
    "B组35机2区设定值": {
      "address": "VW120",
      "value": 0,
      "unit": "℃",
      "type": "Int",
      "is_readonly": false
    },
    "B组35机2区实际值": {
      "address": "VW322",
      "value": 0,
      "unit": "℃",
      "type": "Int",
      "is_readonly": true
    },
    "B组35机3区设定值": {
      "address": "VW112",
      "value": 0,
      "unit": "℃",
      "type": "Int",
      "is_readonly": false
    },
    "B组35机3区实际值": {
      "address": "VW312",
      "value": 0,
      "unit": "℃",
      "type": "Int",
      "is_readonly": true
    },
    "A组备用1设定值": {
      "address": "VW160",
      "value": 0,
      "unit": "℃",
      "type": "Int",
      "is_readonly": false
    },
    "A组备用1实际值": {
      "address": "VW312",
      "value": 0,
      "unit": "℃",
      "type": "Int",
      "is_readonly": true
    },
    "A组备用2设定值": {
      "address": "VW166",
      "value": 0,
      "unit": "℃",
      "type": "Int",
      "is_readonly": false
    },
    "A组备用2实际值": {
      "address": "VW366",
      "value": 0,
      "unit": "℃",
      "type": "Int",
      "is_readonly": true
    },
    "B组备用1设定值": {
      "address": "VW156",
      "value": 0,
      "unit": "℃",
      "type": "Int",
      "is_readonly": false
    },
    "B组备用1实际值": {
      "address": "VW356",
      "value": 0,
      "unit": "℃",
      "type": "Int",
      "is_readonly": true
    },
    "B组备用2设定值": {
      "address": "VW158",
      "value": 0,
      "unit": "℃",
      "type": "Int",
      "is_readonly": false
    },
    "B组备用2实际值": {
      "address": "VW358",
      "value": 0,
      "unit": "℃",
      "type": "Int",
      "is_readonly": true
    },
    "25B转速设定值": {
      "address": "VD212",
      "value": 42.39997863769531,
      "unit": "RPM",
      "type": "Real",
      "is_readonly": false
    },
    "25B转速实际值": {
      "address": "VD532",
      "value": 0.0,
      "unit": "RPM",
      "type": "Real",
      "is_readonly": true
    },
    "25B电流设定值": {
      "address": "VD2300",
      "value": 0.0,
      "unit": "%",
      "type": "Real",
      "is_readonly": false
    },
    "25B电流实际值": {
      "address": "VD556",
      "value": 0.0,
      "unit": "A",
      "type": "Real",
      "is_readonly": true
    },
    "25A转速设定值": {
      "address": "VD208",
      "value": 5.299997329711914,
      "unit": "RPM",
      "type": "Real",
      "is_readonly": false
    },
    "25A转速实际值": {
      "address": "VD232",
      "value": 0.0,
      "unit": "RPM",
      "type": "Real",
      "is_readonly": true
    },
    "25A电流设定值": {
      "address": "VD3300",
      "value": 0.0,
      "unit": "%",
      "type": "Real",
      "is_readonly": false
    },
    "25A电流实际值": {
      "address": "VD256",
      "value": 0.0,
      "unit": "A",
      "type": "Real",
      "is_readonly": true
    },
    "B组25机1区设定值": {
      "address": "VW102",
      "value": 145,
      "unit": "℃",
      "type": "Int",
      "is_readonly": false
    },
    "B组25机1区实际值": {
      "address": "VW104",
      "value": 220,
      "unit": "℃",
      "type": "Int",
      "is_readonly": true
    },
    "B组25机2区设定值": {
      "address": "VW104",
      "value": 220,
      "unit": "℃",
      "type": "Int",
      "is_readonly": false
    },
    "B组25机2区实际值": {
      "address": "VW304",
      "value": 217,
      "unit": "℃",
      "type": "Int",
      "is_readonly": true
    },
    "B组25机3区设定值": {
      "address": "VW106",
      "value": 220,
      "unit": "℃",
      "type": "Int",
      "is_readonly": false
    },
    "B组25机3区实际值": {
      "address": "VW306",
      "value": 216,
      "unit": "℃",
      "type": "Int",
      "is_readonly": true
    },
    "A组25机1区设定值": {
      "address": "VW108",
      "value": 145,
      "unit": "℃",
      "type": "Int",
      "is_readonly": false
    },
    "A组25机1区实际值": {
      "address": "VW308",
      "value": 31,
      "unit": "℃",
      "type": "Int",
      "is_readonly": true
    },
    "A组25机2区设定值": {
      "address": "VW116",
      "value": 170,
      "unit": "℃",
      "type": "Int",
      "is_readonly": false
    },
    "A组25机2区实际值": {
      "address": "VW316",
      "value": 33,
      "unit": "℃",
      "type": "Int",
      "is_readonly": true
    },
    "A组25机3区设定值": {
      "address": "VW118",
      "value": 170,
      "unit": "℃",
      "type": "Int",
      "is_readonly": false
    },
    "A组25机3区实际值": {
      "address": "VW318",
      "value": 35,
      "unit": "℃",
      "type": "Int",
      "is_readonly": true
    },
    "25B共挤备用1设定值": {
      "address": "VW130",
      "value": 0,
      "unit": "℃",
      "type": "Int",
      "is_readonly": false
    },
    "25B共挤备用1实际值": {
      "address": "VW330",
      "value": 3276,
      "unit": "℃",
      "type": "Int",
      "is_readonly": true
    },
    "25B共挤备用2设定值": {
      "address": "VW132",
      "value": 0,
      "unit": "℃",
      "type": "Int",
      "is_readonly": false
    },
    "25B共挤备用2实际值": {
      "address": "VW332",
      "value": 3276,
      "unit": "℃",
      "type": "Int",
      "is_readonly": true
    },
    "25A共挤备用1设定值": {
      "address": "VW134",
      "value": 0,
      "unit": "℃",
      "type": "Int",
      "is_readonly": false
    },
    "25A共挤备用1实际值": {
      "address": "VW334",
      "value": 3276,
      "unit": "℃",
      "type": "Int",
      "is_readonly": true
    },
    "25A共挤备用2设定值": {
      "address": "VW136",
      "value": 0,
      "unit": "℃",
      "type": "Int",
      "is_readonly": false
    },
    "25A共挤备用2实际值": {
      "address": "VW336",
      "value": 3276,
      "unit": "℃",
      "type": "Int",
      "is_readonly": true
    }
  }
}
------------------------------------------------------------
2026-04-29 12:03:36 | 写入PLC | 记录 | 用户ID:1
请求参数:
[
  {
    "name": "主机转速设定值",
    "address": "VD208",
    "value": "5.299997329711914",
    "unit": "RPM",
    "type": "Real",
    "readonly": false
  },
  {
    "name": "主机转速实际值",
    "address": "VD232",
    "value": "0",
    "unit": "RPM",
    "type": "Real",
    "readonly": true
  },
  {
    "name": "主机电流值",
    "address": "VD256",
    "value": "0",
    "unit": "A",
    "type": "Real",
    "readonly": true
  },
  {
    "name": "喂料转速设定值",
    "address": "VD32",
    "value": "0",
    "unit": "RPM",
    "type": "Real",
    "readonly": false
  },
  {
    "name": "喂料转速实际值",
    "address": "VD244",
    "value": "0",
    "unit": "RPM",
    "type": "Real",
    "readonly": true
  },
  {
    "name": "喂料电流负载占比",
    "address": "VD3304",
    "value": "0",
    "unit": "%",
    "type": "Int",
    "readonly": true
  },
  {
    "name": "喂料电流值",
    "address": "VD260",
    "value": "0",
    "unit": "A",
    "type": "Real",
    "readonly": true
  },
  {
    "name": "65机筒1区设定值",
    "address": "VW102",
    "value": "145",
    "unit": "℃",
    "type": "Int",
    "readonly": false
  },
  {
    "name": "65机筒1区实际值",
    "address": "VW302",
    "value": "144",
    "unit": "℃",
    "type": "Int",
    "readonly": true
  },
  {
    "name": "65机筒2区设定值",
    "address": "VW104",
    "value": "220",
    "unit": "℃",
    "type": "Int",
    "readonly": false
  },
  {
    "name": "65机筒2区实际值",
    "address": "VW304",
    "value": "218",
    "unit": "℃",
    "type": "Int",
    "readonly": true
  },
  {
    "name": "65机筒3区设定值",
    "address": "VW106",
    "value": "220",
    "unit": "℃",
    "type": "Int",
    "readonly": false
  },
  {
    "name": "65机筒3区实际值",
    "address": "VW306",
    "value": "215",
    "unit": "℃",
    "type": "Int",
    "readonly": true
  },
  {
    "name": "65机筒4区设定值",
    "address": "VW108",
    "value": "145",
    "unit": "℃",
    "type": "Int",
    "readonly": false
  },
  {
    "name": "65机筒4区实际值",
    "address": "VW308",
    "value": "36",
    "unit": "℃",
    "type": "Int",
    "readonly": true
  },
  {
    "name": "65机合流芯设定值",
    "address": "VW154",
    "value": "0",
    "unit": "℃",
    "type": "Int",
    "readonly": false
  },
  {
    "name": "65机合流芯实际值",
    "address": "VW354",
    "value": "0",
    "unit": "℃",
    "type": "Int",
    "readonly": true
  },
  {
    "name": "芯层模具上设定值",
    "address": "VW1130",
    "value": "0",
    "unit": "℃",
    "type": "Int",
    "readonly": false
  },
  {
    "name": "芯层模具上实际值",
    "address": "VW330",
    "value": "3276",
    "unit": "℃",
    "type": "Int",
    "readonly": true
  },
  {
    "name": "芯层模具下设定值",
    "address": "VW1132",
    "value": "0",
    "unit": "℃",
    "type": "Int",
    "readonly": false
  },
  {
    "name": "芯层模具下实际值",
    "address": "VW332",
    "value": "3276",
    "unit": "℃",
    "type": "Int",
    "readonly": true
  },
  {
    "name": "芯层模具左设定值",
    "address": "VW1134",
    "value": "0",
    "unit": "℃",
    "type": "Int",
    "readonly": false
  },
  {
    "name": "芯层模具左实际值",
    "address": "VW334",
    "value": "3276",
    "unit": "℃",
    "type": "Int",
    "readonly": true
  },
  {
    "name": "芯层模具右设定值",
    "address": "VW1136",
    "value": "0",
    "unit": "℃",
    "type": "Int",
    "readonly": false
  },
  {
    "name": "芯层模具右实际值",
    "address": "VW336",
    "value": "3276",
    "unit": "℃",
    "type": "Int",
    "readonly": true
  },
  {
    "name": "外层模具上设定值",
    "address": "VW1138",
    "value": "0",
    "unit": "℃",
    "type": "Int",
    "readonly": false
  },
  {
    "name": "外层模具上实际值",
    "address": "VW338",
    "value": "0",
    "unit": "℃",
    "type": "Int",
    "readonly": true
  },
  {
    "name": "外层模具下设定值",
    "address": "VW1140",
    "value": "0",
    "unit": "℃",
    "type": "Int",
    "readonly": false
  },
  {
    "name": "外层模具下实际值",
    "address": "VW340",
    "value": "0",
    "unit": "℃",
    "type": "Int",
    "readonly": true
  },
  {
    "name": "外层模具左设定值",
    "address": "VW1142",
    "value": "0",
    "unit": "℃",
    "type": "Int",
    "readonly": false
  },
  {
    "name": "外层模具左实际值",
    "address": "VW342",
    "value": "0",
    "unit": "",
    "type": "Int",
    "readonly": true
  },
  {
    "name": "外层模具石设定值",
    "address": "VW344",
    "value": "0",
    "unit": "℃",
    "type": "Int",
    "readonly": false
  },
  {
    "name": "外层模具石实际值",
    "address": "VW344",
    "value": "0",
    "unit": "℃",
    "type": "Int",
    "readonly": true
  },
  {
    "name": "A组合流芯设定值",
    "address": "VW346",
    "value": "0",
    "unit": "℃",
    "type": "Int",
    "readonly": false
  },
  {
    "name": "A组合流芯实际值",
    "address": "VW346",
    "value": "0",
    "unit": "℃",
    "type": "Int",
    "readonly": true
  },
  {
    "name": "A组转接模设定值",
    "address": "VW348",
    "value": "0",
    "unit": "℃",
    "type": "Int",
    "readonly": false
  },
  {
    "name": "A组转接模实际值",
    "address": "VW348",
    "value": "0",
    "unit": "℃",
    "type": "Int",
    "readonly": true
  },
  {
    "name": "A组连接管设定值",
    "address": "VW350",
    "value": "0",
    "unit": "℃",
    "type": "Int",
    "readonly": false
  },
  {
    "name": "A组连接管实际值",
    "address": "VW350",
    "value": "0",
    "unit": "℃",
    "type": "Int",
    "readonly": true
  },
  {
    "name": "B组合流芯设定值",
    "address": "VW352",
    "value": "0",
    "unit": "℃",
    "type": "Int",
    "readonly": false
  },
  {
    "name": "B组合流芯实际值",
    "address": "VW352",
    "value": "0",
    "unit": "℃",
    "type": "Int",
    "readonly": true
  },
  {
    "name": "B组转接模设定值",
    "address": "VW362",
    "value": "0",
    "unit": "℃",
    "type": "Int",
    "readonly": false
  },
  {
    "name": "B组转接模实际值",
    "address": "VW362",
    "value": "0",
    "unit": "℃",
    "type": "Int",
    "readonly": true
  },
  {
    "name": "B组连接管设定值",
    "address": "VW364",
    "value": "0",
    "unit": "℃",
    "type": "Int",
    "readonly": false
  },
  {
    "name": "B组连接管实际值",
    "address": "VW364",
    "value": "0",
    "unit": "℃",
    "type": "Int",
    "readonly": true
  },
  {
    "name": "35A转速设定值",
    "address": "VD508",
    "value": "149.69998168945312",
    "unit": "RPM",
    "type": "Real",
    "readonly": false
  },
  {
    "name": "35A转速实际值",
    "address": "VD532",
    "value": "0",
    "unit": "RPM",
    "type": "Real",
    "readonly": true
  },
  {
    "name": "35A电流设定值",
    "address": "VD2300",
    "value": "0",
    "unit": "%",
    "type": "Real",
    "readonly": false
  },
  {
    "name": "35A电流实际值",
    "address": "VD556",
    "value": "0",
    "unit": "A",
    "type": "Real",
    "readonly": true
  },
  {
    "name": "35B转速设定值",
    "address": "VD212",
    "value": "42.39997863769531",
    "unit": "RPM",
    "type": "Real",
    "readonly": false
  },
  {
    "name": "35B转速实际值",
    "address": "VD236",
    "value": "42.39997863769531",
    "unit": "RPM",
    "type": "Real",
    "readonly": true
  },
  {
    "name": "35B电流设定值",
    "address": "VD3308",
    "value": "0",
    "unit": "%",
    "type": "Real",
    "readonly": false
  },
  {
    "name": "35B电流实际值",
    "address": "VD264",
    "value": "0",
    "unit": "A",
    "type": "Real",
    "readonly": true
  },
  {
    "name": "A组35机1区设定值",
    "address": "VW116",
    "value": "170",
    "unit": "℃",
    "type": "Int",
    "readonly": false
  },
  {
    "name": "A组35机1区实际值",
    "address": "VW118",
    "value": "170",
    "unit": "℃",
    "type": "Int",
    "readonly": true
  },
  {
    "name": "A组35机2区设定值",
    "address": "VW316",
    "value": "38",
    "unit": "℃",
    "type": "Int",
    "readonly": false
  },
  {
    "name": "A组35机2区实际值",
    "address": "VW318",
    "value": "40",
    "unit": "℃",
    "type": "Int",
    "readonly": true
  },
  {
    "name": "A组35机3区设定值",
    "address": "VW368",
    "value": "0",
    "unit": "℃",
    "type": "Int",
    "readonly": false
  },
  {
    "name": "A组35机3区实际值",
    "address": "VW370",
    "value": "0",
    "unit": "℃",
    "type": "Int",
    "readonly": true
  },
  {
    "name": "B组35机1区设定值",
    "address": "VW118",
    "value": "170",
    "unit": "℃",
    "type": "Int",
    "readonly": false
  },
  {
    "name": "B组35机1区实际值",
    "address": "VW370",
    "value": "0",
    "unit": "℃",
    "type": "Int",
    "readonly": true
  },
  {
    "name": "B组35机2区设定值",
    "address": "VW120",
    "value": "0",
    "unit": "℃",
    "type": "Int",
    "readonly": false
  },
  {
    "name": "B组35机2区实际值",
    "address": "VW322",
    "value": "0",
    "unit": "℃",
    "type": "Int",
    "readonly": true
  },
  {
    "name": "B组35机3区设定值",
    "address": "VW112",
    "value": "0",
    "unit": "℃",
    "type": "Int",
    "readonly": false
  },
  {
    "name": "B组35机3区实际值",
    "address": "VW312",
    "value": "0",
    "unit": "℃",
    "type": "Int",
    "readonly": true
  },
  {
    "name": "A组备用1设定值",
    "address": "VW160",
    "value": "0",
    "unit": "℃",
    "type": "Int",
    "readonly": false
  },
  {
    "name": "A组备用1实际值",
    "address": "VW312",
    "value": "0",
    "unit": "℃",
    "type": "Int",
    "readonly": true
  },
  {
    "name": "A组备用2设定值",
    "address": "VW166",
    "value": "0",
    "unit": "℃",
    "type": "Int",
    "readonly": false
  },
  {
    "name": "A组备用2实际值",
    "address": "VW366",
    "value": "0",
    "unit": "℃",
    "type": "Int",
    "readonly": true
  },
  {
    "name": "B组备用1设定值",
    "address": "VW156",
    "value": "0",
    "unit": "℃",
    "type": "Int",
    "readonly": false
  },
  {
    "name": "B组备用1实际值",
    "address": "VW356",
    "value": "0",
    "unit": "℃",
    "type": "Int",
    "readonly": true
  },
  {
    "name": "B组备用2设定值",
    "address": "VW158",
    "value": "0",
    "unit": "℃",
    "type": "Int",
    "readonly": false
  },
  {
    "name": "B组备用2实际值",
    "address": "VW358",
    "value": "0",
    "unit": "℃",
    "type": "Int",
    "readonly": true
  },
  {
    "name": "25B转速设定值",
    "address": "VD212",
    "value": "42.39997863769531",
    "unit": "RPM",
    "type": "Real",
    "readonly": false
  },
  {
    "name": "25B转速实际值",
    "address": "VD532",
    "value": "0",
    "unit": "RPM",
    "type": "Real",
    "readonly": true
  },
  {
    "name": "25B电流设定值",
    "address": "VD2300",
    "value": "0",
    "unit": "%",
    "type": "Real",
    "readonly": false
  },
  {
    "name": "25B电流实际值",
    "address": "VD556",
    "value": "0",
    "unit": "A",
    "type": "Real",
    "readonly": true
  },
  {
    "name": "25A转速设定值",
    "address": "VD208",
    "value": "5.299997329711914",
    "unit": "RPM",
    "type": "Real",
    "readonly": false
  },
  {
    "name": "25A转速实际值",
    "address": "VD232",
    "value": "0",
    "unit": "RPM",
    "type": "Real",
    "readonly": true
  },
  {
    "name": "25A电流设定值",
    "address": "VD3300",
    "value": "0",
    "unit": "%",
    "type": "Real",
    "readonly": false
  },
  {
    "name": "25A电流实际值",
    "address": "VD256",
    "value": "0",
    "unit": "A",
    "type": "Real",
    "readonly": true
  },
  {
    "name": "B组25机1区设定值",
    "address": "VW102",
    "value": "145",
    "unit": "℃",
    "type": "Int",
    "readonly": false
  },
  {
    "name": "B组25机1区实际值",
    "address": "VW104",
    "value": "220",
    "unit": "℃",
    "type": "Int",
    "readonly": true
  },
  {
    "name": "B组25机2区设定值",
    "address": "VW104",
    "value": "220",
    "unit": "℃",
    "type": "Int",
    "readonly": false
  },
  {
    "name": "B组25机2区实际值",
    "address": "VW304",
    "value": "218",
    "unit": "℃",
    "type": "Int",
    "readonly": true
  },
  {
    "name": "B组25机3区设定值",
    "address": "VW106",
    "value": "220",
    "unit": "℃",
    "type": "Int",
    "readonly": false
  },
  {
    "name": "B组25机3区实际值",
    "address": "VW306",
    "value": "215",
    "unit": "℃",
    "type": "Int",
    "readonly": true
  },
  {
    "name": "A组25机1区设定值",
    "address": "VW108",
    "value": "145",
    "unit": "℃",
    "type": "Int",
    "readonly": false
  },
  {
    "name": "A组25机1区实际值",
    "address": "VW308",
    "value": "36",
    "unit": "℃",
    "type": "Int",
    "readonly": true
  },
  {
    "name": "A组25机2区设定值",
    "address": "VW116",
    "value": "170",
    "unit": "℃",
    "type": "Int",
    "readonly": false
  },
  {
    "name": "A组25机2区实际值",
    "address": "VW316",
    "value": "38",
    "unit": "℃",
    "type": "Int",
    "readonly": true
  },
  {
    "name": "A组25机3区设定值",
    "address": "VW118",
    "value": "170",
    "unit": "℃",
    "type": "Int",
    "readonly": false
  },
  {
    "name": "A组25机3区实际值",
    "address": "VW318",
    "value": "40",
    "unit": "℃",
    "type": "Int",
    "readonly": true
  },
  {
    "name": "25B共挤备用1设定值",
    "address": "VW130",
    "value": "0",
    "unit": "℃",
    "type": "Int",
    "readonly": false
  },
  {
    "name": "25B共挤备用1实际值",
    "address": "VW330",
    "value": "3276",
    "unit": "℃",
    "type": "Int",
    "readonly": true
  },
  {
    "name": "25B共挤备用2设定值",
    "address": "VW132",
    "value": "0",
    "unit": "℃",
    "type": "Int",
    "readonly": false
  },
  {
    "name": "25B共挤备用2实际值",
    "address": "VW332",
    "value": "3276",
    "unit": "℃",
    "type": "Int",
    "readonly": true
  },
  {
    "name": "25A共挤备用1设定值",
    "address": "VW134",
    "value": "0",
    "unit": "℃",
    "type": "Int",
    "readonly": false
  },
  {
    "name": "25A共挤备用1实际值",
    "address": "VW334",
    "value": "3276",
    "unit": "℃",
    "type": "Int",
    "readonly": true
  },
  {
    "name": "25A共挤备用2设定值",
    "address": "VW136",
    "value": "0",
    "unit": "℃",
    "type": "Int",
    "readonly": false
  },
  {
    "name": "25A共挤备用2实际值",
    "address": "VW336",
    "value": "3276",
    "unit": "℃",
    "type": "Int",
    "readonly": true
  }
]
详情: 记录ID: 18, 机台ID: 1
返回结果:
{
  "success": true,
  "results": {
    "主机转速设定值": true,
    "主机转速实际值": "只读参数，跳过写入",
    "主机电流值": "只读参数，跳过写入",
    "喂料转速设定值": true,
    "喂料转速实际值": "只读参数，跳过写入",
    "喂料电流负载占比": "只读参数，跳过写入",
    "喂料电流值": "只读参数，跳过写入",
    "65机筒1区设定值": true,
    "65机筒1区实际值": "只读参数，跳过写入",
    "65机筒2区设定值": true,
    "65机筒2区实际值": "只读参数，跳过写入",
    "65机筒3区设定值": true,
    "65机筒3区实际值": "只读参数，跳过写入",
    "65机筒4区设定值": true,
    "65机筒4区实际值": "只读参数，跳过写入",
    "65机合流芯设定值": true,
    "65机合流芯实际值": "只读参数，跳过写入",
    "芯层模具上设定值": true,
    "芯层模具上实际值": "只读参数，跳过写入",
    "芯层模具下设定值": true,
    "芯层模具下实际值": "只读参数，跳过写入",
    "芯层模具左设定值": true,
    "芯层模具左实际值": "只读参数，跳过写入",
    "芯层模具右设定值": true,
    "芯层模具右实际值": "只读参数，跳过写入",
    "外层模具上设定值": true,
    "外层模具上实际值": "只读参数，跳过写入",
    "外层模具下设定值": true,
    "外层模具下实际值": "只读参数，跳过写入",
    "外层模具左设定值": true,
    "外层模具左实际值": "只读参数，跳过写入",
    "外层模具石设定值": true,
    "外层模具石实际值": "只读参数，跳过写入",
    "A组合流芯设定值": true,
    "A组合流芯实际值": "只读参数，跳过写入",
    "A组转接模设定值": true,
    "A组转接模实际值": "只读参数，跳过写入",
    "A组连接管设定值": true,
    "A组连接管实际值": "只读参数，跳过写入",
    "B组合流芯设定值": true,
    "B组合流芯实际值": "只读参数，跳过写入",
    "B组转接模设定值": true,
    "B组转接模实际值": "只读参数，跳过写入",
    "B组连接管设定值": true,
    "B组连接管实际值": "只读参数，跳过写入",
    "35A转速设定值": true,
    "35A转速实际值": "只读参数，跳过写入",
    "35A电流设定值": true,
    "35A电流实际值": "只读参数，跳过写入",
    "35B转速设定值": true,
    "35B转速实际值": "只读参数，跳过写入",
    "35B电流设定值": true,
    "35B电流实际值": "只读参数，跳过写入",
    "A组35机1区设定值": true,
    "A组35机1区实际值": "只读参数，跳过写入",
    "A组35机2区设定值": true,
    "A组35机2区实际值": "只读参数，跳过写入",
    "A组35机3区设定值": true,
    "A组35机3区实际值": "只读参数，跳过写入",
    "B组35机1区设定值": true,
    "B组35机1区实际值": "只读参数，跳过写入",
    "B组35机2区设定值": true,
    "B组35机2区实际值": "只读参数，跳过写入",
    "B组35机3区设定值": true,
    "B组35机3区实际值": "只读参数，跳过写入",
    "A组备用1设定值": true,
    "A组备用1实际值": "只读参数，跳过写入",
    "A组备用2设定值": true,
    "A组备用2实际值": "只读参数，跳过写入",
    "B组备用1设定值": true,
    "B组备用1实际值": "只读参数，跳过写入",
    "B组备用2设定值": true,
    "B组备用2实际值": "只读参数，跳过写入",
    "25B转速设定值": true,
    "25B转速实际值": "只读参数，跳过写入",
    "25B电流设定值": true,
    "25B电流实际值": "只读参数，跳过写入",
    "25A转速设定值": true,
    "25A转速实际值": "只读参数，跳过写入",
    "25A电流设定值": true,
    "25A电流实际值": "只读参数，跳过写入",
    "B组25机1区设定值": true,
    "B组25机1区实际值": "只读参数，跳过写入",
    "B组25机2区设定值": true,
    "B组25机2区实际值": "只读参数，跳过写入",
    "B组25机3区设定值": true,
    "B组25机3区实际值": "只读参数，跳过写入",
    "A组25机1区设定值": true,
    "A组25机1区实际值": "只读参数，跳过写入",
    "A组25机2区设定值": true,
    "A组25机2区实际值": "只读参数，跳过写入",
    "A组25机3区设定值": true,
    "A组25机3区实际值": "只读参数，跳过写入",
    "25B共挤备用1设定值": true,
    "25B共挤备用1实际值": "只读参数，跳过写入",
    "25B共挤备用2设定值": true,
    "25B共挤备用2实际值": "只读参数，跳过写入",
    "25A共挤备用1设定值": true,
    "25A共挤备用1实际值": "只读参数，跳过写入",
    "25A共挤备用2设定值": true,
    "25A共挤备用2实际值": "只读参数，跳过写入"
  }
}
------------------------------------------------------------
